2.288000900000000183e+04 1.053187000000000095e+00 1.070742169745590555e+00
2.288013499999999840e+04 1.056629000000000040e+00 1.073294942901900528e+00
2.288025999999999840e+04 1.063685999999999909e+00 1.075008348008081205e+00
2.288038600000000224e+04 1.060923000000000060e+00 1.076280016605754897e+00
2.288051100000000224e+04 1.047595999999999972e+00 1.077392180854029657e+00
2.288063600000000224e+04 1.061871000000000009e+00 1.078498686814445717e+00
2.288076199999999881e+04 1.071593999999999935e+00 1.079662240857196975e+00
2.288088699999999881e+04 1.059965999999999964e+00 1.080875618264737881e+00
2.288101300000000265e+04 1.057625000000000037e+00 1.082156310369295715e+00
2.288113800000000265e+04 1.059390000000000054e+00 1.083379126141406301e+00
2.288126299999999901e+04 1.091401000000000066e+00 1.084296973029329925e+00
2.288138899999999921e+04 1.082632999999999956e+00 1.084694579785822288e+00
2.288151399999999921e+04 1.061366000000000032e+00 1.084601093111412284e+00
2.288163899999999921e+04 1.062867999999999924e+00 1.084193414906429842e+00
2.288176499999999942e+04 1.073696999999999901e+00 1.083604548340852736e+00
2.288188999999999942e+04 1.075496000000000008e+00 1.082964938519875409e+00
2.288201599999999962e+04 1.069275999999999893e+00 1.082384681848855834e+00
2.288214099999999962e+04 1.055811999999999973e+00 1.081968951263163836e+00
2.288226600000000326e+04 1.061110999999999915e+00 1.081743257240233014e+00
2.288239199999999983e+04 1.070319000000000020e+00 1.081690329252451344e+00
2.288251699999999983e+04 1.067787999999999959e+00 1.081784321162268414e+00
2.288264199999999983e+04 1.082200999999999969e+00 1.081912692523436359e+00
2.288276800000000367e+04 1.077809999999999935e+00 1.081889007459329921e+00
2.288289300000000367e+04 1.065854999999999997e+00 1.081639240640873689e+00
2.288301800000000003e+04 1.085279000000000105e+00 1.081172179490366370e+00
2.288314400000000023e+04 1.072055999999999898e+00 1.080468488130074567e+00
2.288326900000000023e+04 1.082014000000000031e+00 1.079636273524762657e+00
2.288339400000000023e+04 1.101053000000000059e+00 1.078793901272879108e+00
2.288352000000000044e+04 1.093247999999999998e+00 1.078010837376064401e+00
2.288364500000000044e+04 1.076839000000000102e+00 1.077305737860631885e+00
2.288377000000000044e+04 1.090702999999999978e+00 1.076626155103323157e+00
2.288389600000000064e+04 1.055166000000000048e+00 1.075953543455983485e+00
2.288402100000000064e+04 1.069520999999999944e+00 1.075272539011517647e+00
2.288414599999999700e+04 1.073007999999999962e+00 1.074579163441894858e+00
2.288427200000000084e+04 1.071166000000000063e+00 1.073951050976529542e+00
2.288439700000000084e+04 1.056256000000000084e+00 1.073487190053570073e+00
2.288452200000000084e+04 1.086186000000000096e+00 1.073153588981377471e+00
2.288464799999999741e+04 1.064726000000000061e+00 1.072865118407045237e+00
2.288477299999999741e+04 1.071763999999999939e+00 1.072607536809889517e+00
2.288489799999999741e+04 1.067031999999999980e+00 1.072395292943700618e+00
2.288502400000000125e+04 1.064924999999999899e+00 1.072185592804371090e+00
2.288514900000000125e+04 1.070426000000000100e+00 1.071888177133793141e+00
2.288527400000000125e+04 1.061280000000000001e+00 1.071448950915074194e+00
2.288539999999999782e+04 1.073458000000000023e+00 1.070915006815921666e+00
2.288552500000000146e+04 1.061317000000000066e+00 1.070432586903700356e+00
2.288565000000000146e+04 1.083101000000000091e+00 1.070055242955570973e+00
2.288577500000000146e+04 1.079252000000000100e+00 1.069731091182748006e+00
2.288590099999999802e+04 1.059593000000000007e+00 1.069370354033745585e+00
2.288602599999999802e+04 1.076707000000000081e+00 1.068799569224104129e+00
2.288615099999999802e+04 1.062658000000000103e+00 1.067636644570857385e+00
2.288627599999999802e+04 1.036588999999999983e+00 1.065379972570114298e+00
2.288640200000000186e+04 1.053654000000000091e+00 1.061890769493056164e+00
2.288652700000000186e+04 1.041787999999999936e+00 1.057733288466507160e+00
2.288665200000000186e+04 1.042815000000000047e+00 1.053395649371384302e+00
2.288677799999999843e+04 1.042451000000000016e+00 1.048983421228550927e+00
2.288690299999999843e+04 1.025635999999999992e+00 1.044529971367451182e+00
2.288702799999999843e+04 1.036575000000000024e+00 1.039955083701892269e+00
2.288715299999999843e+04 1.020469999999999988e+00 1.035227775416985407e+00
2.288727899999999863e+04 1.009432000000000107e+00 1.030445362337502280e+00
2.288740399999999863e+04 1.029806999999999917e+00 1.025846816402341766e+00
2.288752899999999863e+04 1.001387000000000027e+00 1.021438936020971022e+00
2.288765399999999863e+04 1.007991000000000081e+00 1.017290410137289269e+00
2.288778000000000247e+04 1.015416000000000096e+00 1.013519235600177648e+00
2.288790500000000247e+04 9.981520000000000392e-01 1.010327972644048611e+00
2.288803000000000247e+04 9.900320000000000231e-01 1.007773704753752053e+00
2.288815500000000247e+04 1.005513000000000101e+00 1.005893624595276092e+00
2.288828000000000247e+04 1.005989999999999940e+00 1.004665405159091751e+00
2.288840599999999904e+04 9.914439999999999920e-01 1.004057379155943952e+00
2.288853099999999904e+04 9.835880000000000178e-01 1.004105337909739770e+00
2.288865599999999904e+04 9.963539999999999619e-01 1.004809957474556814e+00
2.288878099999999904e+04 9.859660000000000091e-01 1.006090783986618664e+00
2.288890699999999924e+04 1.003033999999999981e+00 1.007844356426693899e+00
2.288903199999999924e+04 1.004138999999999893e+00 1.009948437621191575e+00
2.288915699999999924e+04 9.823889999999999567e-01 1.012399599599346667e+00
2.288928199999999924e+04 9.904779999999999696e-01 1.015245742875274582e+00
2.288940699999999924e+04 1.014690000000000092e+00 1.018415578704122693e+00
2.288953300000000309e+04 1.014537999999999940e+00 1.021667084779289691e+00
2.288965800000000309e+04 1.015250999999999904e+00 1.024778127054078114e+00
2.288978300000000309e+04 1.028985999999999956e+00 1.027823144757938678e+00
2.288990799999999945e+04 1.008930000000000105e+00 1.030690665764287361e+00
2.289003299999999945e+04 1.020769999999999955e+00 1.033255582908277237e+00
2.289015799999999945e+04 1.033584000000000058e+00 1.035731613447470556e+00
2.289028399999999965e+04 1.023174000000000028e+00 1.038176672498982045e+00
2.289040899999999965e+04 1.019894000000000078e+00 1.040378619294867413e+00
2.289053399999999965e+04 1.029414999999999969e+00 1.042282769007618404e+00
2.289065900000000329e+04 1.035759000000000096e+00 1.043469429476307386e+00
2.289078400000000329e+04 1.007729000000000097e+00 1.043588654580444475e+00
2.289090999999999985e+04 1.038143000000000038e+00 1.042914608103619356e+00
2.289103499999999985e+04 1.019120000000000026e+00 1.041730250557056037e+00
2.289115999999999985e+04 1.008383000000000029e+00 1.039932491223418021e+00
2.289128499999999985e+04 1.005193000000000003e+00 1.037556692736448127e+00
2.289140999999999985e+04 1.030562999999999896e+00 1.034959981060758372e+00
2.289153499999999985e+04 1.004248000000000030e+00 1.032435545307033076e+00
2.289165999999999985e+04 1.005036999999999958e+00 1.030163329690983565e+00
2.289178600000000006e+04 1.015949999999999909e+00 1.028149013324442862e+00
2.289191100000000006e+04 9.919649999999999856e-01 1.026357172150699659e+00
2.289203600000000006e+04 9.963870000000000227e-01 1.024839859609596449e+00
2.289216100000000006e+04 9.880339999999999678e-01 1.023661745812876722e+00
2.289228600000000006e+04 9.721640000000000281e-01 1.022846926256183453e+00
2.289241100000000006e+04 1.002982000000000040e+00 1.022511628432252628e+00
2.289253600000000006e+04 9.957709999999999617e-01 1.022749400876553194e+00
2.289266200000000026e+04 1.000251999999999919e+00 1.023533989874305883e+00
2.289278700000000026e+04 1.003964000000000079e+00 1.024701734117112295e+00
2.289291200000000026e+04 1.010648999999999909e+00 1.026127551710870112e+00
2.289303700000000026e+04 1.013158999999999921e+00 1.027800086102288901e+00
2.289316200000000026e+04 1.015306000000000042e+00 1.029763597991609325e+00
2.289328700000000026e+04 1.005189000000000110e+00 1.032074361149137420e+00
2.289341200000000026e+04 1.021999000000000102e+00 1.034771431285455678e+00
2.289353700000000026e+04 1.001452999999999927e+00 1.037862846834382013e+00
2.289366200000000026e+04 1.025114999999999998e+00 1.041337872672233544e+00
2.289378800000000047e+04 1.041489000000000109e+00 1.045050257469591459e+00
2.289391300000000047e+04 1.031333000000000055e+00 1.048544377467982347e+00
2.289403800000000047e+04 1.029717999999999911e+00 1.051668716209065657e+00
2.289416300000000047e+04 1.047787999999999942e+00 1.054461983857449603e+00
2.289428800000000047e+04 1.046699999999999964e+00 1.056537278129346502e+00
2.289441300000000047e+04 1.052189999999999959e+00 1.057368386458923393e+00
2.289453800000000047e+04 1.037768000000000024e+00 1.056939189363898857e+00
2.289466300000000047e+04 1.055647999999999920e+00 1.055249317544088905e+00
2.289478800000000047e+04 1.041083999999999898e+00 1.052068939557976979e+00
2.289491300000000047e+04 1.032267999999999963e+00 1.047551561750615701e+00
2.289503800000000047e+04 1.044824999999999893e+00 1.042268991059155381e+00
2.289516299999999683e+04 1.015968999999999900e+00 1.036738898868524439e+00
2.289528799999999683e+04 1.011249999999999982e+00 1.031318931103290870e+00
2.289541400000000067e+04 9.998650000000000038e-01 1.025978163986151381e+00
2.289553900000000067e+04 9.991809999999999858e-01 1.020609376964562554e+00
2.289566400000000067e+04 9.944140000000000201e-01 1.015196106453243763e+00
2.289578900000000067e+04 1.009695000000000009e+00 1.010008686332455996e+00
2.289591400000000067e+04 1.002218000000000053e+00 1.005211476156130157e+00
2.289603900000000067e+04 1.000310000000000032e+00 1.000857651391736436e+00
2.289616399999999703e+04 9.843140000000000223e-01 9.969865591004012373e-01
2.289628899999999703e+04 9.872199999999999864e-01 9.935398481176835883e-01
2.289641399999999703e+04 9.748919999999999808e-01 9.906356120790785758e-01
2.289653899999999703e+04 9.765829999999999789e-01 9.884083727466317360e-01
2.289666400000000067e+04 9.872389999999999777e-01 9.867477380222144934e-01
2.289678900000000067e+04 9.797970000000000290e-01 9.855018820926053635e-01
2.289691400000000067e+04 9.712089999999999890e-01 9.846061306305209371e-01
2.289703900000000067e+04 9.767620000000000191e-01 9.841417798112842563e-01
2.289716400000000067e+04 9.770849999999999813e-01 9.840979247364616267e-01
2.289728900000000067e+04 9.842330000000000245e-01 9.844082433651546449e-01
2.289741400000000067e+04 9.672650000000000414e-01 9.852164858126847280e-01
2.289753900000000067e+04 9.832509999999999861e-01 9.867806653064126188e-01
2.289766400000000067e+04 9.770050000000000123e-01 9.892656567327511308e-01
2.289778900000000067e+04 9.758850000000000025e-01 9.927244994002033529e-01
2.289791400000000067e+04 9.855460000000000331e-01 9.971778240855470044e-01
2.290053900000000067e+04 1.005479000000000012e+00 1.006255944738476016e+00
2.290066300000000047e+04 1.006242000000000081e+00 1.004256714463306110e+00
2.290078799999999683e+04 1.011152000000000051e+00 1.002790825564513044e+00
2.290091299999999683e+04 1.021821000000000090e+00 1.002045315028516459e+00
2.290103799999999683e+04 1.017692000000000041e+00 1.002054762756489970e+00
2.290116300000000047e+04 1.017732999999999999e+00 1.002609050523997958e+00
2.290128800000000047e+04 1.028993000000000047e+00 1.003412503449407023e+00
2.290141300000000047e+04 1.008016999999999941e+00 1.004401952228434869e+00
2.290153800000000047e+04 9.989959999999999951e-01 1.005609653888428046e+00
2.290166300000000047e+04 1.006672999999999929e+00 1.006991665259522772e+00
2.290178800000000047e+04 1.038937999999999917e+00 1.008596685175948471e+00
2.290191300000000047e+04 1.031131999999999938e+00 1.010491995615788285e+00
2.290203800000000047e+04 1.024815999999999949e+00 1.012532169246955993e+00
2.290216300000000047e+04 1.003997000000000028e+00 1.014724219665428917e+00
2.290228700000000026e+04 1.022928999999999977e+00 1.017335501165457456e+00
2.290241200000000026e+04 1.006866000000000039e+00 1.020574847844152755e+00
2.290253700000000026e+04 1.011169999999999902e+00 1.024399982179782231e+00
2.290266200000000026e+04 1.033927999999999958e+00 1.028663796399447383e+00
2.290278700000000026e+04 1.040332000000000034e+00 1.033090405034313486e+00
2.290291200000000026e+04 1.033878999999999992e+00 1.037201686995253169e+00
2.290303700000000026e+04 1.042302999999999980e+00 1.040036946074997637e+00
2.290316200000000026e+04 1.050720000000000098e+00 1.040034911501095838e+00
2.290328700000000026e+04 1.035190000000000055e+00 1.036335549194934202e+00
2.290341100000000006e+04 1.026917999999999997e+00 1.029893923260257749e+00
2.290353600000000006e+04 1.017357000000000067e+00 1.022193012677393931e+00
2.290366100000000006e+04 1.003845000000000098e+00 1.014224443326943836e+00
2.290378600000000006e+04 1.014312000000000102e+00 1.006307471608633763e+00
2.290391100000000006e+04 9.964659999999999629e-01 9.985429810184666133e-01
2.290403600000000006e+04 9.718790000000000484e-01 9.908136458808503022e-01
2.290416100000000006e+04 9.698250000000000481e-01 9.829066015794972744e-01
2.290428499999999985e+04 9.668750000000000400e-01 9.750103824100303518e-01
2.290440999999999985e+04 9.382960000000000189e-01 9.675066902716814576e-01
2.290453499999999985e+04 9.438410000000000410e-01 9.608400514710335738e-01
2.290465999999999985e+04 9.424620000000000219e-01 9.551211173897030671e-01
2.290478499999999985e+04 9.465000000000000080e-01 9.503742772402428152e-01
2.290490999999999985e+04 9.541089999999999849e-01 9.466625154678577347e-01
2.290503499999999622e+04 9.475940000000000474e-01 9.440890028338926321e-01
2.290515899999999965e+04 9.286799999999999500e-01 9.427237089380016144e-01
2.290528399999999965e+04 9.310009999999999675e-01 9.425290052975089372e-01
2.290540899999999965e+04 9.405710000000000459e-01 9.434158303056063843e-01
2.290553399999999965e+04 9.337509999999999977e-01 9.452573523397816979e-01
2.290565899999999965e+04 9.375620000000000065e-01 9.480164504321912933e-01
2.290578399999999965e+04 9.476599999999999469e-01 9.516655410182897068e-01
2.290590799999999945e+04 9.652929999999999566e-01 9.560896691284703763e-01
2.290603299999999945e+04 9.668980000000000352e-01 9.612603968359538786e-01
2.290615799999999945e+04 9.665209999999999635e-01 9.671287468732004955e-01
2.290628299999999945e+04 9.624850000000000350e-01 9.734914844865583117e-01
2.290640799999999945e+04 9.626200000000000312e-01 9.799096857561878648e-01
2.290653199999999924e+04 1.005163000000000029e+00 9.862961435989522352e-01
2.290665699999999924e+04 9.867029999999999967e-01 9.930983546081828539e-01
2.290678199999999924e+04 1.000342999999999982e+00 1.000451819487979011e+00
2.290690699999999924e+04 1.006947000000000036e+00 1.008322523917222879e+00
2.290703199999999924e+04 1.020302999999999960e+00 1.016539173643695060e+00
2.290715599999999904e+04 1.028562999999999894e+00 1.024851667792067600e+00
2.290728099999999904e+04 1.030459999999999932e+00 1.033166795144452976e+00
2.290740599999999904e+04 1.039932999999999996e+00 1.040799293209088594e+00
2.290753099999999904e+04 1.045946000000000042e+00 1.046577068501255869e+00
2.290765499999999884e+04 1.061333000000000082e+00 1.049443068025017523e+00
2.290777999999999884e+04 1.082038999999999973e+00 1.049460960963248812e+00
2.290790499999999884e+04 1.074723000000000095e+00 1.047537608082838023e+00
2.290802999999999884e+04 1.054731000000000085e+00 1.044681679779287053e+00
2.290815499999999884e+04 1.047782999999999909e+00 1.041448642010479597e+00
2.290827899999999863e+04 1.036864000000000008e+00 1.038059583272153974e+00
2.290840399999999863e+04 1.039657999999999971e+00 1.034646313148454677e+00
2.290852899999999863e+04 1.041730999999999963e+00 1.031492915106061448e+00
2.290865399999999863e+04 1.027903000000000011e+00 1.028717909562330224e+00
2.290877800000000207e+04 1.013338000000000072e+00 1.026293631538109929e+00
2.290890300000000207e+04 1.023482000000000003e+00 1.024151371107307362e+00
2.290902799999999843e+04 1.014984000000000108e+00 1.022332478019684521e+00
2.290915299999999843e+04 1.017193999999999932e+00 1.020843266687541773e+00
2.290927700000000186e+04 1.028029999999999999e+00 1.019752377745970051e+00
2.290940200000000186e+04 1.036429000000000045e+00 1.019091891856436005e+00
2.290952700000000186e+04 1.035528000000000004e+00 1.018809053988029234e+00
2.290965200000000186e+04 1.025911000000000017e+00 1.018805227882154441e+00
2.290977600000000166e+04 1.025716000000000072e+00 1.018981469270124229e+00
2.290990100000000166e+04 1.040845999999999938e+00 1.019237228849155352e+00
2.291002600000000166e+04 1.022285000000000110e+00 1.019490471909683338e+00
2.291014999999999782e+04 1.027552000000000021e+00 1.019651437559708551e+00
2.291027500000000146e+04 1.028281000000000001e+00 1.019587769939405808e+00
2.291040000000000146e+04 1.009157000000000082e+00 1.019132261664489114e+00
2.291052500000000146e+04 1.026818999999999926e+00 1.018279745684942172e+00
2.291064899999999761e+04 1.022895000000000110e+00 1.017401729834452206e+00
2.291077399999999761e+04 1.011026999999999898e+00 1.016629481126124501e+00
2.291089899999999761e+04 1.004963999999999968e+00 1.015911004809117113e+00
2.291102300000000105e+04 1.025171999999999972e+00 1.015298673157151166e+00
2.291114799999999741e+04 1.013786999999999994e+00 1.014887111445098355e+00
2.291127299999999741e+04 1.016653000000000029e+00 1.014679623257398466e+00
2.291139700000000084e+04 1.017161999999999900e+00 1.014735369621469818e+00
2.291152200000000084e+04 1.033163999999999971e+00 1.015067637827350877e+00
2.291164700000000084e+04 1.028653999999999957e+00 1.015667828862525157e+00
2.291177200000000084e+04 1.007274999999999920e+00 1.016297357275388835e+00
2.291189600000000064e+04 1.019876000000000005e+00 1.016643618631658308e+00
2.291202100000000064e+04 1.030540000000000012e+00 1.016652995474824683e+00
2.291214600000000064e+04 1.028448000000000029e+00 1.016329034435333289e+00
2.291227000000000044e+04 1.023951999999999973e+00 1.015644994286057923e+00
2.291239500000000044e+04 1.045390999999999959e+00 1.014742927058259525e+00
2.291252000000000044e+04 1.042871000000000103e+00 1.013800613891736591e+00
2.291264400000000023e+04 1.045533000000000046e+00 1.012799916277502099e+00
2.291276900000000023e+04 1.033096999999999932e+00 1.011514818600929955e+00
2.291289400000000023e+04 1.017330999999999985e+00 1.009482245402840705e+00
2.291301800000000003e+04 1.006904000000000021e+00 1.005798460953930329e+00
2.291314299999999639e+04 1.007230000000000070e+00 9.996052030097070107e-01
2.291326699999999983e+04 9.946390000000000509e-01 9.913475531654489803e-01
2.291339199999999983e+04 9.886319999999999553e-01 9.821097047439878436e-01
2.291351699999999983e+04 9.799050000000000260e-01 9.728877625901310999e-01
2.291364099999999962e+04 9.608550000000000146e-01 9.641148443933575951e-01
2.291376599999999962e+04 9.368269999999999653e-01 9.558275959829402035e-01
2.291389099999999962e+04 9.433300000000000018e-01 9.481242121683182145e-01
2.291401499999999942e+04 9.570380000000000553e-01 9.410697719029976760e-01
2.291413999999999942e+04 9.317860000000000031e-01 9.346191302463882078e-01
2.291426499999999942e+04 9.206849999999999756e-01 9.289711874614949849e-01
2.291438900000000285e+04 9.338009999999999922e-01 9.242905588775668368e-01
2.291451400000000285e+04 9.347600000000000353e-01 9.205252268109617164e-01
2.291463799999999901e+04 9.322340000000000071e-01 9.175904606556075649e-01
2.291476299999999901e+04 9.117790000000000061e-01 9.151060538716372372e-01
2.291488800000000265e+04 9.331610000000000182e-01 9.126815656083872019e-01
2.291501199999999881e+04 9.098770000000000469e-01 9.106498703234437997e-01
2.291513699999999881e+04 9.034569999999999546e-01 9.095685725087245821e-01
2.291526099999999860e+04 9.099990000000000023e-01 9.094017824274750472e-01
2.291538599999999860e+04 9.079490000000000061e-01 9.098876550026320231e-01
2.291551099999999860e+04 9.059709999999999708e-01 9.111090833895779673e-01
2.291563500000000204e+04 9.095349999999999824e-01 9.129294278861683765e-01
2.291576000000000204e+04 9.061050000000000493e-01 9.151756174218202977e-01
2.291588400000000183e+04 9.037539999999999463e-01 9.178017242304061796e-01
2.291600900000000183e+04 8.959759999999999946e-01 9.211811891898318283e-01
2.291613400000000183e+04 9.092729999999999979e-01 9.253058981438010422e-01
2.291625799999999799e+04 9.044079999999999897e-01 9.297010887060731532e-01
2.291638299999999799e+04 9.132710000000000550e-01 9.343157406848602298e-01
2.291650699999999779e+04 9.338950000000000307e-01 9.394434633199256757e-01
2.291663199999999779e+04 9.148049999999999793e-01 9.453264529897955626e-01
2.291675600000000122e+04 9.352770000000000250e-01 9.516955865210370291e-01
2.291688100000000122e+04 9.478919999999999568e-01 9.584933905678383326e-01
2.291700600000000122e+04 9.549750000000000183e-01 9.655832952235353650e-01
2.291713000000000102e+04 9.628409999999999469e-01 9.727562318951190612e-01
2.291725500000000102e+04 9.701379999999999448e-01 9.797530404002460225e-01
2.291737900000000081e+04 9.884509999999999685e-01 9.855098714546836058e-01
2.291750400000000081e+04 9.786439999999999584e-01 9.888977395831733963e-01
2.291762799999999697e+04 9.937620000000000342e-01 9.893568390463253204e-01
2.291775299999999697e+04 9.779719999999999525e-01 9.871171433580951948e-01
2.291787700000000041e+04 9.691680000000000295e-01 9.824896906066685753e-01
2.291800200000000041e+04 9.660069999999999490e-01 9.759304361645169124e-01
2.291812600000000020e+04 9.679550000000000098e-01 9.686103383986243154e-01
2.291825100000000020e+04 9.571399999999999908e-01 9.612501468392774528e-01
2.291837600000000020e+04 9.595399999999999485e-01 9.542123325004064904e-01
2.291850000000000000e+04 9.496010000000000284e-01 9.476215467394472070e-01
2.291862500000000000e+04 9.366539999999999866e-01 9.414446861485594731e-01
2.291874899999999980e+04 9.259330000000000060e-01 9.359559846885187051e-01
2.291887399999999616e+04 9.261500000000000288e-01 9.312776604040047257e-01
2.291899799999999959e+04 8.940740000000000354e-01 9.275897209078266537e-01
2.291912299999999959e+04 8.885009999999999852e-01 9.247808662951989556e-01
2.291924699999999939e+04 8.994809999999999750e-01 9.226873083929111319e-01
2.291937199999999939e+04 9.002269999999999994e-01 9.211554094790705971e-01
2.291949600000000282e+04 8.964830000000000298e-01 9.202613455972262768e-01
2.291962100000000282e+04 8.858380000000000143e-01 9.197670561512198972e-01
2.291974499999999898e+04 8.810000000000000053e-01 9.192606273193506539e-01
2.291987000000000262e+04 8.901000000000000023e-01 9.189313086111426943e-01
2.291999399999999878e+04 9.146309999999999718e-01 9.191124801626884278e-01
2.292011899999999878e+04 8.959129999999999594e-01 9.196288631528686253e-01
2.292024299999999857e+04 9.063360000000000305e-01 9.201996777932097693e-01
2.292036799999999857e+04 8.850010000000000376e-01 9.211023646168267076e-01
2.292049200000000201e+04 8.947300000000000253e-01 9.226008063106350132e-01
2.292061700000000201e+04 8.866169999999999884e-01 9.246052038449970034e-01
2.292074099999999817e+04 8.998479999999999812e-01 9.270146421484403154e-01
2.292086499999999796e+04 9.059329999999999883e-01 9.301076223929474196e-01
2.292098999999999796e+04 9.110390000000000432e-01 9.341218388442088516e-01
2.292111400000000140e+04 9.052860000000000351e-01 9.388972341825428947e-01
2.292123900000000140e+04 9.217790000000000150e-01 9.444436315908664170e-01
2.292136300000000119e+04 9.251840000000000064e-01 9.507094129333668597e-01
2.292148800000000119e+04 9.396870000000000500e-01 9.577650727418675070e-01
2.292161199999999735e+04 9.544820000000000526e-01 9.654205698725749629e-01
2.292173700000000099e+04 9.486240000000000228e-01 9.736948740882718223e-01
2.292186099999999715e+04 9.702549999999999786e-01 9.821945622307727275e-01
2.292198599999999715e+04 9.633380000000000276e-01 9.904400027299480325e-01
2.292211000000000058e+04 9.854500000000000481e-01 9.971570897093223751e-01
2.292223400000000038e+04 1.005130000000000079e+00 1.001184148840339461e+00
2.292235900000000038e+04 1.000108999999999915e+00 1.002362218221492185e+00
2.292248299999999654e+04 9.692439999999999944e-01 1.001838889168506386e+00
2.292260800000000381e+04 9.823589999999999822e-01 1.000795152773205299e+00
2.292273199999999997e+04 1.003276000000000057e+00 9.997189265040277162e-01
2.292285699999999997e+04 1.016869000000000023e+00 9.986852299799824362e-01
2.292298099999999977e+04 9.909649999999999848e-01 9.976509659462164947e-01
2.292310500000000320e+04 9.883769999999999500e-01 9.963590890597036065e-01
2.292322999999999956e+04 9.620750000000000135e-01 9.942514625780154436e-01
2.292335399999999936e+04 9.598379999999999690e-01 9.910511171747182768e-01
2.292347900000000300e+04 9.756299999999999972e-01 9.870618952772366450e-01
2.292360299999999916e+04 9.814180000000000126e-01 9.829317216391565415e-01
2.292372799999999916e+04 9.840449999999999475e-01 9.789378232771310806e-01
2.292385199999999895e+04 9.890409999999999480e-01 9.751056879871872196e-01
2.292397600000000239e+04 9.647400000000000420e-01 9.712440403400389721e-01
2.292410100000000239e+04 9.407290000000000374e-01 9.671471937669761099e-01
2.292422499999999854e+04 9.551570000000000338e-01 9.629043511670796196e-01
2.292434899999999834e+04 9.621709999999999985e-01 9.588033051900705095e-01
2.292447399999999834e+04 9.328109999999999458e-01 9.548802962103177805e-01
2.292459800000000178e+04 9.491209999999999924e-01 9.510610716877581083e-01
2.292472300000000178e+04 9.483810000000000295e-01 9.472675615927887982e-01
2.292484700000000157e+04 9.390220000000000233e-01 9.437615441773586911e-01
2.292497099999999773e+04 9.596679999999999655e-01 9.408713318412936788e-01
2.292509599999999773e+04 9.980329999999999480e-01 9.389006234759055269e-01
2.292522000000000116e+04 9.635320000000000551e-01 9.380228881386513118e-01
2.292534400000000096e+04 9.647040000000000060e-01 9.381944021035566461e-01
2.292546900000000096e+04 9.626930000000000209e-01 9.392569540557366148e-01
2.292559300000000076e+04 9.509199999999999875e-01 9.409875314421545234e-01
2.292571800000000076e+04 9.337739999999999929e-01 9.432991291912520282e-01
2.292584199999999691e+04 9.627630000000000354e-01 9.462017595406795323e-01
2.292596600000000035e+04 9.611610000000000431e-01 9.498400032246321345e-01
2.292609100000000035e+04 9.735239999999999450e-01 9.543069137152001558e-01
2.292621500000000015e+04 9.808780000000000276e-01 9.594712100074115346e-01
2.292633899999999630e+04 9.768149999999999888e-01 9.651612561022498982e-01
2.292646400000000358e+04 9.898919999999999941e-01 9.709239815538622809e-01
2.292658799999999974e+04 9.970900000000000318e-01 9.760613914089411036e-01
2.292671199999999953e+04 9.897519999999999651e-01 9.805515049346064105e-01
2.292683699999999953e+04 1.000261999999999984e+00 9.849757097085288793e-01
2.292696100000000297e+04 1.005139000000000005e+00 9.897148488450669968e-01
2.292708499999999913e+04 1.018860000000000099e+00 9.947944472483836176e-01
2.292720999999999913e+04 1.028542999999999985e+00 9.999106614687155448e-01
2.292733399999999892e+04 1.020914000000000099e+00 1.004745351199183734e+00
2.292745800000000236e+04 1.018337000000000048e+00 1.009543899740146466e+00
2.292758299999999872e+04 1.041009000000000073e+00 1.014113157367236617e+00
2.292770700000000215e+04 1.046958999999999973e+00 1.017739874241823106e+00
2.292783099999999831e+04 1.051995999999999931e+00 1.020376077793527791e+00
2.292795599999999831e+04 1.041862999999999984e+00 1.022476050817596738e+00
2.292807999999999811e+04 1.030100000000000016e+00 1.024404199656969050e+00
2.292820400000000154e+04 1.037430999999999992e+00 1.026337500965335714e+00
2.292832799999999770e+04 1.057039999999999980e+00 1.028229158228353146e+00
2.292845300000000134e+04 1.069989999999999997e+00 1.030090712456817492e+00
2.292857699999999750e+04 1.049973000000000045e+00 1.031986241533175752e+00
2.292870100000000093e+04 1.044588999999999990e+00 1.034082129502996050e+00
2.292882600000000093e+04 1.071368000000000098e+00 1.036378381216473743e+00
2.292895000000000073e+04 1.070465999999999918e+00 1.038674339211883124e+00
2.292907399999999689e+04 1.080113000000000101e+00 1.040804680824314099e+00
2.292919800000000032e+04 1.058378999999999959e+00 1.042717766670155033e+00
2.292932300000000032e+04 1.068424999999999958e+00 1.044546576466759857e+00
2.292944700000000012e+04 1.065685999999999911e+00 1.046421570021350611e+00
2.292957100000000355e+04 1.081045999999999951e+00 1.048476154083455514e+00
2.292969599999999991e+04 1.068931999999999993e+00 1.050765828643817956e+00
2.292981999999999971e+04 1.069857999999999976e+00 1.053113089462797136e+00
2.292994399999999951e+04 1.072818999999999967e+00 1.055218712237976142e+00
2.293006800000000294e+04 1.066319999999999935e+00 1.056818583175852089e+00
2.293019299999999930e+04 1.058883000000000019e+00 1.057898964633050554e+00
2.293031699999999910e+04 1.079919999999999991e+00 1.058574284895765105e+00
2.293044099999999889e+04 1.095244000000000106e+00 1.058866167516710588e+00
2.293056500000000233e+04 1.098867000000000038e+00 1.058513022184826902e+00
2.293068999999999869e+04 1.084295000000000009e+00 1.057290740672533147e+00
2.293081400000000212e+04 1.073172999999999933e+00 1.055385210101906779e+00
2.293093799999999828e+04 1.055306000000000077e+00 1.052952647694312738e+00
2.293106199999999808e+04 1.043649000000000049e+00 1.050071836715301909e+00
2.293118600000000151e+04 1.058286999999999978e+00 1.047036653028536435e+00
2.293131100000000151e+04 1.057333000000000078e+00 1.044161392064100635e+00
2.293143499999999767e+04 1.046132999999999980e+00 1.041599671372424263e+00
2.293155899999999747e+04 1.052054999999999962e+00 1.039061852043019929e+00
2.293168300000000090e+04 1.048632000000000009e+00 1.036047659490179962e+00
2.293180800000000090e+04 1.045963999999999894e+00 1.032635988179980258e+00
2.293193200000000070e+04 1.026043999999999956e+00 1.029426804979175269e+00
2.293205599999999686e+04 1.023522000000000043e+00 1.026671178213093727e+00
2.293218000000000029e+04 1.024815999999999949e+00 1.024435322060154308e+00
2.293230400000000009e+04 1.028086999999999973e+00 1.022709173796388482e+00
2.293242900000000009e+04 1.018243000000000009e+00 1.021409949195549283e+00
2.293255300000000352e+04 1.015454000000000079e+00 1.020501058491132040e+00
2.293267699999999968e+04 1.002660000000000107e+00 1.019872849940715032e+00
2.293280099999999948e+04 1.003868999999999900e+00 1.019443974872924041e+00
2.293292500000000291e+04 1.016682000000000086e+00 1.019285316100903449e+00
2.293305000000000291e+04 1.020899000000000001e+00 1.019556883972618122e+00
2.293317399999999907e+04 1.008763999999999994e+00 1.020373759959115167e+00
2.293329799999999886e+04 1.025840000000000085e+00 1.021768137734865078e+00
2.293342200000000230e+04 1.025225999999999971e+00 1.023676909630736542e+00
2.293354599999999846e+04 1.040008999999999961e+00 1.025995181073520612e+00
2.293366999999999825e+04 1.022588999999999970e+00 1.028618232020283463e+00
2.293379499999999825e+04 1.048454999999999915e+00 1.031455880026907357e+00
2.293391900000000169e+04 1.045112999999999959e+00 1.034398968946159236e+00
2.293404300000000148e+04 1.058945000000000025e+00 1.037465773560875659e+00
2.293416699999999764e+04 1.030138999999999916e+00 1.040595941175837869e+00
2.293429100000000108e+04 1.044413999999999954e+00 1.043654878108015494e+00
2.293441500000000087e+04 1.059042999999999957e+00 1.046495379676948057e+00
2.293454000000000087e+04 1.051989999999999981e+00 1.048971788952350881e+00
2.293466399999999703e+04 1.033026999999999918e+00 1.050839502604904663e+00
2.293478800000000047e+04 1.039860999999999924e+00 1.051867598747242338e+00
2.293491200000000026e+04 1.034575000000000022e+00 1.051429296160026450e+00
2.293503600000000370e+04 1.056289999999999951e+00 1.048503890465827038e+00
2.293515999999999985e+04 1.057668999999999970e+00 1.042661583226244026e+00
2.293528399999999965e+04 1.042151999999999967e+00 1.034266291436301222e+00
2.293540899999999965e+04 1.030165999999999915e+00 1.023408290363261974e+00
2.293553300000000309e+04 1.022907000000000011e+00 1.010250378710926489e+00
2.293565699999999924e+04 1.015516000000000085e+00 9.950576029101895204e-01
2.293578099999999904e+04 1.004351999999999911e+00 9.786204365094972601e-01
2.293590500000000247e+04 9.700919999999999543e-01 9.610257788476166407e-01
2.293602900000000227e+04 9.496489999999999654e-01 9.420892912486155124e-01
2.293615299999999843e+04 9.316710000000000269e-01 9.220402693912870262e-01
2.293627700000000186e+04 9.144609999999999683e-01 9.011390626286801542e-01
2.293640200000000186e+04 8.962639999999999496e-01 8.793078715335588269e-01
2.293652600000000166e+04 8.651459999999999706e-01 8.571021390917398231e-01
2.293664999999999782e+04 8.435380000000000100e-01 8.351002967118480447e-01
2.293677400000000125e+04 8.138859999999999983e-01 8.140633137992130397e-01
2.293689800000000105e+04 7.993090000000000472e-01 7.942388399250907005e-01
2.293702199999999721e+04 7.849960000000000271e-01 7.754271070267798605e-01
2.293714600000000064e+04 7.702759999999999607e-01 7.574198420711351076e-01
2.293727000000000044e+04 7.459339999999999860e-01 7.403216440997061332e-01
2.293739400000000387e+04 7.454499999999999460e-01 7.243241852689783489e-01
2.293751800000000003e+04 7.318120000000000180e-01 7.094432436687708732e-01
2.293764199999999983e+04 7.149130000000000207e-01 6.954536349810878093e-01
2.293776699999999983e+04 7.096719999999999695e-01 6.820051778481508453e-01
2.293789099999999962e+04 6.911620000000000541e-01 6.695544580069395790e-01
2.293801499999999942e+04 6.855550000000000255e-01 6.586429442694448078e-01
2.293813899999999921e+04 6.740319999999999645e-01 6.496630957953054564e-01
2.293826300000000265e+04 6.697710000000000052e-01 6.427590003779857231e-01
2.293838699999999881e+04 6.434879999999999489e-01 6.382831594718109125e-01
2.293851099999999860e+04 6.622430000000000261e-01 6.365009068890389310e-01
2.293863500000000204e+04 6.642099999999999671e-01 6.374250790986607518e-01
2.293875900000000183e+04 6.561080000000000245e-01 6.409181890727770892e-01
2.293888299999999799e+04 6.571409999999999751e-01 6.464724357748454775e-01
2.293900700000000143e+04 6.700709999999999722e-01 6.534249447005610056e-01
2.293913100000000122e+04 6.584849999999999870e-01 6.612530673601682008e-01
2.293925499999999738e+04 6.848969999999999780e-01 6.692345627530400520e-01
2.293937900000000081e+04 6.842730000000000201e-01 6.763539208062784303e-01
2.293950300000000061e+04 6.987600000000000477e-01 6.819254173808747543e-01
2.293962699999999677e+04 6.902730000000000254e-01 6.867277050715961950e-01
2.293975100000000020e+04 7.123279999999999612e-01 6.917066902480413226e-01
2.293987500000000000e+04 7.113899999999999668e-01 6.969245885095173287e-01
2.293999900000000343e+04 6.934879999999999933e-01 7.022025983055932841e-01
2.294012299999999959e+04 7.002230000000000398e-01 7.077401187754942535e-01
2.294024699999999939e+04 7.275949999999999918e-01 7.136445616281721360e-01
2.294037199999999939e+04 7.172260000000000302e-01 7.197522118177323014e-01
2.294049600000000282e+04 7.083770000000000344e-01 7.260244269513854709e-01
2.294061999999999898e+04 7.117689999999999850e-01 7.325930476114494994e-01
2.294074399999999878e+04 7.351189999999999669e-01 7.391705718094372379e-01
2.294086800000000221e+04 7.356019999999999781e-01 7.452435839434697895e-01
2.294099199999999837e+04 7.576969999999999539e-01 7.508447517704904817e-01
2.294111599999999817e+04 7.526939999999999742e-01 7.565347178234917980e-01
2.294124000000000160e+04 7.514290000000000136e-01 7.625425233067942843e-01
2.294136400000000140e+04 7.588230000000000253e-01 7.682523198398448772e-01
2.294148799999999756e+04 7.845100000000000406e-01 7.726891712950239022e-01
2.294161200000000099e+04 7.749570000000000070e-01 7.756153167980331942e-01
2.294173499999999694e+04 7.887030000000000429e-01 7.777331797239298572e-01
2.294185900000000038e+04 7.810780000000000500e-01 7.797568486294271795e-01
2.294198300000000017e+04 7.766220000000000345e-01 7.817975579963964972e-01
2.294210699999999997e+04 7.812590000000000368e-01 7.835596323452561629e-01
2.294223099999999977e+04 7.665410000000000279e-01 7.848895287970248935e-01
2.294235499999999956e+04 7.806859999999999911e-01 7.863265361518435581e-01
2.294247899999999936e+04 7.879279999999999617e-01 7.884524410067371702e-01
2.294260299999999916e+04 7.934930000000000039e-01 7.913605905796979867e-01
2.294272699999999895e+04 7.802249999999999464e-01 7.952357545576748121e-01
2.294285100000000239e+04 7.895900000000000141e-01 8.003722923248651755e-01
2.294297499999999854e+04 8.036470000000000002e-01 8.068957028685670441e-01
2.294309899999999834e+04 8.013059999999999627e-01 8.146261483274402915e-01
2.294322300000000178e+04 8.403350000000000541e-01 8.230477824510695761e-01
2.294334699999999793e+04 8.157889999999999864e-01 8.314897531333050873e-01
2.294347100000000137e+04 8.298170000000000268e-01 8.395903900967441880e-01
2.294359500000000116e+04 8.393450000000000077e-01 8.468670854644060331e-01
2.294371899999999732e+04 8.311279999999999779e-01 8.525420574628167492e-01
2.294384300000000076e+04 8.379389999999999894e-01 8.555062203880726690e-01
2.294396700000000055e+04 8.441450000000000342e-01 8.553643910643725645e-01
2.294409100000000035e+04 8.368130000000000290e-01 8.528602208541841145e-01
2.294421500000000015e+04 8.560900000000000176e-01 8.491656570672044824e-01
2.294433899999999994e+04 8.335789999999999589e-01 8.451158956727425897e-01
2.294446199999999953e+04 8.209109999999999463e-01 8.411023608068886048e-01
2.294458599999999933e+04 8.249520000000000186e-01 8.372789369160270612e-01
2.294471000000000276e+04 8.306839999999999780e-01 8.339993180205556023e-01
2.294483399999999892e+04 8.275460000000000038e-01 8.316146168135046812e-01
2.294495799999999872e+04 8.303409999999999958e-01 8.303311459704258990e-01
2.294508200000000215e+04 8.386550000000000393e-01 8.301440394896673070e-01
2.294520599999999831e+04 8.388240000000000141e-01 8.308394429002139425e-01
2.294532999999999811e+04 8.394700000000000495e-01 8.321028339627756232e-01
2.294545400000000154e+04 8.177860000000000129e-01 8.337741313064533921e-01
2.294557800000000134e+04 8.338349999999999929e-01 8.357529071106820640e-01
2.294570100000000093e+04 8.428769999999999873e-01 8.375670639851825472e-01
2.294582500000000073e+04 8.313589999999999591e-01 8.381019266531433143e-01
2.294594900000000052e+04 8.278400000000000203e-01 8.360059418645581220e-01
2.294607300000000032e+04 8.198020000000000307e-01 8.312884235968813762e-01
2.294619700000000012e+04 8.174139999999999739e-01 8.255257977641616840e-01
2.294632099999999991e+04 8.026649999999999618e-01 8.200328413406698935e-01
2.294644499999999971e+04 8.060279999999999667e-01 8.153525543377672102e-01
2.294656899999999951e+04 8.127339999999999565e-01 8.114420909830566409e-01
2.294669299999999930e+04 7.958110000000000461e-01 8.078055267492999514e-01
2.294681600000000253e+04 7.972160000000000357e-01 8.035483741432104532e-01
2.294693999999999869e+04 7.887410000000000254e-01 7.981963018401212473e-01
2.294706399999999849e+04 7.662639999999999452e-01 7.924286385993528636e-01
2.294718800000000192e+04 7.621930000000000094e-01 7.871676152044644326e-01
2.294731200000000172e+04 7.701259999999999772e-01 7.828926670513500774e-01
2.294743599999999788e+04 7.716180000000000261e-01 7.798587932703601178e-01
2.294756000000000131e+04 7.673079999999999901e-01 7.781243612355175365e-01
2.294768299999999726e+04 7.759009999999999518e-01 7.775469016561512570e-01
2.294780700000000070e+04 7.588000000000000300e-01 7.779966462167320351e-01
2.294793100000000049e+04 7.651149999999999896e-01 7.795322761597046624e-01
2.294805499999999665e+04 7.788159999999999528e-01 7.821304218158654509e-01
2.294817900000000009e+04 7.877729999999999455e-01 7.853634126793010983e-01
2.294830299999999988e+04 7.694320000000000048e-01 7.884363461506328496e-01
2.294842599999999948e+04 7.855010000000000048e-01 7.907352731367959242e-01
2.294854999999999927e+04 7.905250000000000332e-01 7.922806368063547433e-01
2.294867399999999907e+04 7.944970000000000088e-01 7.933576892522857804e-01
2.294879799999999886e+04 7.830869999999999775e-01 7.943354558071354932e-01
2.294892200000000230e+04 7.950939999999999674e-01 7.955962020490471298e-01
2.294904499999999825e+04 8.106470000000000065e-01 7.971958659496108934e-01
2.294916900000000169e+04 8.240739999999999732e-01 7.988916608313497703e-01
2.294929300000000148e+04 8.326759999999999717e-01 8.005203096762597559e-01
2.294941699999999764e+04 8.023730000000000029e-01 8.025884362092480240e-01
2.294954100000000108e+04 8.166679999999999495e-01 8.057059632275642702e-01
2.294966500000000087e+04 8.282289999999999930e-01 8.099561297501431945e-01
2.294978800000000047e+04 8.236769999999999925e-01 8.149599922871747504e-01
2.294991200000000026e+04 8.259900000000000020e-01 8.201660162121308106e-01
2.295003599999999642e+04 8.130629999999999802e-01 8.245009820907379661e-01
2.295015999999999985e+04 8.141990000000000061e-01 8.270152495124152292e-01
2.295028299999999945e+04 8.182350000000000456e-01 8.270578030698727545e-01
2.295040699999999924e+04 8.273679999999999923e-01 8.247108631226081066e-01
2.295053099999999904e+04 8.187050000000000161e-01 8.210773979075934870e-01
2.295065500000000247e+04 8.315989999999999771e-01 8.172851281417318203e-01
2.295077899999999863e+04 8.198830000000000284e-01 8.140076615674816107e-01
2.295090200000000186e+04 8.174369999999999692e-01 8.113956118205732926e-01
2.295102599999999802e+04 8.136740000000000084e-01 8.089977570322079981e-01
2.295115000000000146e+04 8.018129999999999979e-01 8.054393270417391504e-01
2.295127400000000125e+04 7.943449999999999678e-01 7.991989349665715725e-01
2.295139700000000084e+04 7.712649999999999784e-01 7.904179289831025912e-01
2.295152100000000064e+04 7.610059999999999603e-01 7.804103003795650473e-01
2.295164499999999680e+04 7.526340000000000252e-01 7.706150992219725770e-01
2.295176900000000023e+04 7.603170000000000206e-01 7.617503569809068731e-01
2.295189199999999983e+04 7.485939999999999817e-01 7.542016950648808837e-01
2.295201599999999962e+04 7.363560000000000105e-01 7.479751661855360556e-01
2.295213999999999942e+04 7.355310000000000459e-01 7.432361294849342270e-01
2.295226400000000285e+04 7.273969999999999603e-01 7.402011912801876869e-01
2.295238700000000244e+04 7.343480000000000008e-01 7.390838355254203407e-01
2.295251100000000224e+04 7.437460000000000182e-01 7.399326748309636992e-01
2.295263499999999840e+04 7.530999999999999917e-01 7.427756545656413190e-01
2.295275900000000183e+04 7.480170000000000430e-01 7.475894519175469988e-01
2.295288199999999779e+04 7.559010000000000451e-01 7.541478104820781292e-01
2.295300600000000122e+04 7.574499999999999567e-01 7.621155146361401345e-01
2.295313000000000102e+04 7.627140000000000031e-01 7.709898863279363024e-01
2.295325300000000061e+04 7.801609999999999934e-01 7.806507162357635421e-01
2.295337700000000041e+04 7.939340000000000286e-01 7.912329706701443088e-01
2.295350099999999657e+04 7.933480000000000532e-01 8.019198389734240040e-01
2.295362500000000000e+04 8.097800000000000553e-01 8.114424233845339840e-01
2.295374799999999959e+04 8.120650000000000368e-01 8.188365068933478597e-01
2.295387199999999939e+04 8.135010000000000296e-01 8.240272068487655144e-01
2.295399599999999919e+04 8.313080000000000469e-01 8.273474334735773095e-01
2.295411899999999878e+04 8.239130000000000065e-01 8.296177907706495658e-01
2.295424300000000221e+04 8.306419999999999915e-01 8.314827832903235461e-01
2.295436700000000201e+04 8.208309999999999773e-01 8.328027082161356676e-01
2.295449000000000160e+04 8.247910000000000519e-01 8.329437629316380765e-01
2.295461400000000140e+04 8.153660000000000352e-01 8.314317583093964181e-01
2.295473799999999756e+04 8.135710000000000441e-01 8.285494602778996631e-01
2.295486100000000079e+04 8.107149999999999634e-01 8.252001922720193505e-01
2.295498500000000058e+04 8.134470000000000312e-01 8.220643501302827838e-01
2.295510900000000038e+04 8.076659999999999950e-01 8.194553134740506506e-01
2.295523199999999997e+04 7.995550000000000157e-01 8.172566473387062880e-01
2.295535599999999977e+04 7.985929999999999973e-01 8.147960759687360444e-01
2.295548000000000320e+04 7.862299999999999844e-01 8.110078541470407965e-01
2.295560299999999916e+04 7.643440000000000234e-01 8.052117304892452143e-01
2.295572700000000259e+04 7.684849999999999737e-01 7.977277764994534781e-01
2.295585099999999875e+04 7.644349999999999756e-01 7.897334741476381703e-01
2.295597400000000198e+04 7.586859999999999715e-01 7.821363785019009862e-01
2.295609799999999814e+04 7.443279999999999896e-01 7.752512271789311349e-01
2.295622199999999793e+04 7.482039999999999802e-01 7.694311934076418780e-01
2.295634499999999753e+04 7.400759999999999561e-01 7.649708237826349233e-01
2.295646900000000096e+04 7.403939999999999966e-01 7.617298976867996618e-01
2.295659300000000076e+04 7.319700000000000095e-01 7.597507088458225200e-01
2.295671600000000035e+04 7.546869999999999967e-01 7.594632551133920773e-01
2.295684000000000015e+04 7.638639999999999874e-01 7.610916957255640103e-01
2.295696400000000358e+04 7.677810000000000468e-01 7.645990520580900895e-01
2.295708699999999953e+04 7.549289999999999612e-01 7.697221207433885271e-01
2.295721100000000297e+04 7.717960000000000376e-01 7.762270541628296661e-01
2.295733399999999892e+04 7.891350000000000309e-01 7.836901183726300291e-01
2.295745800000000236e+04 7.953780000000000294e-01 7.919200457288096962e-01
2.295758199999999852e+04 7.858300000000000285e-01 8.003847727285861025e-01
2.295770500000000175e+04 7.871829999999999661e-01 8.083454240842428140e-01
2.295782899999999790e+04 8.194900000000000517e-01 8.150703367422552637e-01
2.295795200000000114e+04 8.119629999999999903e-01 8.195783435805074069e-01
2.295807599999999729e+04 8.500330000000000386e-01 8.212932027796192580e-01
2.295820000000000073e+04 8.569579999999999975e-01 8.199082978621939910e-01
2.295832299999999668e+04 8.241380000000000372e-01 8.157328594966417601e-01
2.295844700000000012e+04 7.967330000000000245e-01 8.094724078976681669e-01
2.295856999999999971e+04 7.969889999999999475e-01 8.022668725516882704e-01
2.295869399999999951e+04 7.803459999999999841e-01 7.949190875407223800e-01
2.295881799999999930e+04 7.721639999999999615e-01 7.880158249519921831e-01
2.295894099999999889e+04 7.561930000000000041e-01 7.817064633658312722e-01
2.295906500000000233e+04 7.708080000000000487e-01 7.758271017780317136e-01
2.295918799999999828e+04 7.706739999999999702e-01 7.708064487100088069e-01
2.295931200000000172e+04 7.596880000000000299e-01 7.671828392583729395e-01
2.295943600000000151e+04 7.625960000000000516e-01 7.653354863161464516e-01
2.295955900000000111e+04 7.653870000000000395e-01 7.651668904931231419e-01
2.295968300000000090e+04 7.625990000000000268e-01 7.663384653472753438e-01
2.295980600000000049e+04 7.763999999999999790e-01 7.678633914546935113e-01
2.295993000000000029e+04 7.837570000000000370e-01 7.687692257403235807e-01
2.296005299999999988e+04 7.736349999999999616e-01 7.695397265617297533e-01
2.296017700000000332e+04 7.774710000000000232e-01 7.712212435732257454e-01
2.296029999999999927e+04 7.757530000000000259e-01 7.739483792676064011e-01
2.296042400000000271e+04 7.844250000000000389e-01 7.775001268290521184e-01
2.296054799999999886e+04 7.738549999999999596e-01 7.817219048978456541e-01
2.296067100000000210e+04 7.733860000000000179e-01 7.866613043241618142e-01
2.296079499999999825e+04 7.638319999999999554e-01 7.927005098165026409e-01
2.296091800000000148e+04 7.919300000000000228e-01 7.999745856621658380e-01
2.296104199999999764e+04 8.250539999999999541e-01 8.086961116606115052e-01
2.296116500000000087e+04 8.203570000000000029e-01 8.187588319770686685e-01
2.296128899999999703e+04 8.285679999999999712e-01 8.302399445211636753e-01
2.296141200000000026e+04 8.366139999999999688e-01 8.426523616888544899e-01
2.296153599999999642e+04 8.664749999999999952e-01 8.556948203673848674e-01
2.296165899999999965e+04 8.555249999999999799e-01 8.686908398893470329e-01
2.296178299999999945e+04 8.891440000000000454e-01 8.814771754527628289e-01
2.296190599999999904e+04 9.006629999999999914e-01 8.933253901351131399e-01
2.296203000000000247e+04 8.768669999999999520e-01 9.037824621724218632e-01
2.296215300000000207e+04 8.963320000000000176e-01 9.120576490997406305e-01
2.296227700000000186e+04 8.954320000000000057e-01 9.171237224875925520e-01
2.296240000000000146e+04 9.027720000000000189e-01 9.174589403693106382e-01
2.296252400000000125e+04 9.155499999999999750e-01 9.124888953978571582e-01
2.296264700000000084e+04 9.027539999999999454e-01 9.032686875841160479e-01
2.296277100000000064e+04 8.710320000000000285e-01 8.913344217984581208e-01
2.296289400000000023e+04 8.525049999999999573e-01 8.781896491311791397e-01
2.296301800000000003e+04 8.496369999999999756e-01 8.643391987046833425e-01
2.296314099999999962e+04 8.323030000000000150e-01 8.506539711308779284e-01
2.296326500000000306e+04 8.434589999999999588e-01 8.372234550231654193e-01
2.296338799999999901e+04 8.329229999999999690e-01 8.240307832757796103e-01
2.296351200000000244e+04 8.073970000000000313e-01 8.108663824585147228e-01
2.296363499999999840e+04 7.962799999999999878e-01 7.986232437878419965e-01
2.296375900000000183e+04 7.922470000000000345e-01 7.877583827761491797e-01
2.296388200000000143e+04 7.733740000000000059e-01 7.787050606963350496e-01
2.296400600000000122e+04 7.718970000000000553e-01 7.713265344134470070e-01
2.296412900000000081e+04 7.609179999999999833e-01 7.657886936804175759e-01
2.296425300000000061e+04 7.694769999999999666e-01 7.620813449816307150e-01
2.296437600000000020e+04 7.587660000000000515e-01 7.602619165296751191e-01
2.296449899999999980e+04 7.566760000000000153e-01 7.601194240944436631e-01
2.296462299999999959e+04 7.682710000000000372e-01 7.612797445596253265e-01
2.296474599999999919e+04 7.701839999999999797e-01 7.632786897049820274e-01
2.296486999999999898e+04 7.502640000000000420e-01 7.660172308783685935e-01
2.296499299999999857e+04 7.830939999999999568e-01 7.695964893017595010e-01
2.296511699999999837e+04 7.855680000000000440e-01 7.742859148816746417e-01
2.296523999999999796e+04 7.935210000000000319e-01 7.803323303060792915e-01
2.296536399999999776e+04 7.930190000000000294e-01 7.881034437014491356e-01
2.296548700000000099e+04 8.066969999999999974e-01 7.975141569333494829e-01
2.296561000000000058e+04 8.198090000000000099e-01 8.085661787189882821e-01
2.296573400000000038e+04 8.315780000000000394e-01 8.212561829866172891e-01
2.296585699999999997e+04 8.560149999999999704e-01 8.350708022337142156e-01
2.296598100000000341e+04 8.528829999999999467e-01 8.496632000070757362e-01
2.296610399999999936e+04 8.685779999999999612e-01 8.642907165106649137e-01
2.296622699999999895e+04 8.902940000000000298e-01 8.788016267745973886e-01
2.296635099999999875e+04 8.968030000000000168e-01 8.928016856413579783e-01
2.296647399999999834e+04 9.227419999999999511e-01 9.057068610141290055e-01
2.296659800000000178e+04 9.407959999999999656e-01 9.169307553588876836e-01
2.296672099999999773e+04 9.288450000000000317e-01 9.248831721526590277e-01
2.296684400000000096e+04 9.245280000000000165e-01 9.287735489294809410e-01
2.296696799999999712e+04 9.240469999999999517e-01 9.286420464542639586e-01
2.296709100000000035e+04 9.360840000000000272e-01 9.248403844578025890e-01
2.296721500000000015e+04 9.122409999999999686e-01 9.174801872500988331e-01
2.296733800000000338e+04 9.002480000000000482e-01 9.066311320803877027e-01
2.296746099999999933e+04 9.040000000000000258e-01 8.926056613008902518e-01
2.296758500000000276e+04 8.840000000000000080e-01 8.762320527801216175e-01
2.296770799999999872e+04 8.640390000000000015e-01 8.589246167456371372e-01
2.296783200000000215e+04 8.418240000000000167e-01 8.411446571518526039e-01
2.296795499999999811e+04 8.367989999999999595e-01 8.236354440921408449e-01
2.296807799999999770e+04 8.168429999999999858e-01 8.067395606963299048e-01
2.296820200000000114e+04 7.785229999999999650e-01 7.906839795321473074e-01
2.296832499999999709e+04 7.648909999999999876e-01 7.757987607421601428e-01
2.296844800000000032e+04 7.705400000000000027e-01 7.619111393763553508e-01
2.296857199999999648e+04 7.488650000000000029e-01 7.489062269773841818e-01
2.296869499999999971e+04 7.406080000000000441e-01 7.366965758197524528e-01
2.296881799999999930e+04 7.347559999999999647e-01 7.248376913129551680e-01
2.296894200000000274e+04 7.316519999999999690e-01 7.135230319951467726e-01
2.296906499999999869e+04 7.155519999999999659e-01 7.034437704664022739e-01
2.296918900000000212e+04 7.081319999999999837e-01 6.946254761257000254e-01
2.296931199999999808e+04 7.057210000000000427e-01 6.875385656874970497e-01
2.296943499999999767e+04 6.928779999999999939e-01 6.826346934719756954e-01
2.296955900000000111e+04 6.791380000000000194e-01 6.801461864726715545e-01
2.296968199999999706e+04 6.969539999999999624e-01 6.802246516863965642e-01
2.296980500000000029e+04 6.906020000000000492e-01 6.827951724073257900e-01
2.296992799999999988e+04 7.035620000000000207e-01 6.878956517951932970e-01
2.297005199999999968e+04 7.046059999999999546e-01 6.956786857430663495e-01
2.297017499999999927e+04 7.190180000000000460e-01 7.060519211242745063e-01
2.297029799999999886e+04 7.447899999999999521e-01 7.188962643175248468e-01
2.297042199999999866e+04 7.477420000000000178e-01 7.339966871563033957e-01
2.297054500000000189e+04 7.613919999999999577e-01 7.508242466435546270e-01
2.297066800000000148e+04 7.885419999999999652e-01 7.693553204636859322e-01
2.297079200000000128e+04 8.053559999999999608e-01 7.896107491848308735e-01
2.297091500000000087e+04 8.353580000000000449e-01 8.107968840043103809e-01
2.297103800000000047e+04 8.505190000000000250e-01 8.321782972928010169e-01
2.297116200000000026e+04 8.781989999999999519e-01 8.530725472962259470e-01
2.297128499999999985e+04 8.872029999999999639e-01 8.729320912827445156e-01
2.297140800000000309e+04 9.160679999999999934e-01 8.920851741880614361e-01
2.297153099999999904e+04 9.294550000000000312e-01 9.102942561339952832e-01
2.297165500000000247e+04 9.419870000000000188e-01 9.269000485544550694e-01
2.297177800000000207e+04 9.534770000000000190e-01 9.407700977487553073e-01
2.297190099999999802e+04 9.622030000000000305e-01 9.516097836560833967e-01
2.297202500000000146e+04 9.703009999999999691e-01 9.598521521366287779e-01
2.297214799999999741e+04 9.636700000000000266e-01 9.660577166324119114e-01
2.297227100000000064e+04 9.762410000000000254e-01 9.704975205529939863e-01
2.297239400000000023e+04 9.903060000000000196e-01 9.729123746551679996e-01
2.297251800000000003e+04 9.860659999999999981e-01 9.730401438180700247e-01
2.297264099999999962e+04 9.782030000000000447e-01 9.700552169671334823e-01
2.297276399999999921e+04 9.638280000000000181e-01 9.635914943389781717e-01
2.297288700000000244e+04 9.526120000000000143e-01 9.543523448394899411e-01
2.297301099999999860e+04 9.359089999999999909e-01 9.429303147042242816e-01
2.297313400000000183e+04 9.323209999999999553e-01 9.294262384291707146e-01
2.297325700000000143e+04 9.160409999999999942e-01 9.140700727974264694e-01
2.297337999999999738e+04 8.942400000000000349e-01 8.977603147290318386e-01
2.297350400000000081e+04 8.740620000000000056e-01 8.812639421326075029e-01
2.297362700000000041e+04 8.597460000000000102e-01 8.653773546027450081e-01
2.297375000000000000e+04 8.327839999999999687e-01 8.502499891476532623e-01
2.297387299999999959e+04 8.271079999999999544e-01 8.361338486291983729e-01
2.297399700000000303e+04 8.153620000000000312e-01 8.231839160799774291e-01
2.297411999999999898e+04 8.066910000000000469e-01 8.117720199489302235e-01
2.297424299999999857e+04 8.088499999999999579e-01 8.018854016990051292e-01
2.297436600000000180e+04 8.024189999999999934e-01 7.936845297545612743e-01
2.297448900000000140e+04 7.904189999999999827e-01 7.873340328595119786e-01
2.297461300000000119e+04 7.755109999999999504e-01 7.828866211886484905e-01
2.297473600000000079e+04 7.738199999999999523e-01 7.804416131824520875e-01
2.297485900000000038e+04 7.684450000000000447e-01 7.800366057221774785e-01
2.297498199999999997e+04 7.686520000000000019e-01 7.816656826924072154e-01
2.297510599999999977e+04 7.716150000000000508e-01 7.853910936412520361e-01
2.297522900000000300e+04 7.836079999999999712e-01 7.911239317272992233e-01
2.297535199999999895e+04 8.075510000000000188e-01 7.988755909425764301e-01
2.297547499999999854e+04 7.952810000000000157e-01 8.084132731802623484e-01
2.297559800000000178e+04 8.138109999999999511e-01 8.195102473519292330e-01
2.297572199999999793e+04 8.216379999999999795e-01 8.321564553369417139e-01
2.297584500000000116e+04 8.388459999999999805e-01 8.460252144011342068e-01
2.297596800000000076e+04 8.586620000000000363e-01 8.610130549606033190e-01
2.297609099999999671e+04 8.685310000000000530e-01 8.769189657656728532e-01
2.297621399999999994e+04 8.923210000000000308e-01 8.935071668434252379e-01
2.297633699999999953e+04 9.265510000000000135e-01 9.105839240855503336e-01
2.297646100000000297e+04 9.315379999999999772e-01 9.280763482019515065e-01
2.297658399999999892e+04 9.420260000000000300e-01 9.454726601766163530e-01
2.297670699999999852e+04 9.612899999999999778e-01 9.625585212204281760e-01
2.297683000000000175e+04 9.868850000000000122e-01 9.788338512853504980e-01
2.297695300000000134e+04 9.795129999999999670e-01 9.934547044552775041e-01
2.297707599999999729e+04 9.878320000000000434e-01 1.005357973822009310e+00
2.297720000000000073e+04 9.998590000000000533e-01 1.014046368988766433e+00
2.297732299999999668e+04 1.006671000000000094e+00 1.019660602688370998e+00
2.297744599999999991e+04 1.015484999999999971e+00 1.022831602502402459e+00
2.297756899999999951e+04 1.021355999999999931e+00 1.023934096278680927e+00
2.297769199999999910e+04 1.003501999999999894e+00 1.023425389864337287e+00
2.297781500000000233e+04 1.001565999999999956e+00 1.021620603614634470e+00
2.297793799999999828e+04 1.008623999999999965e+00 1.018554192615336529e+00
2.297806200000000172e+04 9.958360000000000545e-01 1.013801681139447242e+00
2.297818500000000131e+04 9.937040000000000317e-01 1.006932060319537525e+00
2.297830799999999726e+04 9.825700000000000545e-01 9.970186758104404579e-01
2.297843100000000049e+04 9.635880000000000001e-01 9.837978360742497541e-01
2.297855400000000009e+04 9.694730000000000292e-01 9.676732941818517730e-01
2.297867699999999968e+04 9.547909999999999453e-01 9.495883932656454807e-01
2.297880000000000291e+04 9.260760000000000103e-01 9.305179565341589187e-01
2.297892299999999886e+04 8.997319999999999762e-01 9.110353781213021973e-01
2.297904700000000230e+04 8.925290000000000168e-01 8.913500071703697181e-01
2.297916999999999825e+04 8.407400000000000428e-01 8.721978918747375076e-01
2.297929299999999785e+04 8.472509999999999764e-01 8.537646019904528982e-01
2.297941600000000108e+04 8.257609999999999673e-01 8.362496901783188497e-01
2.297953900000000067e+04 8.105080000000000062e-01 8.198205568395836584e-01
2.297966200000000026e+04 8.099460000000000548e-01 8.046841896637481062e-01
2.297978499999999985e+04 7.987840000000000495e-01 7.909682778731127462e-01
2.297990799999999945e+04 7.806530000000000413e-01 7.787335502912575702e-01
2.298003099999999904e+04 7.675899999999999945e-01 7.681053458481662544e-01
2.298015400000000227e+04 7.605410000000000226e-01 7.592034164752274883e-01
2.298027700000000186e+04 7.631639999999999535e-01 7.520990618921513660e-01
2.298040100000000166e+04 7.540989999999999638e-01 7.469419363736721218e-01
2.298052400000000125e+04 7.484509999999999774e-01 7.439749000548572244e-01
2.298064699999999721e+04 7.562780000000000058e-01 7.432043546289996971e-01
2.298077000000000044e+04 7.697950000000000070e-01 7.446008885622343865e-01
2.298089300000000003e+04 7.631480000000000485e-01 7.480463751875906508e-01
2.298101599999999962e+04 7.606060000000000043e-01 7.533243016846250528e-01
2.298113900000000285e+04 7.580569999999999808e-01 7.598518044625158785e-01
2.298126199999999881e+04 7.639299999999999979e-01 7.666297251274515334e-01
2.298138499999999840e+04 7.810939999999999550e-01 7.733823666494326066e-01
2.298150800000000163e+04 7.793379999999999752e-01 7.808279938575791723e-01
2.298163100000000122e+04 7.937539999999999596e-01 7.894785094133264236e-01
2.298175399999999718e+04 8.041479999999999739e-01 7.991885953589842329e-01
2.298187700000000041e+04 7.965410000000000545e-01 8.094687594513778617e-01
2.298200000000000000e+04 8.120140000000000136e-01 8.196773285417833232e-01
2.298212299999999959e+04 8.317290000000000516e-01 8.292472897913732988e-01
2.298224600000000282e+04 8.433329999999999993e-01 8.380432658196826923e-01
2.298236899999999878e+04 8.685779999999999612e-01 8.462575203500456444e-01
2.298249199999999837e+04 8.728040000000000243e-01 8.539285511221438307e-01
2.298261500000000160e+04 8.693400000000000016e-01 8.604439803428645117e-01
2.298273899999999776e+04 8.913590000000000124e-01 8.646812596156793207e-01
2.298286200000000099e+04 8.637369999999999770e-01 8.657936343359253772e-01
2.298298500000000058e+04 8.371589999999999865e-01 8.641541416253037955e-01
2.298310800000000017e+04 8.797369999999999912e-01 8.608030231815996247e-01
2.298323100000000341e+04 8.946859999999999813e-01 8.565309665960542107e-01
2.298335399999999936e+04 8.715730000000000421e-01 8.517008372502109514e-01
2.298347699999999895e+04 8.438390000000000057e-01 8.466826085961913773e-01
2.298360000000000218e+04 8.269710000000000116e-01 8.419094203759562856e-01
2.298372300000000178e+04 8.243840000000000057e-01 8.375280994829462644e-01
2.298384599999999773e+04 8.418250000000000455e-01 8.334570731184570702e-01
2.298396900000000096e+04 8.370480000000000143e-01 8.294959648404260921e-01
2.298409200000000055e+04 8.387919999999999821e-01 8.254916464002947096e-01
2.298421500000000015e+04 8.266480000000000494e-01 8.209748064043690396e-01
2.298433800000000338e+04 8.420309999999999739e-01 8.154752525943507191e-01
2.298446099999999933e+04 8.367250000000000520e-01 8.082755299583558317e-01
2.298458399999999892e+04 8.122700000000000475e-01 7.990350358380079454e-01
2.298470700000000215e+04 7.935389999999999944e-01 7.883793946309494149e-01
2.298482900000000154e+04 7.896859999999999991e-01 7.774779395160882345e-01
2.298495200000000114e+04 7.843099999999999516e-01 7.668620760988296148e-01
2.298507500000000073e+04 7.738479999999999803e-01 7.571003226052053225e-01
2.298519799999999668e+04 7.682229999999999892e-01 7.484803055129215510e-01
2.298532099999999991e+04 7.685499999999999554e-01 7.411118257760775929e-01
2.298544399999999951e+04 7.485129999999999839e-01 7.347729076690353578e-01
2.298556699999999910e+04 7.221229999999999594e-01 7.288869195263653067e-01
2.298569000000000233e+04 7.146040000000000170e-01 7.229611953123845636e-01
2.298581299999999828e+04 7.100950000000000317e-01 7.171472793059959772e-01
2.298593599999999788e+04 7.303279999999999772e-01 7.121839658063142675e-01
2.298605900000000111e+04 7.219200000000000061e-01 7.085269108923915038e-01
2.298618200000000070e+04 7.035860000000000447e-01 7.060261587215200807e-01
2.298630499999999665e+04 6.876039999999999930e-01 7.045264761810517973e-01
2.298642799999999988e+04 6.754989999999999606e-01 7.041226790481008857e-01
2.298655099999999948e+04 6.762799999999999923e-01 7.045970513473339691e-01
2.298667399999999907e+04 7.049090000000000078e-01 7.059381877869174149e-01
2.298679700000000230e+04 6.923960000000000115e-01 7.087859781698691020e-01
2.298691999999999825e+04 7.024259999999999948e-01 7.136891495350375925e-01
2.298704299999999785e+04 7.062460000000000404e-01 7.206330685444135575e-01
2.298716499999999724e+04 7.237029999999999852e-01 7.290751881293596748e-01
2.298728800000000047e+04 7.255270000000000330e-01 7.388286722430343900e-01
2.298741100000000006e+04 7.316259999999999986e-01 7.500685461785658870e-01
2.298753399999999965e+04 7.386300000000000088e-01 7.629638190525771524e-01
2.298765700000000288e+04 7.482799999999999452e-01 7.773950209316755622e-01
2.298777999999999884e+04 7.749709999999999654e-01 7.931210279156403198e-01
2.298790299999999843e+04 7.932639999999999691e-01 8.100074667209560264e-01
2.298802600000000166e+04 8.105019999999999447e-01 8.278889119340493430e-01
2.298814900000000125e+04 8.329379999999999562e-01 8.464992342750115029e-01
2.298827199999999721e+04 8.517949999999999688e-01 8.655845352208811905e-01
2.298839500000000044e+04 8.617120000000000335e-01 8.849178409058826578e-01
2.298851699999999983e+04 8.722600000000000353e-01 9.039874304778182657e-01
2.298863999999999942e+04 9.121160000000000379e-01 9.225832253533949867e-01
2.298876299999999901e+04 9.382869999999999822e-01 9.398613064327003830e-01
2.298888600000000224e+04 9.652889999999999526e-01 9.547940027726051770e-01
2.298900900000000183e+04 9.673819999999999641e-01 9.666416475741984593e-01
2.298913199999999779e+04 1.000666000000000055e+00 9.754470123802917447e-01
2.298925500000000102e+04 1.014769000000000032e+00 9.817654081852130732e-01
2.298937800000000061e+04 9.799600000000000533e-01 9.860242843883932906e-01
2.298950000000000000e+04 9.765200000000000546e-01 9.889234862664580961e-01
2.298962299999999959e+04 9.945209999999999884e-01 9.908756527076031384e-01
2.298974600000000282e+04 1.006998999999999977e+00 9.920658031309388392e-01
2.298986899999999878e+04 9.978470000000000395e-01 9.923990069645566292e-01
2.298999199999999837e+04 1.005438000000000054e+00 9.918938209105134796e-01
2.299011500000000160e+04 1.017376999999999976e+00 9.906840818977968866e-01
2.299023800000000119e+04 1.021363000000000021e+00 9.888803459513503258e-01
2.299036000000000058e+04 1.002987000000000073e+00 9.864447142904332333e-01
2.299048300000000017e+04 1.009493999999999891e+00 9.828459007489724897e-01
2.299060599999999613e+04 1.007622000000000018e+00 9.773552008650772116e-01
2.299072899999999936e+04 9.859390000000000098e-01 9.695825365266893536e-01
2.299085199999999895e+04 9.886249999999999760e-01 9.593212965872079945e-01
2.299097499999999854e+04 9.672399999999999887e-01 9.462943764244035050e-01
2.299109699999999793e+04 9.461990000000000123e-01 9.306301837815567080e-01
2.299122000000000116e+04 9.496649999999999814e-01 9.126286599557220658e-01
2.299134300000000076e+04 9.104280000000000150e-01 8.933334742281692220e-01
2.299146599999999671e+04 9.030660000000000354e-01 8.734643899782356113e-01
2.299158899999999994e+04 8.677430000000000421e-01 8.531588086346354460e-01
2.299171100000000297e+04 8.419020000000000392e-01 8.322555571293090981e-01
2.299183399999999892e+04 8.118589999999999973e-01 8.099312463791382699e-01
2.299195699999999852e+04 8.062700000000000422e-01 7.866265907895148013e-01
2.299208000000000175e+04 7.992110000000000047e-01 7.635285335619546032e-01
2.299220300000000134e+04 7.823989999999999556e-01 7.417092488568595154e-01
2.299232500000000073e+04 7.430550000000000210e-01 7.218117676922531922e-01
2.299244800000000032e+04 7.208010000000000250e-01 7.036682940809104725e-01
2.299257099999999991e+04 7.078750000000000320e-01 6.875568650662057246e-01
2.299269399999999951e+04 6.838870000000000227e-01 6.736783469402389812e-01
2.299281699999999910e+04 6.925109999999999877e-01 6.621849549170506499e-01
2.299293899999999849e+04 6.825200000000000156e-01 6.532346442271399489e-01
2.299306200000000172e+04 6.664290000000000491e-01 6.467723326107541748e-01
2.299318500000000131e+04 6.433689999999999687e-01 6.430025333671931520e-01
2.299330799999999726e+04 6.522189999999999932e-01 6.418802424046553545e-01
2.299343100000000049e+04 6.532740000000000213e-01 6.431982206037288874e-01
2.299355300000000352e+04 6.880760000000000209e-01 6.467206056179219953e-01
2.299367599999999948e+04 6.924780000000000380e-01 6.523455623137548454e-01
2.299379899999999907e+04 7.138499999999999845e-01 6.599173288742818944e-01
2.299392200000000230e+04 7.128179999999999517e-01 6.693108248876953326e-01
2.299404399999999805e+04 6.902000000000000357e-01 6.804251449243586825e-01
2.299416700000000128e+04 7.195690000000000142e-01 6.936966992109628860e-01
2.299429000000000087e+04 7.592290000000000427e-01 7.090365963935733040e-01
2.299441299999999683e+04 7.572470000000000034e-01 7.260093081228254919e-01
2.299453499999999985e+04 7.812679999999999625e-01 7.439263773091049359e-01
2.299465799999999945e+04 7.830139999999999878e-01 7.629014621026662946e-01
2.299478099999999904e+04 7.853400000000000380e-01 7.828929984680739196e-01
2.299490399999999863e+04 8.082510000000000527e-01 8.038467123910516543e-01
2.299502599999999802e+04 8.119220000000000326e-01 8.252355967911946255e-01
2.299514900000000125e+04 8.565450000000000008e-01 8.468132608070744194e-01
2.299527200000000084e+04 8.689440000000000497e-01 8.674958013700857506e-01
2.299539499999999680e+04 8.912229999999999874e-01 8.863394220230356169e-01
2.299551699999999983e+04 9.301829999999999821e-01 9.027571472922144569e-01
2.299564000000000306e+04 9.267239999999999922e-01 9.172677202310579592e-01
2.299576299999999901e+04 9.321369999999999933e-01 9.303437566080999810e-01
2.299588500000000204e+04 9.583049999999999624e-01 9.423184180467041315e-01
2.299600799999999799e+04 9.677090000000000414e-01 9.534088177946784537e-01
2.299613100000000122e+04 9.598879999999999635e-01 9.629860133273137057e-01
2.299625400000000081e+04 9.809080000000000021e-01 9.704098561953007351e-01
2.299637600000000020e+04 9.850520000000000387e-01 9.756324997544155719e-01
2.299649899999999980e+04 9.895209999999999839e-01 9.793875803061565799e-01
2.299662200000000303e+04 9.727559999999999540e-01 9.823355104314679398e-01
2.299674399999999878e+04 9.860079999999999956e-01 9.848522751747681436e-01
2.299686700000000201e+04 9.802589999999999915e-01 9.871508870155243365e-01
2.299698999999999796e+04 1.005212999999999912e+00 9.892218241288119884e-01
2.299711200000000099e+04 1.008801000000000059e+00 9.909495054721670915e-01
2.299723499999999694e+04 1.009339999999999904e+00 9.921593582120955546e-01
2.299735800000000017e+04 1.002744000000000080e+00 9.925473041506848171e-01
2.299747999999999956e+04 9.989430000000000254e-01 9.918208554335119498e-01
2.299760299999999916e+04 9.963800000000000434e-01 9.894968113480260286e-01
2.299772599999999875e+04 9.865570000000000173e-01 9.850447269167190711e-01
2.299784799999999814e+04 9.635470000000000423e-01 9.776173690263517679e-01
2.299797100000000137e+04 9.758489999999999664e-01 9.668377495126314614e-01
2.299809400000000096e+04 9.389380000000000503e-01 9.531820869709274335e-01
2.299821600000000035e+04 9.323310000000000208e-01 9.374488599241643794e-01
2.299833899999999994e+04 9.248520000000000074e-01 9.199026278451130079e-01
2.299846200000000317e+04 8.924100000000000366e-01 9.013499763812772292e-01
2.299858400000000256e+04 8.934919999999999529e-01 8.826623590642157513e-01
2.299870700000000215e+04 8.668470000000000342e-01 8.639355244199717898e-01
2.299882999999999811e+04 8.363180000000000058e-01 8.453775043118527677e-01
2.299895199999999750e+04 8.219800000000000439e-01 8.271899718697905968e-01
2.299907500000000073e+04 8.056780000000000053e-01 8.093890219044088674e-01
2.299919800000000032e+04 7.752280000000000282e-01 7.925875617792708105e-01
2.299931999999999971e+04 7.754769999999999719e-01 7.772848783384500582e-01
2.299944299999999930e+04 7.614130000000000065e-01 7.635006019460192084e-01
2.299956499999999869e+04 7.539379999999999971e-01 7.516947318995533811e-01
2.299968799999999828e+04 7.519179999999999753e-01 7.419112397198533992e-01
2.299981100000000151e+04 7.339520000000000488e-01 7.343805300631430777e-01
2.299993300000000090e+04 7.375840000000000174e-01 7.291822809111671022e-01
2.300005600000000049e+04 7.480189999999999895e-01 7.262251842556528558e-01
2.300017900000000009e+04 7.412849999999999717e-01 7.254381652563475225e-01
2.300030099999999948e+04 7.617230000000000389e-01 7.265973874136112398e-01
2.300042400000000271e+04 7.080629999999999979e-01 7.297082337168746546e-01
2.300054600000000210e+04 7.138799999999999590e-01 7.349327733059020096e-01
2.300066900000000169e+04 7.471600000000000463e-01 7.423982970980989027e-01
2.300079199999999764e+04 7.561510000000000176e-01 7.520176776154147147e-01
2.300091400000000067e+04 7.922179999999999778e-01 7.635534064141963340e-01
2.300103700000000026e+04 7.876319999999999988e-01 7.770118106402421621e-01
2.300115900000000329e+04 8.103890000000000260e-01 7.919583480350844695e-01
2.300128199999999924e+04 8.258600000000000385e-01 8.083868679708325899e-01
2.300140499999999884e+04 8.277409999999999490e-01 8.258984183422934944e-01
2.300152699999999822e+04 8.701529999999999543e-01 8.439468056371830507e-01
2.300164999999999782e+04 8.559719999999999551e-01 8.623899372158378984e-01
2.300177199999999721e+04 8.601140000000000452e-01 8.806285831115188145e-01
2.300189500000000044e+04 8.818859999999999477e-01 8.987432306199535370e-01
2.300201699999999983e+04 8.904250000000000220e-01 9.161021839394296595e-01
2.300213999999999942e+04 9.326219999999999510e-01 9.324508294740895264e-01
2.303834400000000096e+04 9.242550000000000487e-01 9.314825559842984104e-01
2.303846500000000015e+04 9.174729999999999830e-01 9.174300973681315252e-01
2.303858599999999933e+04 9.053679999999999506e-01 9.006684453910568378e-01
2.303870799999999872e+04 8.772499999999999742e-01 8.811922623238377383e-01
2.303882900000000154e+04 8.284719999999999862e-01 8.599983040235121834e-01
2.303894999999999709e+04 7.943999999999999950e-01 8.379258145248064116e-01
2.303907199999999648e+04 8.060199999999999587e-01 8.155110522879212009e-01
2.303919299999999930e+04 7.981759999999999966e-01 7.935640109515077478e-01
2.303931400000000212e+04 7.422560000000000269e-01 7.722974741122211606e-01
2.303943499999999767e+04 7.050830000000000153e-01 7.520988071788944351e-01
2.303955700000000070e+04 7.088919999999999666e-01 7.331077883639504078e-01
2.303967799999999988e+04 7.073049999999999615e-01 7.158429811791418018e-01
2.303979899999999907e+04 6.735229999999999828e-01 7.002969890994658053e-01
2.303992099999999846e+04 6.769760000000000222e-01 6.863921894519406930e-01
2.304004200000000128e+04 6.597650000000000459e-01 6.743216329212087246e-01
2.304016299999999683e+04 6.463510000000000089e-01 6.640765868420510643e-01
2.304028499999999985e+04 6.453330000000000455e-01 6.558673461387269921e-01
2.304040599999999904e+04 6.332330000000000458e-01 6.500686203286629716e-01
2.304052700000000186e+04 6.435779999999999834e-01 6.468353010745946374e-01
2.304064799999999741e+04 6.398040000000000393e-01 6.463266522794678393e-01
2.304077000000000044e+04 6.377570000000000183e-01 6.485526736115656554e-01
2.304089099999999962e+04 6.396190000000000486e-01 6.532602652311791935e-01
2.304101199999999881e+04 6.423299999999999566e-01 6.604012359647630781e-01
2.304113300000000163e+04 6.667650000000000521e-01 6.698274227140553760e-01
2.304125500000000102e+04 6.592649999999999899e-01 6.816195642159581514e-01
2.304137599999999657e+04 6.893780000000000463e-01 6.955837360160777028e-01
2.304149699999999939e+04 6.973570000000000046e-01 7.116695204758572979e-01
2.304161800000000221e+04 7.165709999999999580e-01 7.297012258463497769e-01
2.304174000000000160e+04 7.456009999999999582e-01 7.496405546248894325e-01
2.304186100000000079e+04 7.576810000000000489e-01 7.708935939791351499e-01
2.304198199999999997e+04 7.744480000000000253e-01 7.933670016531361169e-01
2.304210299999999916e+04 7.981819999999999471e-01 8.168353780739340264e-01
2.304222499999999854e+04 8.362199999999999633e-01 8.411983525793609306e-01
2.304234600000000137e+04 8.465559999999999752e-01 8.656631464147328536e-01
2.304246700000000055e+04 8.810210000000000541e-01 8.900094898375682240e-01
2.304258799999999974e+04 8.943799999999999528e-01 9.137494722226602306e-01
2.304270900000000256e+04 9.156229999999999647e-01 9.363559698290027100e-01
2.304283100000000195e+04 9.436339999999999728e-01 9.571344383036205494e-01
2.304295199999999750e+04 9.576740000000000252e-01 9.750001698512476001e-01
2.304307300000000032e+04 9.723800000000000221e-01 9.896964081386798728e-01
2.304319399999999951e+04 9.834530000000000216e-01 1.001673905895114958e+00
2.304331499999999869e+04 9.921259999999999524e-01 1.011517662706183929e+00
2.304343700000000172e+04 1.011738000000000026e+00 1.019794052648721250e+00
2.304355800000000090e+04 1.024335999999999913e+00 1.026681042011368783e+00
2.304367900000000009e+04 1.001149999999999984e+00 1.032419225126492757e+00
2.304379999999999927e+04 1.010922000000000098e+00 1.037036020418525606e+00
2.304392099999999846e+04 1.021200000000000108e+00 1.040389745505013064e+00
2.304404200000000128e+04 1.060227000000000031e+00 1.042328979812872980e+00
2.304416400000000067e+04 1.057795000000000041e+00 1.043069756676385573e+00
2.304428500000000349e+04 1.042656000000000027e+00 1.043135838453200792e+00
2.304440599999999904e+04 1.087628999999999957e+00 1.042903873569644091e+00
2.304452700000000186e+04 1.062017999999999907e+00 1.042472349011542176e+00
2.304464799999999741e+04 1.031268999999999991e+00 1.041827813977654005e+00
2.304476900000000023e+04 1.034985000000000044e+00 1.040970642001036506e+00
2.304489099999999962e+04 1.049592999999999998e+00 1.039931832585519134e+00
2.304501199999999881e+04 1.028971000000000080e+00 1.038721640975949878e+00
2.304513300000000163e+04 1.024929999999999897e+00 1.037429623894952746e+00
2.304525400000000081e+04 1.026170000000000027e+00 1.036080698669614275e+00
2.304537500000000000e+04 1.023530000000000051e+00 1.034624072150788443e+00
2.304549599999999919e+04 1.022555000000000103e+00 1.032952785793591399e+00
2.304561699999999837e+04 1.034221999999999975e+00 1.031028534795005003e+00
2.304573800000000119e+04 1.050961999999999952e+00 1.028913217183918372e+00
2.304586000000000058e+04 1.027090000000000058e+00 1.026590977044381736e+00
2.304598100000000341e+04 1.020977000000000023e+00 1.024022895150430212e+00
2.304610199999999895e+04 1.028663000000000105e+00 1.021230294252730930e+00
2.304622300000000178e+04 1.012618000000000018e+00 1.018371120303188881e+00
2.304634399999999732e+04 1.012401000000000106e+00 1.015520947322593015e+00
2.304646500000000015e+04 9.912199999999999900e-01 1.012579863920293421e+00
2.304658599999999933e+04 1.012547000000000086e+00 1.009286627700950456e+00
2.304670699999999852e+04 1.005597000000000074e+00 1.005346484163305520e+00
2.304682800000000134e+04 1.000099999999999989e+00 1.000615844356576467e+00
2.304695000000000073e+04 9.789820000000000189e-01 9.951046129676042185e-01
2.304707099999999991e+04 9.915279999999999649e-01 9.889019672758613266e-01
2.304719199999999910e+04 9.610840000000000494e-01 9.819353075926189334e-01
2.304731299999999828e+04 9.557130000000000347e-01 9.739853040784308691e-01
2.304743400000000111e+04 9.606559999999999544e-01 9.648188350298736449e-01
2.304755500000000029e+04 9.342970000000000441e-01 9.540142697141287265e-01
2.304767599999999948e+04 9.334200000000000275e-01 9.409733887749437420e-01
2.304779700000000230e+04 9.147330000000000183e-01 9.252956730736690005e-01
2.304791799999999785e+04 8.974349999999999827e-01 9.070127497621595092e-01
2.304803900000000067e+04 8.864250000000000185e-01 8.865799176533821768e-01
2.304816000000000349e+04 8.588999999999999968e-01 8.646782291019633471e-01
2.304828099999999904e+04 8.464519999999999822e-01 8.417939728514628461e-01
2.304840200000000186e+04 8.162760000000000016e-01 8.180464708902212001e-01
2.304852299999999741e+04 7.939420000000000366e-01 7.936933371079046839e-01
2.304864400000000023e+04 7.656619999999999537e-01 7.693962853988268735e-01
2.304876500000000306e+04 7.473049999999999971e-01 7.458977557406716308e-01
2.304888599999999860e+04 7.222070000000000434e-01 7.235199545926667142e-01
2.304900799999999799e+04 7.069170000000000176e-01 7.023893624888439824e-01
2.304912900000000081e+04 6.676279999999999992e-01 6.828950995280924641e-01
2.304925000000000000e+04 6.616750000000000131e-01 6.649372216757153398e-01
2.304937099999999919e+04 6.453759999999999497e-01 6.487021515163873264e-01
2.304949199999999837e+04 6.398030000000000106e-01 6.343870355481929790e-01
2.304961300000000119e+04 6.215249999999999941e-01 6.221577745707463913e-01
2.304973400000000038e+04 5.954479999999999773e-01 6.122704140362287273e-01
2.304985499999999956e+04 6.199090000000000433e-01 6.050331799869798077e-01
2.304997600000000239e+04 6.050210000000000310e-01 6.006303321219532698e-01
2.305009699999999793e+04 6.020839999999999526e-01 5.990997907807527056e-01
2.305021800000000076e+04 5.961469999999999825e-01 6.004337855484146447e-01
2.305033900000000358e+04 6.057690000000000019e-01 6.046082117790444466e-01
2.305045999999999913e+04 6.116310000000000358e-01 6.115947297097030777e-01
2.305058100000000195e+04 6.225659999999999528e-01 6.214442596762742577e-01
2.305070199999999750e+04 6.314469999999999805e-01 6.341525999660969637e-01
2.305082300000000032e+04 6.342879999999999630e-01 6.496242375597477414e-01
2.305094400000000314e+04 6.565809999999999702e-01 6.677056610578504525e-01
2.305106400000000212e+04 6.820349999999999469e-01 6.877486527655279902e-01
2.305118499999999767e+04 7.061020000000000074e-01 7.096153806055982560e-01
2.305130600000000049e+04 7.204770000000000341e-01 7.329068031569848651e-01
2.305142700000000332e+04 7.610099999999999643e-01 7.573929942273921467e-01
2.305154799999999886e+04 7.841690000000000049e-01 7.828081629453891299e-01
2.305166900000000169e+04 7.984010000000000273e-01 8.087721861593999417e-01
2.305178999999999724e+04 8.350429999999999797e-01 8.348200775152364583e-01
2.305191100000000006e+04 8.505279999999999507e-01 8.604281371283885038e-01
2.305203199999999924e+04 8.784910000000000219e-01 8.849847794727223604e-01
2.305215299999999843e+04 8.921970000000000178e-01 9.077928058451795179e-01
2.305227400000000125e+04 9.262620000000000298e-01 9.282306306120593486e-01
2.305239500000000044e+04 9.430539999999999479e-01 9.460310603516695060e-01
2.305251599999999962e+04 9.596940000000000470e-01 9.614234290044425535e-01
2.305263699999999881e+04 9.691359999999999975e-01 9.749870239346779544e-01
2.305275800000000163e+04 9.658830000000000471e-01 9.870878304295888084e-01
2.305287900000000081e+04 9.860499999999999821e-01 9.980634059649668988e-01
2.305300000000000000e+04 9.964460000000000539e-01 1.008089647445169712e+00
2.305311999999999898e+04 1.012564000000000020e+00 1.017167934530933016e+00
2.305324099999999817e+04 1.018421000000000021e+00 1.025344051294112768e+00
2.305336200000000099e+04 1.023474999999999913e+00 1.032493839898392718e+00
2.305348300000000017e+04 1.026810999999999918e+00 1.038619395750945751e+00
2.305360399999999936e+04 1.033765000000000045e+00 1.043645689954737943e+00
2.305372499999999854e+04 1.036413000000000029e+00 1.047447493722046596e+00
2.305384600000000137e+04 1.033652000000000015e+00 1.049665940439889589e+00
2.305396700000000055e+04 1.032580999999999971e+00 1.049828833677246553e+00
2.305408799999999974e+04 1.040192000000000005e+00 1.047905041010330995e+00
2.305420900000000256e+04 1.064011999999999958e+00 1.044468059780931268e+00
2.305432900000000154e+04 1.036248999999999976e+00 1.040166714014917781e+00
2.305445000000000073e+04 1.009730000000000016e+00 1.035244047830047309e+00
2.305457099999999991e+04 1.004904999999999937e+00 1.029912105619540830e+00
2.305469200000000274e+04 1.015409000000000006e+00 1.024180247450673154e+00
2.305481299999999828e+04 1.017899000000000109e+00 1.018069600336391600e+00
2.305493400000000111e+04 1.025511999999999979e+00 1.011700073036544190e+00
2.305505500000000029e+04 9.892659999999999787e-01 1.005237901721602656e+00
2.305517499999999927e+04 9.620009999999999950e-01 9.989288281738416542e-01
2.305529599999999846e+04 9.616090000000000471e-01 9.928073710183413780e-01
2.305541700000000128e+04 9.659480000000000288e-01 9.869396307029691950e-01
2.305553800000000047e+04 9.546740000000000226e-01 9.812868244717261046e-01
2.305565899999999965e+04 9.413380000000000081e-01 9.757937727616740053e-01
2.305578000000000247e+04 9.267640000000000322e-01 9.703824908557173723e-01
2.305590000000000146e+04 9.293209999999999527e-01 9.649382252437038732e-01
2.305602100000000064e+04 9.262320000000000553e-01 9.590799948105004358e-01
2.305614199999999983e+04 9.215719999999999468e-01 9.522919491112102897e-01
2.305626300000000265e+04 9.204419999999999824e-01 9.437292246635481385e-01
2.305638399999999820e+04 9.016279999999999850e-01 9.331338981557563139e-01
2.305650500000000102e+04 8.949789999999999690e-01 9.213378369753890684e-01
2.305662500000000000e+04 8.839970000000000327e-01 9.093747486322268925e-01
2.305674600000000282e+04 8.711680000000000534e-01 8.971809482135889580e-01
2.305686699999999837e+04 8.354260000000000019e-01 8.848293413767746030e-01
2.305698800000000119e+04 8.350809999999999622e-01 8.721049433824045183e-01
2.305710899999999674e+04 8.305449999999999777e-01 8.589203523714638022e-01
2.305722900000000300e+04 7.994120000000000115e-01 8.451081431552740497e-01
2.305734999999999854e+04 8.011700000000000488e-01 8.301746231831537148e-01
2.305747100000000137e+04 7.880979999999999652e-01 8.137134661963976168e-01
2.305759199999999691e+04 7.622360000000000246e-01 7.953617179109344626e-01
2.305771299999999974e+04 7.525969999999999605e-01 7.752982183275276551e-01
2.305783299999999872e+04 7.102819999999999689e-01 7.543476784128120283e-01
2.305795400000000154e+04 7.047729999999999828e-01 7.328580100486399296e-01
2.305807499999999709e+04 6.796699999999999964e-01 7.115112066894765386e-01
2.305819599999999991e+04 6.566809999999999592e-01 6.906987455155719768e-01
2.305831599999999889e+04 6.539930000000000465e-01 6.704770069767747032e-01
2.305843700000000172e+04 6.222619999999999818e-01 6.504088774261161943e-01
2.305855799999999726e+04 6.119419999999999860e-01 6.310739309518202944e-01
2.305867900000000009e+04 5.986000000000000210e-01 6.133097801656798298e-01
2.305879899999999907e+04 5.858389999999999986e-01 5.975961025642090307e-01
2.305892000000000189e+04 5.696890000000000009e-01 5.841173338850824681e-01
2.305904099999999744e+04 5.600730000000000430e-01 5.732629443883231479e-01
2.305916200000000026e+04 5.562099999999999822e-01 5.651623751596226430e-01
2.305928199999999924e+04 5.534810000000000008e-01 5.598681058455926562e-01
2.305940300000000207e+04 5.393400000000000416e-01 5.573779834163845592e-01
2.305952399999999761e+04 5.368849999999999456e-01 5.579064881563693401e-01
2.305964500000000044e+04 5.711439999999999850e-01 5.615961918196535896e-01
2.305976499999999942e+04 5.627769999999999717e-01 5.683814224724533792e-01
2.305988600000000224e+04 5.677100000000000479e-01 5.782391292247952563e-01
2.306000699999999779e+04 5.790779999999999816e-01 5.910034039192373356e-01
2.306012700000000041e+04 5.995000000000000329e-01 6.064098263405983680e-01
2.306024799999999959e+04 6.144199999999999662e-01 6.245793241779842297e-01
2.306036899999999878e+04 6.311149999999999816e-01 6.451215257781424128e-01
2.306048999999999796e+04 6.563759999999999595e-01 6.678495761860829827e-01
2.306061000000000058e+04 6.809549999999999770e-01 6.913328482139019515e-01
2.306073099999999977e+04 7.061110000000000442e-01 7.148633721065927871e-01
2.306085199999999895e+04 7.280630000000000157e-01 7.382326495463140681e-01
2.306097199999999793e+04 7.497789999999999733e-01 7.618906380740593232e-01
2.306109300000000076e+04 7.884039999999999937e-01 7.864728585814986239e-01
2.306121399999999994e+04 8.126929999999999987e-01 8.117111216312475896e-01
2.306133400000000256e+04 8.366919999999999913e-01 8.370708941960676164e-01
2.306145499999999811e+04 8.670189999999999841e-01 8.626120625367039718e-01
2.306157600000000093e+04 8.734340000000000437e-01 8.876757386341790346e-01
2.306169599999999991e+04 8.915220000000000367e-01 9.114836790946666545e-01
2.306181699999999910e+04 9.294989999999999641e-01 9.338121304244934029e-01
2.306193799999999828e+04 9.331439999999999735e-01 9.537185957217575449e-01
2.306205799999999726e+04 9.632159999999999611e-01 9.706816329736538407e-01
2.306217900000000009e+04 9.675129999999999564e-01 9.850747571033786620e-01
2.306229999999999927e+04 9.874910000000000077e-01 9.972589762498463850e-01
2.306242000000000189e+04 1.000035000000000007e+00 1.007445978735363123e+00
2.306254099999999744e+04 1.007349999999999968e+00 1.016326916460417618e+00
2.306266200000000026e+04 1.012636000000000092e+00 1.023985080142273851e+00
2.306278199999999924e+04 1.020478999999999914e+00 1.030610628498415560e+00
2.306290300000000207e+04 1.014358000000000093e+00 1.036384923741622499e+00
2.306302300000000105e+04 1.034454999999999902e+00 1.041310164585316222e+00
2.306314400000000387e+04 1.040569000000000077e+00 1.045538991898830927e+00
2.306326499999999942e+04 1.032723000000000058e+00 1.049132934336433953e+00
2.306338499999999840e+04 1.043479999999999963e+00 1.052198252131234524e+00
2.306350600000000122e+04 1.037469999999999892e+00 1.054880787374020912e+00
2.306362700000000041e+04 1.063333000000000084e+00 1.057221972585653091e+00
2.306374699999999939e+04 1.065587000000000062e+00 1.059228385075184020e+00
2.306386799999999857e+04 1.059684000000000070e+00 1.061017422287650280e+00
2.306398800000000119e+04 1.046923000000000048e+00 1.062556816626857970e+00
2.306410900000000038e+04 1.049490000000000034e+00 1.063873475211060127e+00
2.306422999999999956e+04 1.060275999999999996e+00 1.064858898231223483e+00
2.306434999999999854e+04 1.076168999999999931e+00 1.065523600906393309e+00
2.306447100000000137e+04 1.071892999999999985e+00 1.065941096807441646e+00
2.306459100000000035e+04 1.056602999999999959e+00 1.066146523032611482e+00
2.306471199999999953e+04 1.059336999999999973e+00 1.066112868867624019e+00
2.306483200000000215e+04 1.070381999999999945e+00 1.065820542421495487e+00
2.306495299999999770e+04 1.073096000000000050e+00 1.065214483254981914e+00
2.306507400000000052e+04 1.068443999999999949e+00 1.064262107011850311e+00
2.306519399999999951e+04 1.076735999999999915e+00 1.062986743789842370e+00
2.306531500000000233e+04 1.055790999999999924e+00 1.061386302694706352e+00
2.306543500000000131e+04 1.065131000000000050e+00 1.059420944125098574e+00
2.306555599999999686e+04 1.065438000000000107e+00 1.056841204148259994e+00
2.306567600000000311e+04 1.031192000000000109e+00 1.053554940639356063e+00
2.306579699999999866e+04 1.007136000000000031e+00 1.049651626201612675e+00
2.306591800000000148e+04 1.012207999999999997e+00 1.045325833746412858e+00
2.306603800000000047e+04 1.046481999999999912e+00 1.040526650139319109e+00
2.306615900000000329e+04 1.023090000000000055e+00 1.034979449303671917e+00
2.306627900000000227e+04 1.025219000000000102e+00 1.028592795095064627e+00
2.306639999999999782e+04 1.015975999999999990e+00 1.021135520443460898e+00
2.306652000000000044e+04 1.000745999999999913e+00 1.012654722334226154e+00
2.306664099999999962e+04 1.006609000000000087e+00 1.003230310111645762e+00
2.306676099999999860e+04 9.929019999999999513e-01 9.932232178691218216e-01
2.306688200000000143e+04 9.749339999999999673e-01 9.825179610823920884e-01
2.306700200000000041e+04 9.774249999999999883e-01 9.711935154175850293e-01
2.306712299999999959e+04 9.524690000000000101e-01 9.588862282093117972e-01
2.306724299999999857e+04 9.323090000000000543e-01 9.455799539415995492e-01
2.306736400000000140e+04 9.359070000000000444e-01 9.307314812823279659e-01
2.306748400000000038e+04 9.108640000000000070e-01 9.142014540940740508e-01
2.306760500000000320e+04 8.931160000000000210e-01 8.951479277693501491e-01
2.306772500000000218e+04 8.642459999999999587e-01 8.737446567432574085e-01
2.306784599999999773e+04 8.543770000000000531e-01 8.498155530587881978e-01
2.306796600000000035e+04 8.300419999999999465e-01 8.246524739458088726e-01
2.306808699999999953e+04 8.054299999999999793e-01 7.986867606152675547e-01
2.306820699999999852e+04 7.719080000000000386e-01 7.728520244938427153e-01
2.306832800000000134e+04 7.426239999999999508e-01 7.471654923240667046e-01
2.306844800000000032e+04 7.152579999999999494e-01 7.224546492768839645e-01
2.306856899999999951e+04 7.072009999999999685e-01 6.986848667292039350e-01
2.306868899999999849e+04 6.857389999999999874e-01 6.765818253753976830e-01
2.306881000000000131e+04 6.412560000000000482e-01 6.560775161922873799e-01
2.306893000000000029e+04 6.395739999999999759e-01 6.377652454436474327e-01
2.306904999999999927e+04 6.189200000000000257e-01 6.216370873567836908e-01
2.306917100000000210e+04 5.985310000000000352e-01 6.077037331313855928e-01
2.306929100000000108e+04 5.736440000000000428e-01 5.963366889094630086e-01
2.306941199999999662e+04 5.903770000000000406e-01 5.875208530419566699e-01
2.306953200000000288e+04 5.875129999999999519e-01 5.815414822066214962e-01
2.306965299999999843e+04 5.906109999999999971e-01 5.787257588744646464e-01
2.306977299999999741e+04 5.697680000000000522e-01 5.789786785677945025e-01
2.306989400000000023e+04 5.811650000000000427e-01 5.820488620720974948e-01
2.307001399999999921e+04 5.752239999999999576e-01 5.876835923317269561e-01
2.307013400000000183e+04 5.874690000000000190e-01 5.958948178798960660e-01
2.307025500000000102e+04 6.091290000000000315e-01 6.068618569507229221e-01
2.307037500000000000e+04 6.206209999999999782e-01 6.203966584857676381e-01
2.307049599999999919e+04 6.402330000000000521e-01 6.365884455350613313e-01
2.307061599999999817e+04 6.549180000000000001e-01 6.549496397772136547e-01
2.307073599999999715e+04 6.895989999999999620e-01 6.752825428577695632e-01
2.307085699999999997e+04 6.886889999999999956e-01 6.973610738315467739e-01
2.307097699999999895e+04 7.026980000000000448e-01 7.204783183042663408e-01
2.307109800000000178e+04 7.341839999999999478e-01 7.450036083401934128e-01
2.307121800000000076e+04 7.776260000000000394e-01 7.704761285853148900e-01
2.307133799999999974e+04 7.911259999999999959e-01 7.969175718566567923e-01
2.307145900000000256e+04 8.258189999999999698e-01 8.241814502617906824e-01
2.307157900000000154e+04 8.570339999999999625e-01 8.513200006895487171e-01
2.307170000000000073e+04 8.809799999999999853e-01 8.782751358491055482e-01
2.307181999999999971e+04 9.056440000000000046e-01 9.040993786030973034e-01
2.307193999999999869e+04 9.248309999999999587e-01 9.282792377999516953e-01
2.307206100000000151e+04 9.251169999999999671e-01 9.503020544184949125e-01
2.307218100000000049e+04 9.536489999999999689e-01 9.693750207825510001e-01
2.307230099999999948e+04 9.626069999999999904e-01 9.856812428791412728e-01
2.307242200000000230e+04 9.876899999999999569e-01 9.996891153499263272e-01
2.307254200000000128e+04 1.004199999999999982e+00 1.011620202793742651e+00
2.307266200000000026e+04 1.014837999999999907e+00 1.021877912788301757e+00
2.307278299999999945e+04 1.012701000000000073e+00 1.030732625627142740e+00
2.307290299999999843e+04 1.004788999999999932e+00 1.038197682523440468e+00
2.307302400000000125e+04 1.026502000000000026e+00 1.044592099145336794e+00
2.307314400000000023e+04 1.042524999999999924e+00 1.050022457186938984e+00
2.307326399999999921e+04 1.045863999999999905e+00 1.054707863641780374e+00
2.307338500000000204e+04 1.031168000000000085e+00 1.058764949300386338e+00
2.307350500000000102e+04 1.052847000000000088e+00 1.062025863661353542e+00
2.307362500000000000e+04 1.057423999999999920e+00 1.064569833313268932e+00
2.307374499999999898e+04 1.055233000000000088e+00 1.066547290002331394e+00
2.307386600000000180e+04 1.053503999999999996e+00 1.068113078538514893e+00
2.307398600000000079e+04 1.051593000000000000e+00 1.069320130976427086e+00
2.307410599999999977e+04 1.047398000000000051e+00 1.070216362880008099e+00
2.307422699999999895e+04 1.053007000000000026e+00 1.070814877868209836e+00
2.307434699999999793e+04 1.043870000000000076e+00 1.071126582294449570e+00
2.307446699999999691e+04 1.056883000000000017e+00 1.071197177645922816e+00
2.307603100000000268e+04 1.045646999999999993e+00 1.030772676211013206e+00
2.307615100000000166e+04 1.036305999999999949e+00 1.023403024460136201e+00
2.307627100000000064e+04 1.006532999999999900e+00 1.013840673588123131e+00
2.307639199999999983e+04 9.789790000000000436e-01 1.002311211398888346e+00
2.307651199999999881e+04 9.931400000000000228e-01 9.899071365976457315e-01
2.307663199999999779e+04 1.016690000000000094e+00 9.771974750694115697e-01
2.307675199999999677e+04 9.973079999999999723e-01 9.644183389207841017e-01
2.307687299999999959e+04 9.690950000000000397e-01 9.515185937696034602e-01
2.307699299999999857e+04 9.514820000000000499e-01 9.388013222971266503e-01
2.307711299999999756e+04 9.166189999999999616e-01 9.261110526816737076e-01
2.307723300000000017e+04 9.058699999999999530e-01 9.133919465944649874e-01
2.307735299999999916e+04 9.060880000000000045e-01 9.005375022258005346e-01
2.307747399999999834e+04 8.867429999999999479e-01 8.874254673676873484e-01
2.307759400000000096e+04 8.769350000000000200e-01 8.742013283115381839e-01
2.307771399999999994e+04 8.549809999999999910e-01 8.606173745039116252e-01
2.307783399999999892e+04 8.438949999999999507e-01 8.464335753491140091e-01
2.307795399999999790e+04 8.170669999999999877e-01 8.312648769648698366e-01
2.307807500000000073e+04 8.082880000000000065e-01 8.146613184029343202e-01
2.307819499999999971e+04 8.041049999999999587e-01 7.964679182922003164e-01
2.307831499999999869e+04 7.700409999999999755e-01 7.765175874633527542e-01
2.307843500000000131e+04 7.519449999999999745e-01 7.553010307871690365e-01
2.307855500000000029e+04 7.168440000000000367e-01 7.336790485500062076e-01
2.307867599999999948e+04 6.980990000000000251e-01 7.119397483827728523e-01
2.307879600000000210e+04 6.831239999999999535e-01 6.910182963429793990e-01
2.307891600000000108e+04 6.603290000000000548e-01 6.710699310915190230e-01
2.307903600000000006e+04 6.382700000000000040e-01 6.525236054445915368e-01
2.307915599999999904e+04 6.182499999999999662e-01 6.355822190986313291e-01
2.307927600000000166e+04 5.977890000000000148e-01 6.202029534162802893e-01
2.307939700000000084e+04 5.852720000000000145e-01 6.062357268211082673e-01
2.307951699999999983e+04 5.779879999999999463e-01 5.942037716020550642e-01
2.307963700000000244e+04 5.640530000000000266e-01 5.845272032482764502e-01
2.307975700000000143e+04 5.610819999999999697e-01 5.775277767087706460e-01
2.307987700000000041e+04 5.426870000000000305e-01 5.733911419094130935e-01
2.307999699999999939e+04 5.583390000000000297e-01 5.721324317070475285e-01
2.308011700000000201e+04 5.644029999999999880e-01 5.738124774591728539e-01
2.308023800000000119e+04 5.561570000000000125e-01 5.782753596409979657e-01
2.308035800000000017e+04 5.710509999999999753e-01 5.849853467243064653e-01
2.308047800000000279e+04 5.647759999999999447e-01 5.933927582258231581e-01
2.308059800000000178e+04 5.889879999999999560e-01 6.027694121331220733e-01
2.308071800000000076e+04 5.941579999999999639e-01 6.127723257945237867e-01
2.308083799999999974e+04 6.204570000000000363e-01 6.237490590882630581e-01
2.308095799999999872e+04 6.295169999999999932e-01 6.363149101208622760e-01
2.308107800000000134e+04 6.386669999999999847e-01 6.509261256804701468e-01
2.308119900000000052e+04 6.702679999999999749e-01 6.678914901107660951e-01
2.308131899999999951e+04 6.685240000000000071e-01 6.868796173014566353e-01
2.308143900000000212e+04 6.914500000000000091e-01 7.078824484297633335e-01
2.308155900000000111e+04 7.163030000000000230e-01 7.306207912119759840e-01
2.308167900000000009e+04 7.561679999999999513e-01 7.548485174834663747e-01
2.308179899999999907e+04 7.730059999999999709e-01 7.801365202996038972e-01
2.308191900000000169e+04 8.009990000000000165e-01 8.061373576120705042e-01
2.308203900000000067e+04 8.327259999999999662e-01 8.321803610885514235e-01
2.308215899999999965e+04 8.518459999999999921e-01 8.579442129330991929e-01
2.308227899999999863e+04 8.784380000000000521e-01 8.829404299108435383e-01
2.308239899999999761e+04 8.922889999999999988e-01 9.067303282028397193e-01
2.308251900000000023e+04 9.214470000000000161e-01 9.286309687478402353e-01
2.308263999999999942e+04 9.337619999999999809e-01 9.481791137464841146e-01
2.308276000000000204e+04 9.438809999999999700e-01 9.648448477341640128e-01
2.308288000000000102e+04 9.701889999999999681e-01 9.790631072282830472e-01
2.308300000000000000e+04 9.774350000000000538e-01 9.912259855500044070e-01
2.308311999999999898e+04 9.883030000000000426e-01 1.001615338108784226e+00
2.308323999999999796e+04 9.958240000000000425e-01 1.010577323434538988e+00
2.308336000000000058e+04 1.023892999999999942e+00 1.018261578478993457e+00
2.308347999999999956e+04 1.020205000000000028e+00 1.024912921428757340e+00
2.308359999999999854e+04 1.027590000000000003e+00 1.030557098068208388e+00
2.308371999999999753e+04 1.023603999999999958e+00 1.035529904703478943e+00
2.308384000000000378e+04 1.026140000000000052e+00 1.039988494691049814e+00
2.308396000000000276e+04 1.049077999999999955e+00 1.044111434909405167e+00
2.308408000000000175e+04 1.069236999999999993e+00 1.047970065903218728e+00
2.308420000000000073e+04 1.075406000000000084e+00 1.051640594771193316e+00
2.308431999999999971e+04 1.064173000000000036e+00 1.055116553017358516e+00
2.308444000000000233e+04 1.071291999999999911e+00 1.058375416568189342e+00
2.308456000000000131e+04 1.066375000000000073e+00 1.061356164241106681e+00
2.308468000000000029e+04 1.084219000000000044e+00 1.063925168375026376e+00
2.308479999999999927e+04 1.086632999999999960e+00 1.065979420042932890e+00
2.308492000000000189e+04 1.084858000000000100e+00 1.067550327725211412e+00
2.308504000000000087e+04 1.081155000000000088e+00 1.068822110952827753e+00
2.308515999999999985e+04 1.094290999999999903e+00 1.069984702187567249e+00
2.308527999999999884e+04 1.091606999999999994e+00 1.071162273681849131e+00
2.308539999999999782e+04 1.090216000000000074e+00 1.072296891047714196e+00
2.308552000000000044e+04 1.101712999999999942e+00 1.073284774331731750e+00
2.308563999999999942e+04 1.089692000000000105e+00 1.074053478532007944e+00
2.308575999999999840e+04 1.099461000000000022e+00 1.074687249239807407e+00
2.308587999999999738e+04 1.088742000000000099e+00 1.075273599806696012e+00
2.308600000000000364e+04 1.099644999999999984e+00 1.075850402057810573e+00
2.308612000000000262e+04 1.088152999999999926e+00 1.076394395287427308e+00
2.308624000000000160e+04 1.097439999999999971e+00 1.076833018833672995e+00
2.308636000000000058e+04 1.089552000000000076e+00 1.077054177210387431e+00
2.308647999999999956e+04 1.090810000000000057e+00 1.076952964025681414e+00
2.308660000000000218e+04 1.079220999999999986e+00 1.076522495885473329e+00
2.308672000000000116e+04 1.080308999999999964e+00 1.075805725198439422e+00
2.308684000000000015e+04 1.091293999999999986e+00 1.074753712031945252e+00
2.308695899999999892e+04 1.089561000000000002e+00 1.073290681846477135e+00
2.308707899999999790e+04 1.099253000000000036e+00 1.071485411929662845e+00
2.308719899999999689e+04 1.075904999999999889e+00 1.069407339860030337e+00
2.308731900000000314e+04 1.075185000000000057e+00 1.067044477359890831e+00
2.308743900000000212e+04 1.080028999999999906e+00 1.064335460644919795e+00
2.308755900000000111e+04 1.081401999999999974e+00 1.061222242787861925e+00
2.308767900000000009e+04 1.065917999999999921e+00 1.057657048688527723e+00
2.308779900000000271e+04 1.078313999999999995e+00 1.053571808083193506e+00
2.308791900000000169e+04 1.060931000000000068e+00 1.048848958123362651e+00
2.308803900000000067e+04 1.028192999999999913e+00 1.043364251081961624e+00
2.308815899999999965e+04 1.037436999999999943e+00 1.037054821785873715e+00
2.308827899999999863e+04 1.013756000000000101e+00 1.029884481341335256e+00
2.308839799999999741e+04 1.035838999999999954e+00 1.021827702195539977e+00
2.308851799999999639e+04 1.040721000000000007e+00 1.012603979651837571e+00
2.308863800000000265e+04 1.010075999999999974e+00 1.001999935684099619e+00
2.308875800000000163e+04 9.862159999999999815e-01 9.897772107551544574e-01
2.308887800000000061e+04 9.749529999999999585e-01 9.755660085606859822e-01
2.308899799999999959e+04 9.581979999999999942e-01 9.588398724428216502e-01
2.308911800000000221e+04 9.489779999999999882e-01 9.393501319833896801e-01
2.308923800000000119e+04 9.116889999999999716e-01 9.171931130612021033e-01
2.308935699999999997e+04 8.900139999999999718e-01 8.930331662451362895e-01
2.308947699999999895e+04 8.802529999999999522e-01 8.671758586430937665e-01
2.308959699999999793e+04 8.418769999999999865e-01 8.404719068554716843e-01
2.308971699999999691e+04 8.070810000000000484e-01 8.134142340032132212e-01
2.308983700000000317e+04 7.608139999999999903e-01 7.864688964117007020e-01
2.308995700000000215e+04 7.560419999999999918e-01 7.599597419422821076e-01
2.309007700000000114e+04 7.383769999999999500e-01 7.342144991236441154e-01
2.309019599999999991e+04 7.151499999999999524e-01 7.098088203887136238e-01
2.309031599999999889e+04 6.865390000000000104e-01 6.869814123330929556e-01
2.309043599999999788e+04 6.802070000000000061e-01 6.661376113086400208e-01
2.309055600000000049e+04 6.435729999999999507e-01 6.474704415706047378e-01
2.309067599999999948e+04 6.513419999999999765e-01 6.311307684886774405e-01
2.309079599999999846e+04 6.269120000000000248e-01 6.173328107076281324e-01
2.309091500000000087e+04 6.146779999999999466e-01 6.063388609541077168e-01
2.309103499999999985e+04 6.010750000000000259e-01 5.980748808243869785e-01
2.309115499999999884e+04 5.972690000000000499e-01 5.926886239294710812e-01
2.309127500000000146e+04 5.884070000000000134e-01 5.901644369834576631e-01
2.309139500000000044e+04 5.783129999999999660e-01 5.904848510208632328e-01
2.309151499999999942e+04 5.926879999999999926e-01 5.936623875178870247e-01
2.309163400000000183e+04 6.014639999999999986e-01 5.996399613130839468e-01
2.309175400000000081e+04 5.989360000000000239e-01 6.084235111129689955e-01
2.309187399999999980e+04 6.244199999999999751e-01 6.197764999588364354e-01
2.309199399999999878e+04 6.284830000000000139e-01 6.336710078392495671e-01
2.309211400000000140e+04 6.296349999999999447e-01 6.499740985378233971e-01
2.309223300000000381e+04 6.589040000000000452e-01 6.684430682251872868e-01
2.309235300000000279e+04 6.801439999999999708e-01 6.891612966077247382e-01
2.309247300000000178e+04 7.081640000000000157e-01 7.117198911051222376e-01
2.309259300000000076e+04 7.259130000000000305e-01 7.358419821477190093e-01
2.309271199999999953e+04 7.554650000000000531e-01 7.609945564798080708e-01
2.309283199999999852e+04 7.858000000000000540e-01 7.872420340798240712e-01
2.309295200000000114e+04 8.111220000000000097e-01 8.139584352285619273e-01
2.309307200000000012e+04 8.332180000000000142e-01 8.406490285440104682e-01
2.309319100000000253e+04 8.501499999999999613e-01 8.665729139565673256e-01
2.309331100000000151e+04 8.749059999999999615e-01 8.916030250582991368e-01
2.309343100000000049e+04 8.942930000000000046e-01 9.147260706118914841e-01
2.309355099999999948e+04 9.229939999999999811e-01 9.351491198624569678e-01
2.309366999999999825e+04 9.498309999999999809e-01 9.524567842552095209e-01
2.309378999999999724e+04 9.606639999999999624e-01 9.671950881967271707e-01
2.309391000000000349e+04 9.555569999999999897e-01 9.795466095666667261e-01
2.309403000000000247e+04 9.288910000000000222e-01 9.898366799102203961e-01
2.309414900000000125e+04 9.413099999999999801e-01 9.984420149970396618e-01
2.309426900000000023e+04 9.912260000000000515e-01 1.005837037291741565e+00
2.309438899999999921e+04 1.006529999999999925e+00 1.012162458327100945e+00
2.309450899999999820e+04 1.017142999999999908e+00 1.017585293021826098e+00
2.309462800000000061e+04 1.009689999999999976e+00 1.022218671649441912e+00
2.309474799999999959e+04 1.018373999999999890e+00 1.026296808980010855e+00
2.309486800000000221e+04 1.021177999999999919e+00 1.029901529283398620e+00
2.309498699999999735e+04 1.036296000000000106e+00 1.033069911924508588e+00
2.309510699999999997e+04 1.035690000000000000e+00 1.035825529447376159e+00
2.309522699999999895e+04 1.040758000000000072e+00 1.038189868888170997e+00
2.309534699999999793e+04 1.034454999999999902e+00 1.040271904138332371e+00
2.309546600000000035e+04 1.049142999999999937e+00 1.042082309960936648e+00
2.309558599999999933e+04 1.046882000000000090e+00 1.043662917690065806e+00
2.309570599999999831e+04 1.053444000000000047e+00 1.044956312275268306e+00
2.309582499999999709e+04 1.043833999999999929e+00 1.045868800006490185e+00
2.309594500000000335e+04 1.044070000000000054e+00 1.046325657290910538e+00
2.309606500000000233e+04 1.032599000000000045e+00 1.046209621837565829e+00
2.309618400000000111e+04 1.030383000000000049e+00 1.045287680073982317e+00
2.309630400000000009e+04 1.036607999999999974e+00 1.043071885439306179e+00
2.309642399999999907e+04 1.038604000000000083e+00 1.038886095325020298e+00
2.309654300000000148e+04 1.023554999999999993e+00 1.032052598933616006e+00
2.309666300000000047e+04 1.012912000000000035e+00 1.022349906561519806e+00
2.309678299999999945e+04 1.006728999999999985e+00 1.010777142601873679e+00
2.309690199999999822e+04 1.001063999999999954e+00 9.986822282555661845e-01
2.309702199999999721e+04 9.854530000000000234e-01 9.863357238200999300e-01
2.309714199999999983e+04 9.793690000000000451e-01 9.740982489018399360e-01
2.309726099999999860e+04 9.619290000000000340e-01 9.621861967278669825e-01
2.309738100000000122e+04 9.530840000000000423e-01 9.503526143816095617e-01
2.309750000000000364e+04 9.351190000000000335e-01 9.386127302123017380e-01
2.309762000000000262e+04 9.094160000000000021e-01 9.267069881382166141e-01
2.309774000000000160e+04 9.079580000000000428e-01 9.148019419842305933e-01
2.309785900000000038e+04 8.933940000000000214e-01 9.030541314287624521e-01
2.309797899999999936e+04 8.863330000000000375e-01 8.913165662516182586e-01
2.309809899999999834e+04 8.655220000000000136e-01 8.797478287600691838e-01
2.309821800000000076e+04 8.342619999999999481e-01 8.683460789012263925e-01
2.309833799999999974e+04 8.546559999999999713e-01 8.569107270597278170e-01
2.309845699999999852e+04 8.455219999999999958e-01 8.461714266080725411e-01
2.309857699999999750e+04 8.382119999999999571e-01 8.363580934049122950e-01
2.309869700000000012e+04 8.225029999999999841e-01 8.277374544078720531e-01
2.309881600000000253e+04 8.058440000000000047e-01 8.203498268379970648e-01
2.309893600000000151e+04 7.982320000000000526e-01 8.140380684935476507e-01
2.309905500000000029e+04 7.954480000000000439e-01 8.088290167504387229e-01
2.309917499999999927e+04 7.891550000000000509e-01 8.045381178805480760e-01
2.309929499999999825e+04 7.872860000000000413e-01 8.011074746615424180e-01
2.309941400000000067e+04 7.812670000000000448e-01 7.984727414761850772e-01
2.309953399999999965e+04 7.884200000000000097e-01 7.965278568466147568e-01
2.309965299999999843e+04 7.836940000000000017e-01 7.951552360649404294e-01
2.309977299999999741e+04 7.804619999999999891e-01 7.941332289907079289e-01
2.309989199999999983e+04 7.719240000000000546e-01 7.931651458028392554e-01
2.310001199999999881e+04 7.533809999999999674e-01 7.920495242612940467e-01
2.310013200000000143e+04 7.760200000000000431e-01 7.903002816552340271e-01
2.310025099999999657e+04 7.751040000000000152e-01 7.875262046905319169e-01
2.310037100000000282e+04 7.848309999999999453e-01 7.829982785850435612e-01
2.310048999999999796e+04 7.714370000000000394e-01 7.764356217038634878e-01
2.310061000000000058e+04 7.685739999999999794e-01 7.677211401219591336e-01
2.310072900000000300e+04 7.640460000000000029e-01 7.571629903739502954e-01
2.310084900000000198e+04 7.342199999999999838e-01 7.444447398061005972e-01
2.310096800000000076e+04 7.251959999999999518e-01 7.293678831275052232e-01
2.310108799999999974e+04 7.127759999999999652e-01 7.115953194734689902e-01
2.310120700000000215e+04 6.890819999999999723e-01 6.920974911776185401e-01
2.310132700000000114e+04 6.644660000000000011e-01 6.717033311428811659e-01
2.310144599999999991e+04 6.528939999999999744e-01 6.518011605288829280e-01
2.310156599999999889e+04 6.214450000000000252e-01 6.330040028407379893e-01
2.310168500000000131e+04 6.117730000000000112e-01 6.160905034694317273e-01
2.310180500000000029e+04 5.982389999999999652e-01 6.008578635699637349e-01
2.310192399999999907e+04 5.962589999999999835e-01 5.875559856046188578e-01
2.310204399999999805e+04 5.737950000000000550e-01 5.760827921084206160e-01
2.310216300000000047e+04 5.707410000000000538e-01 5.667839288891624028e-01
2.310228299999999945e+04 5.506079999999999863e-01 5.596361445652010547e-01
2.310240199999999822e+04 5.439540000000000486e-01 5.548712562685931271e-01
2.310252199999999721e+04 5.582369999999999832e-01 5.524081157544084020e-01
2.310264099999999962e+04 5.553749999999999520e-01 5.522152491216378856e-01
2.310276099999999860e+04 5.583749999999999547e-01 5.543943924903990128e-01
2.310287999999999738e+04 5.669199999999999795e-01 5.592356731141033821e-01
2.310299999999999636e+04 5.615529999999999688e-01 5.670603278534691594e-01
2.310311899999999878e+04 5.843949999999999978e-01 5.778190769302554708e-01
2.310323900000000140e+04 5.893570000000000197e-01 5.917254866435646132e-01
2.310335799999999654e+04 6.100039999999999907e-01 6.081796918047324141e-01
2.310347800000000279e+04 6.387789999999999857e-01 6.272239450239599501e-01
2.310359699999999793e+04 6.650660000000000460e-01 6.482965317901386859e-01
2.310371700000000055e+04 6.737260000000000471e-01 6.713522787974230965e-01
2.310383600000000297e+04 7.065299999999999914e-01 6.957229533654963882e-01
2.310395499999999811e+04 7.250569999999999515e-01 7.213760645088399537e-01
2.310407500000000073e+04 7.654410000000000380e-01 7.483156579849015166e-01
2.310419399999999951e+04 7.980460000000000331e-01 7.757604776898037180e-01
2.310431400000000212e+04 8.176750000000000407e-01 8.037397446806514578e-01
2.310443300000000090e+04 8.435120000000000395e-01 8.313898911103998479e-01
2.310455299999999988e+04 8.885199999999999765e-01 8.586661507843749153e-01
2.310467200000000230e+04 8.879489999999999883e-01 8.847396352379897078e-01
2.310479200000000128e+04 9.347180000000000488e-01 9.090597114451227645e-01
2.310491100000000006e+04 9.390490000000000226e-01 9.307094274456715333e-01
2.310503000000000247e+04 9.747029999999999861e-01 9.497185853514107379e-01
2.310515000000000146e+04 9.913589999999999902e-01 9.664244957682447401e-01
2.310526900000000023e+04 9.977610000000000090e-01 9.809797750485199641e-01
2.310538899999999921e+04 1.014949000000000101e+00 9.940388573879113121e-01
2.310550800000000163e+04 1.023030000000000106e+00 1.005505250500078995e+00
2.310562700000000041e+04 1.029319000000000095e+00 1.015400067485408453e+00
2.310574699999999939e+04 1.042364999999999986e+00 1.023774887766249364e+00
2.310586600000000180e+04 1.037932000000000077e+00 1.030764817055051630e+00
2.310598600000000079e+04 1.045757999999999965e+00 1.036831090937006428e+00
2.310610499999999956e+04 1.037922000000000011e+00 1.042002022884291668e+00
2.310622400000000198e+04 1.071887999999999952e+00 1.046407166395565191e+00
2.310634400000000096e+04 1.073779999999999957e+00 1.050154656651556051e+00
2.310646299999999974e+04 1.065420999999999951e+00 1.053394013060176659e+00
2.310658200000000215e+04 1.060527999999999915e+00 1.056196402570668935e+00
2.310670200000000114e+04 1.064443999999999946e+00 1.058580461623487512e+00
2.310682100000000355e+04 1.075328999999999979e+00 1.060533676223984090e+00
2.310694100000000253e+04 1.069417999999999980e+00 1.062194565985973282e+00
2.310706000000000131e+04 1.074100999999999972e+00 1.063607245583620520e+00
2.310717900000000373e+04 1.069412999999999947e+00 1.064813107766327649e+00
2.310729900000000271e+04 1.069010000000000016e+00 1.065843671942413584e+00
2.310741800000000148e+04 1.065822999999999965e+00 1.066683811224097500e+00
2.310753699999999662e+04 1.081266000000000060e+00 1.067274834574224007e+00
2.310765700000000288e+04 1.087704000000000004e+00 1.067564779870748159e+00
2.310777600000000166e+04 1.066392000000000007e+00 1.067659930782592470e+00
2.310789499999999680e+04 1.083318999999999921e+00 1.067699255228717004e+00
2.310801500000000306e+04 1.084802000000000044e+00 1.067718685380581789e+00
2.310813399999999820e+04 1.095671000000000062e+00 1.067654426451593030e+00
2.310825299999999697e+04 1.078818999999999972e+00 1.067454149092919913e+00
2.310837300000000323e+04 1.087728999999999946e+00 1.067128896719051312e+00
2.310849199999999837e+04 1.092437000000000102e+00 1.066750832409094185e+00
2.310861099999999715e+04 1.083577000000000012e+00 1.066397485619286156e+00
2.310872999999999956e+04 1.085531000000000024e+00 1.066073986985076827e+00
2.310884999999999854e+04 1.083714999999999984e+00 1.065707395365941057e+00
2.310896900000000096e+04 1.072278999999999982e+00 1.065258994372666690e+00
2.310908799999999974e+04 1.076532999999999962e+00 1.064760597600496128e+00
2.310920799999999872e+04 1.086508000000000029e+00 1.064284146925959629e+00
2.310932700000000114e+04 1.092827999999999911e+00 1.063847064530082376e+00
2.310944599999999991e+04 1.080311999999999939e+00 1.063404938814080269e+00
2.310956599999999889e+04 1.077371999999999996e+00 1.062859974253708595e+00
2.310968500000000131e+04 1.078386999999999984e+00 1.062232700947098651e+00
2.310980400000000009e+04 1.068100999999999967e+00 1.061489231916042275e+00
2.310992300000000250e+04 1.073593999999999937e+00 1.060519193890719469e+00
2.311004300000000148e+04 1.073123000000000049e+00 1.059158100485145582e+00
2.311016200000000026e+04 1.063102999999999909e+00 1.057424458124153421e+00
2.311028100000000268e+04 1.052810999999999941e+00 1.055390432120056232e+00
2.311040000000000146e+04 1.049245999999999901e+00 1.053082614877575152e+00
2.311052000000000044e+04 1.059004000000000056e+00 1.050422072692755338e+00
2.311063900000000285e+04 1.043487999999999971e+00 1.047345546453583021e+00
2.311075799999999799e+04 1.039215000000000000e+00 1.043805631034729231e+00
2.311087699999999677e+04 1.037087000000000092e+00 1.039703951760486911e+00
2.311099700000000303e+04 1.034424000000000010e+00 1.034906981665527859e+00
2.311111599999999817e+04 1.031894000000000089e+00 1.029291700762714923e+00
2.311123500000000058e+04 1.022794999999999899e+00 1.022728017334422201e+00
2.311135399999999936e+04 1.006081000000000003e+00 1.015069140304239781e+00
2.311147399999999834e+04 1.007940000000000058e+00 1.006088483990913884e+00
2.311159300000000076e+04 9.845380000000000242e-01 9.955193330714107169e-01
2.311171199999999953e+04 9.696919999999999984e-01 9.829247585877540772e-01
2.311183100000000195e+04 9.662150000000000460e-01 9.681465161543334474e-01
2.311195000000000073e+04 9.573939999999999673e-01 9.511152804710508724e-01
2.311206999999999971e+04 9.312899999999999512e-01 9.315013042281012901e-01
2.311218900000000212e+04 9.192099999999999715e-01 9.094236424011276076e-01
2.311230800000000090e+04 8.867310000000000469e-01 8.848768087081027023e-01
2.311242700000000332e+04 8.606059999999999821e-01 8.583713853928039983e-01
2.311254599999999846e+04 8.213230000000000253e-01 8.307171266939122889e-01
2.311266600000000108e+04 7.957079999999999709e-01 8.021765182101902036e-01
2.311278499999999622e+04 7.742719999999999603e-01 7.737724072535854258e-01
2.311290399999999863e+04 7.526859999999999662e-01 7.456324241262197727e-01
2.311302299999999741e+04 7.235780000000000545e-01 7.182183683311719191e-01
2.311314199999999983e+04 6.925179999999999669e-01 6.918962703145240534e-01
2.311326199999999881e+04 6.592580000000000107e-01 6.668030020665227653e-01
2.311338100000000122e+04 6.445739999999999803e-01 6.436552485991346995e-01
2.311350000000000000e+04 6.151839999999999531e-01 6.225010984115181278e-01
2.311361900000000242e+04 6.038670000000000426e-01 6.036775915137588822e-01
2.311373800000000119e+04 6.035089999999999621e-01 5.874148440663948811e-01
2.311385700000000361e+04 5.721770000000000467e-01 5.739647487023595840e-01
2.311397700000000259e+04 5.606280000000000152e-01 5.634928279783121274e-01
2.311409600000000137e+04 5.668170000000000153e-01 5.562501728228265163e-01
2.311421499999999651e+04 5.642319999999999558e-01 5.520236083417197070e-01
2.311433399999999892e+04 5.463299999999999823e-01 5.508237248499660010e-01
2.311445299999999770e+04 5.565510000000000179e-01 5.525281734820753909e-01
2.311457200000000012e+04 5.630319999999999769e-01 5.571306558751892846e-01
2.311469099999999889e+04 5.829159999999999897e-01 5.646426706328494527e-01
2.311481099999999788e+04 5.748379999999999601e-01 5.751652127578913420e-01
2.311493000000000029e+04 5.912929999999999575e-01 5.884289153640251957e-01
2.311504899999999907e+04 6.080750000000000322e-01 6.042793980923357733e-01
2.311516800000000148e+04 6.158909999999999663e-01 6.223980413005685275e-01
2.311528700000000390e+04 6.324720000000000342e-01 6.421948815057906268e-01
2.311540599999999904e+04 6.695759999999999490e-01 6.628038664764853705e-01
2.311552499999999782e+04 6.880009999999999737e-01 6.834093550695882202e-01
2.311564400000000023e+04 7.039539999999999687e-01 7.044233192614763883e-01
2.311576299999999901e+04 7.207310000000000105e-01 7.260909826297290426e-01
2.311588299999999799e+04 7.409069999999999823e-01 7.484094892584283176e-01
2.311600200000000041e+04 7.667650000000000299e-01 7.701613031946894505e-01
2.311612099999999919e+04 7.897659999999999680e-01 7.903068906928034654e-01
2.311624000000000160e+04 8.160519999999999996e-01 8.077563594396109936e-01
2.311635900000000038e+04 8.226489999999999636e-01 8.220779151612779279e-01
2.311647799999999916e+04 8.381380000000000496e-01 8.334273915001915167e-01
2.311659699999999793e+04 8.408919999999999728e-01 8.420468683477649874e-01
2.311671600000000035e+04 8.519449999999999523e-01 8.481622402416569839e-01
2.311683499999999913e+04 8.417510000000000270e-01 8.521454554985523622e-01
2.311695400000000154e+04 8.529259999999999620e-01 8.545883644631621090e-01
2.311707300000000032e+04 8.594690000000000385e-01 8.558418973242623018e-01
2.311719200000000274e+04 8.535430000000000517e-01 8.564687277191149750e-01
2.311731200000000172e+04 8.479520000000000390e-01 8.566634411489576495e-01
2.311743100000000049e+04 8.633389999999999675e-01 8.567113690368028944e-01
2.311754999999999927e+04 8.543340000000000378e-01 8.568205047524950491e-01
2.311766899999999805e+04 8.638240000000000363e-01 8.572322532492183678e-01
2.311778800000000047e+04 8.680390000000000050e-01 8.581212392553858592e-01
2.311790699999999924e+04 8.810599999999999543e-01 8.596188817176433350e-01
2.311802600000000166e+04 8.611309999999999798e-01 8.618706239421141113e-01
2.311814500000000044e+04 8.662069999999999492e-01 8.649601083067482987e-01
2.311826400000000285e+04 8.875210000000000043e-01 8.690024091412147378e-01
2.311838299999999799e+04 8.803499999999999659e-01 8.740130024456193025e-01
2.311850199999999677e+04 8.857760000000000078e-01 8.801123119290493735e-01
2.311862099999999919e+04 9.057800000000000296e-01 8.870322726247901191e-01
2.311874000000000160e+04 9.127070000000000460e-01 8.943261086941868276e-01
2.311885900000000038e+04 9.229629999999999779e-01 9.014879539584101931e-01
2.311897800000000279e+04 9.191939999999999555e-01 9.085442908496027536e-01
2.311909700000000157e+04 9.208760000000000279e-01 9.158929167514613390e-01
2.311921599999999671e+04 9.311789999999999790e-01 9.238842216591283130e-01
2.311933499999999913e+04 9.506999999999999895e-01 9.326015609614198842e-01
2.311945399999999790e+04 9.534030000000000005e-01 9.419478821973773508e-01
2.311957300000000032e+04 9.553319999999999590e-01 9.517757999791703893e-01
2.311969199999999910e+04 9.707360000000000433e-01 9.617726608138487121e-01
2.311981100000000151e+04 9.877050000000000551e-01 9.712712662972573519e-01
2.311993000000000029e+04 9.855030000000000179e-01 9.794821982881679601e-01
2.312004899999999907e+04 9.990120000000000111e-01 9.867172245787211304e-01
2.312016799999999785e+04 1.012502999999999931e+00 9.937414389551557647e-01
2.312028700000000026e+04 1.017050000000000010e+00 1.000813820801296439e+00
2.312040599999999904e+04 1.018537000000000026e+00 1.007848010032029729e+00
2.312052500000000146e+04 1.040121000000000073e+00 1.014370583210084442e+00
2.312064400000000023e+04 1.027994999999999992e+00 1.019608094124899944e+00
2.312076300000000265e+04 1.048326000000000091e+00 1.023036812971226395e+00
2.312088199999999779e+04 1.041852000000000000e+00 1.024761420034940418e+00
2.312100100000000020e+04 1.037786000000000097e+00 1.025350068566941220e+00
2.312111999999999898e+04 1.030461999999999989e+00 1.025377182750066396e+00
2.312123800000000119e+04 1.045841999999999938e+00 1.025163584996050092e+00
2.312135699999999633e+04 1.048408999999999924e+00 1.024887869034718513e+00
2.312147599999999875e+04 1.052945999999999938e+00 1.024514975383670867e+00
2.312159499999999753e+04 1.022728999999999999e+00 1.023949939581299207e+00
2.312171399999999994e+04 9.818989999999999663e-01 1.023294606978648824e+00
2.312183299999999872e+04 9.921600000000000419e-01 1.022702567563510190e+00
2.312195200000000114e+04 1.028059999999999974e+00 1.022248297222859925e+00
2.312207100000000355e+04 1.040397000000000016e+00 1.021974164511668670e+00
2.312218999999999869e+04 1.035835999999999979e+00 1.021863726540260364e+00
2.312230899999999747e+04 1.025889000000000051e+00 1.021872926609145749e+00
2.312242799999999988e+04 1.036907999999999941e+00 1.021941414195116637e+00
2.312254699999999866e+04 1.029781999999999975e+00 1.021965844530011713e+00
2.312266600000000108e+04 1.024909999999999988e+00 1.021850415367035803e+00
2.312278399999999965e+04 1.018607999999999958e+00 1.021460698685977109e+00
2.312290299999999843e+04 1.022969000000000017e+00 1.020740393876009122e+00
2.312302200000000084e+04 1.023285999999999918e+00 1.019570436025632132e+00
2.312314099999999962e+04 1.015897000000000050e+00 1.017588077432625138e+00
2.312326000000000204e+04 1.012950999999999935e+00 1.014063623809177361e+00
2.312337900000000081e+04 1.009943000000000035e+00 1.008698467510305452e+00
2.312349799999999959e+04 9.980240000000000222e-01 1.001638922698277590e+00
2.312361699999999837e+04 1.008861000000000008e+00 9.931681090979516124e-01
2.312373500000000058e+04 9.829160000000000119e-01 9.834446940508435597e-01
2.312385400000000300e+04 9.788780000000000259e-01 9.721725591338312711e-01
2.312397300000000178e+04 9.618689999999999740e-01 9.592292077553487006e-01
2.312409199999999691e+04 9.514289999999999692e-01 9.442348454632535359e-01
2.312421099999999933e+04 9.349969999999999670e-01 9.268538532452568202e-01
2.312432999999999811e+04 9.287999999999999590e-01 9.067131303598068293e-01
2.312444900000000052e+04 8.927340000000000275e-01 8.839026081941145918e-01
2.312456699999999910e+04 8.619869999999999477e-01 8.594547431339562005e-01
2.312468599999999788e+04 8.345690000000000053e-01 8.336737652477539395e-01
2.312480500000000029e+04 8.107090000000000130e-01 8.071839738570520950e-01
2.312492399999999907e+04 7.736060000000000159e-01 7.805093048626127183e-01
2.312504300000000148e+04 7.562990000000000546e-01 7.540696429538770174e-01
2.312516200000000026e+04 7.059130000000000127e-01 7.282702501602786871e-01
2.312527999999999884e+04 6.963869999999999783e-01 7.036835286861476968e-01
2.312539900000000125e+04 6.789579999999999504e-01 6.801767088718160270e-01
2.312551800000000003e+04 6.568300000000000249e-01 6.582815448767719291e-01
2.312563700000000244e+04 6.441259999999999764e-01 6.382042067018877107e-01
2.312575600000000122e+04 6.250170000000000448e-01 6.202449969638090810e-01
2.312587499999999636e+04 5.953640000000000043e-01 6.047394813133268876e-01
2.312599299999999857e+04 6.002619999999999623e-01 5.916482149797054335e-01
2.312611200000000099e+04 5.785040000000000182e-01 5.808799133728810293e-01
2.312623099999999977e+04 5.705160000000000231e-01 5.728403028669663000e-01
2.312635000000000218e+04 5.725639999999999619e-01 5.676870365283130937e-01
2.312646899999999732e+04 5.613059999999999716e-01 5.655388850976857951e-01
2.312658699999999953e+04 5.687879999999999603e-01 5.664207812884145543e-01
2.312670600000000195e+04 5.666250000000000453e-01 5.703574832077510370e-01
2.312682500000000073e+04 5.770889999999999631e-01 5.773285384798307884e-01
2.312694399999999951e+04 5.884489999999999998e-01 5.872153615265029991e-01
2.312706200000000172e+04 5.942380000000000440e-01 5.997775094252130179e-01
2.312718100000000049e+04 6.127559999999999674e-01 6.150389215386906638e-01
2.312730000000000291e+04 6.220459999999999878e-01 6.329461485540336385e-01
2.312741899999999805e+04 6.509489999999999998e-01 6.530673971744640482e-01
2.312753799999999683e+04 6.644060000000000521e-01 6.751967579737384595e-01
2.312765600000000268e+04 6.910429999999999628e-01 6.988621765406511921e-01
2.312777500000000146e+04 7.146409999999999707e-01 7.242325413096826203e-01
2.312789400000000387e+04 7.369400000000000395e-01 7.507573278588683952e-01
2.312801299999999901e+04 7.648500000000000298e-01 7.780356702174878736e-01
2.312813100000000122e+04 8.099220000000000308e-01 8.053797115452037136e-01
2.312825000000000000e+04 8.242920000000000247e-01 8.327675829990927037e-01
2.312836900000000242e+04 8.532480000000000064e-01 8.595369009543255556e-01
2.312848700000000099e+04 8.786319999999999686e-01 8.849742597802371380e-01
2.312860599999999977e+04 9.073569999999999691e-01 9.090514312860571433e-01
2.312872500000000218e+04 9.176950000000000385e-01 9.306929943588574394e-01
2.312884400000000096e+04 9.400180000000000202e-01 9.495358514716636389e-01
2.312896199999999953e+04 9.564850000000000296e-01 9.655944549638653118e-01
2.312908100000000195e+04 9.761039999999999717e-01 9.795616774538686844e-01
2.312920000000000073e+04 9.923999999999999488e-01 9.915395009784137015e-01
2.312931799999999930e+04 9.892900000000000027e-01 1.001807477936373258e+00
2.312943699999999808e+04 9.994490000000000318e-01 1.010810847019108394e+00
2.312955600000000049e+04 1.015713000000000088e+00 1.018655548073131412e+00
2.312967499999999927e+04 1.024137000000000075e+00 1.025510548717061043e+00
2.312979299999999785e+04 1.044194000000000067e+00 1.031413245229788611e+00
2.312991200000000026e+04 1.034389000000000003e+00 1.036615454683704307e+00
2.313003099999999904e+04 1.042596000000000078e+00 1.041158927824092695e+00
2.313014900000000125e+04 1.052794000000000008e+00 1.045055576351850757e+00
2.313026800000000003e+04 1.066970999999999892e+00 1.048284189466648142e+00
2.313038699999999881e+04 1.062257000000000007e+00 1.050952036320211835e+00
2.313050500000000102e+04 1.072249000000000008e+00 1.053164712852169949e+00
2.313062400000000343e+04 1.065255000000000063e+00 1.055047937625602339e+00
2.313074299999999857e+04 1.077935000000000088e+00 1.056560153824101400e+00
2.313086100000000079e+04 1.065377000000000018e+00 1.057546066661671835e+00
2.313097999999999956e+04 1.072559000000000040e+00 1.057722557044473710e+00
2.313109900000000198e+04 1.071258000000000044e+00 1.056845241964885052e+00
2.313121700000000055e+04 1.077982999999999913e+00 1.055105735088990082e+00
2.313133599999999933e+04 1.072977999999999987e+00 1.052955204543660761e+00
2.313145500000000175e+04 1.067593000000000014e+00 1.050755915579623556e+00
2.313157300000000032e+04 1.065949000000000035e+00 1.048615530774711591e+00
2.313169199999999910e+04 1.050589999999999913e+00 1.046582367509585554e+00
2.313181100000000151e+04 1.073050000000000059e+00 1.044689822285703285e+00
2.313192900000000373e+04 1.061873000000000067e+00 1.042938724128632977e+00
2.313204799999999886e+04 1.052184999999999926e+00 1.041241535899550819e+00
2.313216600000000108e+04 1.040659000000000001e+00 1.039588673855119882e+00
2.313228499999999985e+04 1.045265000000000111e+00 1.037976375886878300e+00
2.313240400000000227e+04 1.049458000000000002e+00 1.036504441314459291e+00
2.313252200000000084e+04 1.048715999999999982e+00 1.035252171851424041e+00
2.313264099999999962e+04 1.046839999999999993e+00 1.034181859676114534e+00
2.313276000000000204e+04 1.041528999999999927e+00 1.033255461797497388e+00
2.313287800000000061e+04 1.035177000000000014e+00 1.032495041667506497e+00
2.313299699999999939e+04 1.041088000000000013e+00 1.032043287793227959e+00
2.313311500000000160e+04 1.037462000000000106e+00 1.031961097273316863e+00
2.313323399999999674e+04 1.044534000000000074e+00 1.032201865101451732e+00
2.313335199999999895e+04 1.052562999999999915e+00 1.032737906168122111e+00
2.313347100000000137e+04 1.036156999999999995e+00 1.033557632521689973e+00
2.313359000000000015e+04 1.044067000000000078e+00 1.034637848301770413e+00
2.313370799999999872e+04 1.056653999999999982e+00 1.035969773016241602e+00
2.313382700000000114e+04 1.037239000000000022e+00 1.037584761918693088e+00
2.313394499999999971e+04 1.043371000000000048e+00 1.039424045411831310e+00
2.313406399999999849e+04 1.045841000000000021e+00 1.041451968565319408e+00
2.313418300000000090e+04 1.037643000000000093e+00 1.043618532436100699e+00
2.313430100000000311e+04 1.041141000000000094e+00 1.045899383609991462e+00
2.313442000000000189e+04 1.052113999999999994e+00 1.048375609603221736e+00
2.313453800000000047e+04 1.047242999999999924e+00 1.050879554926685833e+00
2.313465699999999924e+04 1.056427999999999923e+00 1.053210222477719338e+00
2.313477499999999782e+04 1.067933999999999939e+00 1.055101464690322732e+00
2.313489400000000023e+04 1.059231999999999951e+00 1.056464802213951559e+00
2.313501200000000244e+04 1.058707000000000065e+00 1.057263672160659196e+00
2.313513100000000122e+04 1.059131000000000045e+00 1.057578186124554565e+00
2.313524899999999980e+04 1.048599000000000059e+00 1.057362302978433588e+00
2.313536800000000221e+04 1.058102000000000098e+00 1.056289705990095085e+00
2.313548700000000099e+04 1.050011999999999945e+00 1.053854767038182816e+00
2.313560499999999956e+04 1.034799999999999942e+00 1.049827428815012231e+00
2.313572399999999834e+04 1.023649000000000031e+00 1.044441862385093289e+00
2.313584200000000055e+04 1.032906000000000102e+00 1.037995512996197744e+00
2.313596099999999933e+04 1.024480000000000057e+00 1.030525242277687159e+00
2.313607900000000154e+04 1.019671999999999912e+00 1.022050553550566621e+00
2.313619800000000032e+04 1.024224999999999941e+00 1.012326517307308382e+00
2.313631599999999889e+04 1.012539000000000078e+00 1.001313378077134608e+00
2.313643500000000131e+04 9.968080000000000274e-01 9.886035075937120720e-01
2.313655300000000352e+04 9.778829999999999467e-01 9.740623981394186393e-01
2.313667199999999866e+04 9.571070000000000411e-01 9.570118622272515418e-01
2.313679000000000087e+04 9.412850000000000383e-01 9.374461696157648793e-01
2.313690899999999965e+04 9.338020000000000209e-01 9.150000906853053007e-01
2.313702699999999822e+04 8.909080000000000332e-01 8.903375136500808473e-01
2.313714600000000064e+04 8.698169999999999513e-01 8.635687521476380635e-01
2.313726400000000285e+04 8.433690000000000353e-01 8.358790855039875956e-01
2.313738200000000143e+04 8.044710000000000472e-01 8.076349181871375071e-01
2.313750100000000020e+04 7.793029999999999680e-01 7.791451411882451827e-01
2.313761899999999878e+04 7.618430000000000479e-01 7.512561863433935283e-01
2.313773799999999756e+04 7.269609999999999683e-01 7.239053551309124757e-01
2.313785599999999977e+04 6.970939999999999914e-01 6.979013451793993905e-01
2.313797500000000218e+04 6.640979999999999661e-01 6.731466979658058403e-01
2.313809300000000076e+04 6.511160000000000281e-01 6.503714316135379425e-01
2.313821199999999953e+04 6.288880000000000026e-01 6.294356133704678280e-01
2.313832999999999811e+04 6.169430000000000192e-01 6.109018912763665154e-01
2.313844900000000052e+04 6.019130000000000313e-01 5.945738497046169080e-01
2.313856700000000274e+04 5.783409999999999940e-01 5.810307369648335385e-01
2.313868499999999767e+04 5.765209999999999502e-01 5.704450097897924010e-01
2.313880400000000009e+04 5.787360000000000282e-01 5.627836617040683498e-01
2.313892200000000230e+04 5.650739999999999652e-01 5.582568403864585083e-01
2.313904099999999744e+04 5.625390000000000112e-01 5.568013999069810760e-01
2.313915899999999965e+04 5.611180000000000057e-01 5.583586192577975060e-01
2.313927800000000207e+04 5.699079999999999702e-01 5.627831742173328156e-01
2.313939599999999700e+04 5.773760000000000003e-01 5.698750820840823295e-01
2.313951399999999921e+04 5.869490000000000540e-01 5.796605955870954840e-01
2.313963300000000163e+04 5.842650000000000343e-01 5.923290467668748116e-01
2.313975100000000020e+04 6.084760000000000169e-01 6.075560141398083092e-01
2.313986999999999898e+04 6.248420000000000085e-01 6.254283276884758935e-01
2.313998799999999756e+04 6.392109999999999737e-01 6.454432216475428641e-01
2.314010599999999977e+04 6.589509999999999534e-01 6.672737693020176497e-01
2.314022500000000218e+04 6.826189999999999758e-01 6.903318495526620246e-01
2.314034299999999712e+04 7.044030000000000014e-01 7.136330364824412520e-01
2.314046199999999953e+04 7.412710000000000132e-01 7.373908856865408756e-01
2.314058000000000175e+04 7.550289999999999502e-01 7.612572891330193769e-01
2.314069800000000032e+04 7.872869999999999591e-01 7.852099154587189878e-01
2.314081699999999910e+04 8.157450000000000534e-01 8.089027370946400008e-01
2.314093499999999767e+04 8.307790000000000452e-01 8.313739438732589138e-01
2.314105299999999988e+04 8.551729999999999610e-01 8.524597895408843051e-01
2.314117200000000230e+04 8.750670000000000393e-01 8.720818229131944710e-01
2.314128999999999724e+04 8.787150000000000238e-01 8.895354145392856404e-01
2.314140799999999945e+04 9.074379999999999669e-01 9.044372414712067432e-01
2.314152700000000186e+04 9.026629999999999932e-01 9.172335943904154076e-01
2.314164500000000044e+04 9.169589999999999685e-01 9.281377261489517361e-01
2.314176399999999921e+04 9.218950000000000200e-01 9.375658695165070000e-01
2.314188199999999779e+04 9.382599999999999829e-01 9.456476109718485734e-01
2.314200000000000000e+04 9.483129999999999615e-01 9.527007068886717001e-01
2.314211900000000242e+04 9.578689999999999705e-01 9.589843099540580340e-01
2.314223699999999735e+04 9.556409999999999627e-01 9.645638219033514371e-01
2.314235499999999956e+04 9.757369999999999655e-01 9.696052567935187216e-01
2.314247400000000198e+04 9.634249999999999758e-01 9.743360393876042691e-01
2.314259200000000055e+04 9.754650000000000265e-01 9.788106545646012568e-01
2.314271000000000276e+04 9.755960000000000187e-01 9.832124415964346165e-01
2.314282800000000134e+04 9.818679999999999630e-01 9.875510319079573440e-01
2.314294700000000012e+04 9.910750000000000393e-01 9.919470259901023157e-01
2.314306499999999869e+04 9.871699999999999919e-01 9.963714406592334427e-01
2.314318300000000090e+04 9.853589999999999849e-01 1.000933349268123385e+00
2.314330199999999968e+04 9.902330000000000298e-01 1.005712155659767015e+00
2.314341999999999825e+04 9.960590000000000277e-01 1.010636420929209800e+00
2.314353800000000047e+04 1.024980999999999920e+00 1.015677968506058404e+00
2.314365700000000288e+04 1.032218000000000080e+00 1.020748474725181598e+00
2.314377500000000146e+04 1.030562999999999896e+00 1.025682964912693729e+00
2.314389300000000367e+04 1.022459000000000007e+00 1.030573710132653087e+00
2.314401099999999860e+04 1.040043999999999969e+00 1.035574787190494339e+00
2.314413000000000102e+04 1.048651999999999918e+00 1.040788710228021330e+00
2.314424799999999959e+04 1.057166000000000050e+00 1.046121731116146814e+00
2.314436600000000180e+04 1.045447000000000015e+00 1.051550381332982509e+00
2.314448399999999674e+04 1.049935000000000063e+00 1.056940093007489700e+00
2.314460299999999916e+04 1.058197000000000054e+00 1.061979317771124975e+00
2.314472100000000137e+04 1.079358999999999957e+00 1.066113317354419054e+00
2.314483899999999994e+04 1.082886000000000015e+00 1.069201695715877198e+00
2.314495700000000215e+04 1.091336000000000084e+00 1.071463110452113510e+00
2.314507600000000093e+04 1.078492999999999924e+00 1.073220218325761754e+00
2.314519399999999951e+04 1.083728999999999942e+00 1.074434747636230147e+00
2.314531199999999808e+04 1.091034999999999977e+00 1.074858243807176539e+00
2.314543000000000029e+04 1.091226000000000029e+00 1.074459805611388541e+00
2.314554899999999907e+04 1.084940000000000015e+00 1.073631491630912649e+00
2.314566699999999764e+04 1.077393999999999963e+00 1.072563455259518239e+00
2.314578499999999985e+04 1.087560000000000082e+00 1.071209969483104096e+00
2.314590299999999843e+04 1.080602999999999980e+00 1.069568232630610627e+00
2.314602200000000084e+04 1.078751000000000015e+00 1.067641787491148131e+00
2.314614000000000306e+04 1.092125999999999930e+00 1.065424853247234571e+00
2.314625799999999799e+04 1.063463999999999965e+00 1.062742393597557511e+00
2.314637600000000020e+04 1.072773999999999894e+00 1.059267958226354223e+00
2.314649399999999878e+04 1.070826999999999973e+00 1.054430393432729929e+00
2.314661300000000119e+04 1.051744999999999930e+00 1.047321740808030643e+00
2.314673099999999977e+04 1.053449000000000080e+00 1.037740618840912399e+00
2.314684900000000198e+04 1.031120000000000037e+00 1.026400216495114481e+00
2.314696699999999691e+04 1.030454999999999899e+00 1.014571667188381543e+00
2.314708499999999913e+04 1.015756000000000103e+00 1.002577408737483244e+00
2.314720400000000154e+04 9.827069999999999972e-01 9.904694500522749356e-01
2.314732200000000012e+04 9.708409999999999540e-01 9.785950674684767980e-01
2.314744000000000233e+04 9.655529999999999946e-01 9.669813696357116850e-01
2.314755800000000090e+04 9.512009999999999632e-01 9.557369867203598934e-01
2.314767600000000311e+04 9.387710000000000221e-01 9.449575802891634346e-01
2.314779399999999805e+04 9.251190000000000246e-01 9.347277485636242833e-01
2.314791300000000047e+04 9.174550000000000205e-01 9.250133315733855000e-01
2.314803099999999904e+04 9.022879999999999789e-01 9.159025930292509221e-01
2.314814900000000125e+04 8.987370000000000081e-01 9.072149013525118155e-01
2.314826699999999619e+04 9.031890000000000196e-01 8.989008063351591193e-01
2.314838499999999840e+04 8.815319999999999823e-01 8.910132705110743734e-01
2.314850299999999697e+04 8.730360000000000342e-01 8.835416000432201322e-01
2.314862199999999939e+04 8.704229999999999468e-01 8.764336141375856926e-01
2.314874000000000160e+04 8.633509999999999796e-01 8.697517536467439525e-01
2.314885800000000017e+04 8.588839999999999808e-01 8.633031362835676958e-01
2.314897600000000239e+04 8.529769999999999852e-01 8.568940625369871888e-01
2.314909399999999732e+04 8.386099999999999666e-01 8.503277042614428849e-01
2.314921199999999953e+04 8.158579999999999721e-01 8.434578652078725813e-01
2.314932999999999811e+04 8.260370000000000212e-01 8.360786705138674169e-01
2.314944800000000032e+04 8.116569999999999618e-01 8.279361568717134023e-01
2.314956700000000274e+04 7.924240000000000173e-01 8.182725782379425272e-01
2.314968500000000131e+04 7.768030000000000213e-01 8.068538961286578770e-01
2.314980300000000352e+04 7.648589999999999556e-01 7.935703949749864927e-01
2.314992099999999846e+04 7.526490000000000125e-01 7.785893623305305544e-01
2.315003899999999703e+04 7.436719999999999997e-01 7.622340839228741727e-01
2.315015699999999924e+04 7.286500000000000199e-01 7.449399388025511604e-01
2.315027499999999782e+04 7.165679999999999827e-01 7.270941177186146520e-01
2.315039300000000003e+04 6.970699999999999674e-01 7.090556299191731471e-01
2.315051099999999860e+04 6.794540000000000024e-01 6.912404169344195104e-01
2.315062900000000081e+04 6.690580000000000416e-01 6.739347223483983518e-01
2.315074799999999959e+04 6.455809999999999604e-01 6.572705531277316382e-01
2.315086599999999817e+04 6.087270000000000181e-01 6.415059960421820584e-01
2.315098400000000038e+04 6.183300000000000463e-01 6.257131870592341771e-01
2.315110199999999895e+04 5.911899999999999933e-01 6.093297172211813439e-01
2.315122000000000116e+04 5.775439999999999463e-01 5.929140367740310946e-01
2.315133799999999974e+04 5.693629999999999525e-01 5.775026143482664409e-01
2.315145600000000195e+04 5.528769999999999518e-01 5.639129588688639450e-01
2.315157400000000052e+04 5.425090000000000190e-01 5.526044296702705694e-01
2.315169200000000274e+04 5.240230000000000166e-01 5.438423641452380108e-01
2.315180999999999767e+04 5.254100000000000437e-01 5.378252097267469667e-01
2.315192799999999988e+04 5.252400000000000402e-01 5.346783984096293851e-01
2.315204599999999846e+04 5.340179999999999927e-01 5.344917839404406124e-01
2.315216400000000067e+04 5.362869999999999582e-01 5.374801078007644950e-01
2.315228199999999924e+04 5.365670000000000162e-01 5.436088303147253997e-01
2.315240000000000146e+04 5.588220000000000409e-01 5.526151627168973679e-01
2.315251800000000003e+04 5.639579999999999593e-01 5.643102300727147469e-01
2.315263600000000224e+04 5.802669999999999773e-01 5.782727450859751483e-01
2.315275400000000081e+04 5.929529999999999523e-01 5.938243759102588282e-01
2.315287200000000303e+04 6.182579999999999742e-01 6.103787351028947539e-01
2.315299000000000160e+04 6.266720000000000068e-01 6.278888779790587904e-01
2.315310799999999654e+04 6.474389999999999867e-01 6.467629191999390015e-01
2.315322599999999875e+04 6.582059999999999578e-01 6.672218882495180026e-01
2.315334399999999732e+04 6.818149999999999489e-01 6.891100641768579393e-01
2.315346199999999953e+04 7.166080000000000227e-01 7.121334797244385229e-01
2.315357999999999811e+04 7.465789999999999926e-01 7.360180936000044749e-01
2.315369800000000032e+04 7.719350000000000378e-01 7.602946359364151085e-01
2.315381599999999889e+04 7.892609999999999904e-01 7.845818150703558480e-01
2.315393400000000111e+04 8.168290000000000273e-01 8.083429935715672476e-01
2.315405199999999968e+04 8.506979999999999542e-01 8.309447942514346375e-01
2.315417000000000189e+04 8.506679999999999797e-01 8.518331323313637071e-01
2.315428799999999683e+04 8.598419999999999952e-01 8.706728985428494605e-01
2.315440599999999904e+04 8.821529999999999649e-01 8.874109470565316737e-01
2.315452399999999761e+04 8.995330000000000270e-01 9.022761934079821522e-01
2.315464199999999983e+04 9.072879999999999834e-01 9.156829272066285830e-01
2.315475999999999840e+04 9.347320000000000073e-01 9.277818101464571088e-01
2.315487800000000061e+04 9.394270000000000120e-01 9.388125623604869352e-01
2.315499599999999919e+04 9.466130000000000377e-01 9.490048727603878076e-01
2.315511400000000140e+04 9.703600000000000003e-01 9.585879911629671124e-01
2.315523199999999997e+04 9.747209999999999486e-01 9.676522019319624413e-01
2.315535000000000218e+04 9.798379999999999868e-01 9.762909983904524136e-01
2.315546800000000076e+04 9.978700000000000347e-01 9.845744141127364957e-01
2.315558600000000297e+04 9.912539999999999685e-01 9.925951459746322758e-01
2.315570399999999790e+04 1.000383999999999940e+00 1.000461507596653421e+00
2.315582200000000012e+04 1.013821000000000083e+00 1.008234308420700387e+00
2.315593999999999869e+04 1.021122000000000085e+00 1.015978739793282681e+00
2.315605800000000090e+04 1.031991000000000103e+00 1.023713094012308034e+00
2.315617499999999927e+04 1.041284000000000098e+00 1.031385672702192169e+00
2.315629299999999785e+04 1.039223999999999926e+00 1.039085708037214895e+00
2.315641100000000006e+04 1.050189999999999957e+00 1.046739824114519379e+00
2.315652899999999863e+04 1.064980000000000038e+00 1.054286873933472091e+00
2.315664700000000084e+04 1.069147999999999987e+00 1.061666508631104344e+00
2.315676499999999942e+04 1.074845999999999968e+00 1.068809157620173256e+00
2.315688300000000163e+04 1.081809999999999938e+00 1.075638404857861552e+00
2.315700100000000020e+04 1.099691999999999892e+00 1.082021796300801419e+00
2.315711900000000242e+04 1.099453000000000014e+00 1.087636550834942151e+00
2.315723700000000099e+04 1.096249999999999947e+00 1.091898403977506815e+00
2.315735399999999936e+04 1.092084999999999972e+00 1.094357497185058703e+00
2.315747200000000157e+04 1.095196999999999976e+00 1.095308706447610581e+00
2.315759000000000015e+04 1.110247999999999902e+00 1.095559341751529470e+00
2.315770800000000236e+04 1.101094999999999935e+00 1.095345066446230309e+00
2.315782600000000093e+04 1.117342999999999975e+00 1.094645744521540953e+00
2.315794400000000314e+04 1.099204999999999988e+00 1.093378723159195598e+00
2.315806199999999808e+04 1.089116999999999891e+00 1.091557898958243733e+00
2.315818000000000029e+04 1.097015999999999991e+00 1.089312134210625782e+00
2.315829700000000230e+04 1.094228999999999896e+00 1.086793426603859691e+00
2.315841499999999724e+04 1.092309999999999892e+00 1.083968619046841386e+00
2.315853299999999945e+04 1.101315999999999962e+00 1.080775517322169588e+00
2.315865099999999802e+04 1.091677999999999926e+00 1.077210533425323247e+00
2.315876900000000023e+04 1.084411000000000014e+00 1.073409980191011082e+00
2.315888699999999881e+04 1.097412999999999972e+00 1.069530081434580726e+00
2.315900500000000102e+04 1.095353999999999939e+00 1.065623718759803218e+00
2.315912199999999939e+04 1.079850999999999894e+00 1.061788557043330083e+00
2.315923999999999796e+04 1.065938999999999970e+00 1.058047981298606111e+00
2.315935800000000017e+04 1.070983999999999936e+00 1.054482802836266275e+00
2.315947599999999875e+04 1.057948000000000111e+00 1.051064330145580872e+00
2.315959400000000096e+04 1.054691000000000045e+00 1.047735524024721698e+00
2.315971099999999933e+04 1.058140000000000081e+00 1.044530774897627579e+00
2.315982899999999790e+04 1.060084000000000026e+00 1.041500553452828770e+00
2.319327100000000064e+04 5.514729999999999910e-01 5.472443275549853103e-01
2.319338699999999881e+04 5.449810000000000487e-01 5.469722362315752040e-01
2.319350399999999718e+04 5.494440000000000435e-01 5.496060461800725827e-01
2.319361999999999898e+04 5.545419999999999794e-01 5.549308167067198427e-01
2.319373699999999735e+04 5.639570000000000416e-01 5.630443545908995207e-01
2.319385299999999916e+04 5.626269999999999882e-01 5.737941373740367279e-01
2.319396999999999753e+04 5.912749999999999950e-01 5.873169917548992647e-01
2.319408599999999933e+04 5.934629999999999628e-01 6.032891437386567191e-01
2.319420300000000134e+04 5.927080000000000126e-01 6.217666549633033002e-01
2.319431899999999951e+04 6.194939999999999891e-01 6.421246212501205974e-01
2.319443600000000151e+04 6.606159999999999810e-01 6.642582854873718690e-01
2.319455200000000332e+04 6.792139999999999844e-01 6.874527512161529019e-01
2.319466900000000169e+04 7.055529999999999857e-01 7.118616761354172873e-01
2.319478500000000349e+04 7.425599999999999978e-01 7.369513186391937198e-01
2.319490099999999802e+04 7.578970000000000429e-01 7.625911839490694399e-01
2.319501800000000003e+04 7.844410000000000549e-01 7.886715932066415968e-01
2.319513399999999820e+04 8.171800000000000175e-01 8.142826591843238537e-01
2.319525100000000020e+04 8.492960000000000509e-01 8.391975623690277608e-01
2.319536699999999837e+04 8.942879999999999718e-01 8.623213363224366823e-01
2.319548400000000038e+04 9.302859999999999463e-01 8.829416085577417306e-01
2.319560000000000218e+04 9.503399999999999626e-01 8.994040482928260527e-01
2.319571600000000035e+04 9.410460000000000491e-01 9.128619750006672362e-01
2.319583300000000236e+04 9.225170000000000314e-01 9.240616090951444539e-01
2.319594899999999689e+04 9.721410000000000329e-01 9.328596188351789831e-01
2.319606600000000253e+04 9.718639999999999501e-01 9.396787370924712945e-01
2.319618199999999706e+04 9.382439999999999669e-01 9.448517545820529495e-01
2.319629899999999907e+04 9.449729999999999519e-01 9.489797029545590235e-01
2.319641500000000087e+04 9.698719999999999564e-01 9.524131643264541758e-01
2.319653099999999904e+04 9.576299999999999812e-01 9.553109776008829046e-01
2.319664800000000105e+04 9.554190000000000182e-01 9.578154184005502891e-01
2.319676399999999921e+04 9.674350000000000449e-01 9.599122931264213454e-01
2.319688000000000102e+04 9.689670000000000227e-01 9.618389536265504747e-01
2.319699700000000303e+04 9.643650000000000277e-01 9.636290990370359744e-01
2.319711299999999756e+04 9.907160000000000410e-01 9.652195785480877088e-01
2.319723000000000320e+04 9.818750000000000533e-01 9.666368911557308152e-01
2.319734599999999773e+04 9.865559999999999885e-01 9.680426856554822379e-01
2.319746199999999953e+04 9.920050000000000257e-01 9.697156539575132461e-01
2.319757899999999790e+04 9.930369999999999475e-01 9.717928689799686381e-01
2.319769499999999971e+04 9.873340000000000449e-01 9.743105105058085247e-01
2.319781100000000151e+04 9.922159999999999869e-01 9.773405273560825668e-01
2.319792799999999988e+04 1.000615000000000032e+00 9.809478453214212079e-01
2.319804400000000169e+04 9.969080000000000163e-01 9.848385389295123415e-01
2.319816100000000006e+04 9.927030000000000021e-01 9.891004082496179795e-01
2.319827699999999822e+04 9.915159999999999529e-01 9.937580700262216293e-01
2.319839300000000003e+04 1.006801000000000057e+00 9.989013456827772197e-01
2.319850999999999840e+04 1.034299999999999997e+00 1.004542708318421962e+00
2.319862600000000020e+04 1.044111000000000011e+00 1.010435719954928091e+00
2.319874200000000201e+04 1.056488000000000094e+00 1.016372383059722440e+00
2.319885900000000038e+04 1.025001999999999969e+00 1.022029411607843441e+00
2.319897500000000218e+04 1.026761999999999952e+00 1.027326504164431276e+00
2.319909099999999671e+04 1.024690000000000101e+00 1.032637482332813272e+00
2.319920799999999872e+04 1.040901999999999994e+00 1.038142277599613861e+00
2.319932400000000052e+04 1.067493000000000025e+00 1.043607045326947924e+00
2.319943999999999869e+04 1.050994999999999902e+00 1.048891773870623378e+00
2.319955700000000070e+04 1.055852000000000013e+00 1.053965263507675942e+00
2.319967299999999886e+04 1.051185999999999954e+00 1.058731998956225828e+00
2.319978900000000067e+04 1.071194999999999897e+00 1.063048762940846048e+00
2.319990499999999884e+04 1.065649000000000068e+00 1.066314930247943993e+00
2.320002199999999721e+04 1.074997999999999898e+00 1.067820909864893197e+00
2.320013799999999901e+04 1.065426999999999902e+00 1.068184085083807799e+00
2.320025400000000081e+04 1.069906999999999941e+00 1.068172890999372182e+00
2.320037099999999919e+04 1.071283999999999903e+00 1.067622912274358127e+00
2.320048700000000099e+04 1.067287000000000097e+00 1.066449933649153303e+00
2.320060300000000279e+04 1.063228999999999980e+00 1.064932259237421297e+00
2.320072000000000116e+04 1.061139999999999972e+00 1.063461827729946130e+00
2.320083599999999933e+04 1.056144999999999889e+00 1.062285500130244476e+00
2.320095199999999750e+04 1.044494999999999951e+00 1.061368924496513877e+00
2.320106799999999930e+04 1.058570000000000011e+00 1.060621279469643019e+00
2.320118500000000131e+04 1.056591999999999976e+00 1.059925625079472855e+00
2.320130099999999948e+04 1.047458000000000000e+00 1.059216888203938112e+00
2.320141700000000128e+04 1.051161000000000012e+00 1.058463208958212443e+00
2.320153299999999945e+04 1.041676000000000046e+00 1.057641419197400623e+00
2.320164999999999782e+04 1.051484000000000085e+00 1.056648188934884214e+00
2.320176599999999962e+04 1.060762999999999900e+00 1.055347044634648901e+00
2.320188200000000143e+04 1.043855999999999895e+00 1.053617171562740484e+00
2.320199800000000323e+04 1.022292999999999896e+00 1.051511831266137564e+00
2.320211500000000160e+04 1.025122000000000089e+00 1.049295409909933863e+00
2.320223100000000341e+04 1.057180999999999926e+00 1.047286561017097828e+00
2.320234699999999793e+04 1.039940000000000087e+00 1.045516619551538628e+00
2.320246299999999974e+04 1.046251999999999960e+00 1.043592876870471642e+00
2.320257999999999811e+04 1.032259000000000038e+00 1.041313948726231953e+00
2.320269599999999991e+04 1.036459000000000019e+00 1.038861682717779678e+00
2.320281200000000172e+04 1.042426999999999992e+00 1.036390584267275150e+00
2.320292799999999988e+04 1.020694999999999908e+00 1.034019866817921685e+00
2.320304399999999805e+04 1.021288999999999891e+00 1.031752479923020882e+00
2.320316100000000006e+04 1.023770000000000069e+00 1.029350813382521324e+00
2.320327699999999822e+04 1.049841000000000024e+00 1.026445241695524979e+00
2.320339300000000003e+04 1.024248000000000047e+00 1.022928231960044343e+00
2.320350900000000183e+04 9.841889999999999805e-01 1.019088281151199205e+00
2.320362600000000020e+04 1.004760000000000097e+00 1.015180119855177754e+00
2.320374199999999837e+04 1.002766000000000046e+00 1.011165979864293352e+00
2.320385800000000017e+04 9.915040000000000520e-01 1.006601695279861319e+00
2.320397400000000198e+04 9.938949999999999729e-01 1.000888477669436671e+00
2.320409000000000015e+04 9.932400000000000118e-01 9.935050500737517831e-01
2.320420599999999831e+04 9.796439999999999593e-01 9.842897188688181087e-01
2.320432299999999668e+04 9.617989999999999595e-01 9.734447850655579826e-01
2.320443899999999849e+04 9.659870000000000401e-01 9.616450119663026985e-01
2.320455500000000029e+04 9.709569999999999590e-01 9.493093957420101203e-01
2.320467100000000210e+04 9.332190000000000207e-01 9.368374425755048307e-01
2.320478699999999662e+04 9.324090000000000433e-01 9.240825937977797944e-01
2.320490400000000227e+04 9.147889999999999633e-01 9.108302589439954966e-01
2.320501999999999680e+04 9.163090000000000401e-01 8.972127164401081378e-01
2.320513599999999860e+04 9.147349999999999648e-01 8.830862635811107531e-01
2.320525200000000041e+04 8.949510000000000520e-01 8.683392030792781435e-01
2.320536800000000221e+04 8.851219999999999644e-01 8.526150629064072062e-01
2.320548399999999674e+04 8.505179999999999962e-01 8.355705203870745779e-01
2.320559999999999854e+04 8.336489999999999734e-01 8.165591222470286459e-01
2.320571700000000055e+04 8.166060000000000541e-01 7.955035654964207614e-01
2.320583299999999872e+04 7.871989999999999821e-01 7.731429549302258897e-01
2.320594900000000052e+04 7.685199999999999809e-01 7.498257770756276974e-01
2.320606499999999869e+04 7.536220000000000141e-01 7.260277404516950472e-01
2.320618100000000049e+04 7.234580000000000455e-01 7.020670670179122164e-01
2.320629699999999866e+04 6.992690000000000294e-01 6.781348767870695182e-01
2.320641300000000047e+04 6.726410000000000444e-01 6.544692479862609380e-01
2.320652899999999863e+04 6.561599999999999655e-01 6.315325147778100279e-01
2.320664600000000064e+04 6.220539999999999958e-01 6.095693549162343183e-01
2.320676199999999881e+04 5.967810000000000059e-01 5.894414752221991405e-01
2.320687800000000061e+04 5.939860000000000140e-01 5.707421978051471223e-01
2.320699400000000242e+04 5.837539999999999951e-01 5.536191865477930740e-01
2.320711000000000058e+04 5.315239999999999965e-01 5.383806321879598400e-01
2.320722599999999875e+04 5.062769999999999770e-01 5.253468806450624085e-01
2.320734200000000055e+04 4.916510000000000047e-01 5.148946204774128566e-01
2.320745800000000236e+04 4.956430000000000002e-01 5.074321488911054390e-01
2.320757400000000052e+04 4.983679999999999777e-01 5.032060975714102158e-01
2.320768999999999869e+04 4.952159999999999895e-01 5.020785228914708131e-01
2.320780699999999706e+04 5.080139999999999656e-01 5.043567455131834354e-01
2.320792299999999886e+04 4.929799999999999738e-01 5.097429962854663765e-01
2.320803900000000067e+04 5.097110000000000252e-01 5.182084701700852003e-01
2.320815500000000247e+04 5.418789999999999996e-01 5.296249573303215552e-01
2.320827099999999700e+04 5.384379999999999722e-01 5.438338283742587542e-01
2.320838699999999881e+04 5.539279999999999760e-01 5.603971106513566669e-01
2.320850300000000061e+04 6.002779999999999783e-01 5.785689832791495180e-01
2.320861900000000242e+04 6.128440000000000554e-01 5.976789414523933086e-01
2.320873499999999694e+04 6.099689999999999834e-01 6.177474088045875611e-01
2.320885099999999875e+04 6.472090000000000343e-01 6.394331488387551277e-01
2.320896700000000055e+04 6.715410000000000545e-01 6.630467111956054316e-01
2.320908300000000236e+04 6.864170000000000549e-01 6.883860750763972636e-01
2.320919899999999689e+04 7.110140000000000349e-01 7.151445184916216391e-01
2.320931499999999869e+04 7.371750000000000247e-01 7.430863017375695101e-01
2.320943100000000049e+04 7.698049999999999615e-01 7.718680842802677633e-01
2.320954700000000230e+04 8.024280000000000301e-01 8.010989692705905441e-01
2.320966299999999683e+04 8.310349999999999682e-01 8.303517627797140088e-01
2.320977899999999863e+04 8.694190000000000529e-01 8.590530412064043553e-01
2.320989599999999700e+04 8.917690000000000339e-01 8.869971668166376499e-01
2.321001199999999881e+04 9.129000000000000448e-01 9.125854542904878741e-01
2.321012800000000061e+04 9.350570000000000270e-01 9.354622606239786364e-01
2.321024400000000242e+04 9.722020000000000106e-01 9.554183331604750862e-01
2.321036000000000058e+04 9.790790000000000326e-01 9.727883804653011390e-01
2.321047599999999875e+04 9.901450000000000529e-01 9.879816832814380945e-01
2.321059200000000055e+04 1.001127000000000100e+00 1.001341648527057648e+00
2.321070800000000236e+04 9.918510000000000382e-01 1.013166798318082984e+00
2.321082400000000052e+04 1.007835999999999954e+00 1.023746205211599980e+00
2.321093999999999869e+04 1.020486000000000004e+00 1.033296532965556347e+00
2.321105600000000049e+04 1.036477000000000093e+00 1.041603004399067611e+00
2.321117200000000230e+04 1.050464000000000064e+00 1.048742012521887368e+00
2.321128800000000047e+04 1.057654000000000094e+00 1.054698482460867615e+00
2.321140399999999863e+04 1.050526999999999989e+00 1.059520024445692821e+00
2.321152000000000044e+04 1.066129000000000104e+00 1.063122912091387429e+00
2.321163499999999840e+04 1.080899999999999972e+00 1.065281519939431876e+00
2.321175100000000020e+04 1.072534000000000098e+00 1.065826353182626862e+00
2.321186700000000201e+04 1.052602999999999955e+00 1.064770466098729607e+00
2.321198299999999654e+04 1.062912999999999997e+00 1.062614326688103850e+00
2.321209899999999834e+04 1.052816999999999892e+00 1.060033452032119516e+00
2.321221500000000015e+04 1.064910999999999941e+00 1.057499182651213010e+00
2.321233100000000195e+04 1.044019999999999948e+00 1.055008160277911333e+00
2.321244699999999648e+04 1.043741999999999948e+00 1.052487714879407399e+00
2.321256299999999828e+04 1.038318999999999992e+00 1.049917231939199613e+00
2.321267900000000009e+04 1.041924999999999990e+00 1.047383884485769467e+00
2.321279500000000189e+04 1.042429999999999968e+00 1.044994560654277649e+00
2.321291100000000006e+04 1.049388999999999905e+00 1.042725800374640244e+00
2.321302699999999822e+04 1.034604000000000079e+00 1.040360951503343623e+00
2.321314300000000003e+04 1.031484000000000067e+00 1.037716305743604961e+00
2.321325900000000183e+04 1.023814999999999920e+00 1.035048178910441541e+00
2.321337500000000000e+04 1.022934999999999928e+00 1.032646184963855962e+00
2.321349099999999817e+04 1.021357999999999988e+00 1.030559816293328490e+00
2.321360699999999997e+04 1.018604000000000065e+00 1.028789619757328300e+00
2.321372300000000178e+04 1.016737999999999920e+00 1.027472991502121014e+00
2.321383799999999974e+04 1.016537000000000024e+00 1.026807559088558364e+00
2.321395400000000154e+04 1.015101999999999949e+00 1.026899319651795484e+00
2.321407000000000335e+04 1.020979999999999999e+00 1.027717633817009535e+00
2.321418599999999788e+04 1.013187000000000060e+00 1.029107661266550178e+00
2.321430199999999968e+04 1.006910999999999889e+00 1.031112274837614695e+00
2.321441800000000148e+04 1.004367999999999927e+00 1.033612991821915017e+00
2.321453399999999601e+04 1.025881000000000043e+00 1.036294328999531222e+00
2.321464999999999782e+04 1.034507000000000065e+00 1.038873411188023566e+00
2.321476599999999962e+04 1.010605999999999893e+00 1.041434766009365021e+00
2.321488099999999758e+04 1.008925999999999989e+00 1.044122379890711105e+00
2.321499699999999939e+04 1.054910000000000014e+00 1.047026047623119904e+00
2.321511300000000119e+04 1.044874999999999998e+00 1.050105129974177709e+00
2.321522900000000300e+04 1.035565000000000069e+00 1.053536934866640573e+00
2.321534499999999753e+04 1.042335000000000012e+00 1.057522853268367813e+00
2.321546099999999933e+04 1.050116999999999967e+00 1.062017268009447069e+00
2.321557700000000114e+04 1.066683999999999966e+00 1.066941173914096597e+00
2.321569300000000294e+04 1.068786000000000014e+00 1.072201735012306312e+00
2.321580800000000090e+04 1.063836999999999922e+00 1.077548994586027487e+00
2.321592400000000271e+04 1.092278000000000082e+00 1.082783559385345873e+00
2.321603999999999724e+04 1.098896000000000095e+00 1.087489986126689345e+00
2.321615599999999904e+04 1.099452000000000096e+00 1.091265071101761519e+00
2.321627200000000084e+04 1.101078999999999919e+00 1.093784260386024609e+00
2.321638800000000265e+04 1.091676000000000091e+00 1.095073721897152907e+00
2.321650399999999718e+04 1.092435999999999963e+00 1.095797381419668870e+00
2.321661899999999878e+04 1.078047999999999895e+00 1.096571268512033681e+00
2.321673500000000058e+04 1.088629999999999987e+00 1.097482361271343576e+00
2.321685099999999875e+04 1.107024999999999926e+00 1.098403377300077199e+00
2.321696700000000055e+04 1.104154000000000080e+00 1.099265963175815930e+00
2.321708300000000236e+04 1.109051999999999927e+00 1.100137358987853586e+00
2.321719800000000032e+04 1.116562000000000054e+00 1.101119873857189901e+00
2.321731399999999849e+04 1.104948000000000041e+00 1.102222138874634272e+00
2.321743000000000029e+04 1.117822000000000093e+00 1.103236714055156886e+00
2.321754599999999846e+04 1.111992000000000091e+00 1.103609806840808005e+00
2.321766200000000026e+04 1.109024000000000010e+00 1.103022672498947365e+00
2.321777799999999843e+04 1.107153999999999971e+00 1.101471302163224975e+00
2.321789300000000003e+04 1.081674000000000024e+00 1.099084745037269828e+00
2.321800899999999820e+04 1.086079999999999934e+00 1.095850438439127661e+00
2.321812500000000000e+04 1.071663999999999950e+00 1.091902820675963337e+00
2.321824100000000180e+04 1.074465000000000003e+00 1.087491880057858129e+00
2.321835699999999997e+04 1.094016000000000099e+00 1.082844511132823317e+00
2.321847200000000157e+04 1.086926000000000059e+00 1.078127649460657977e+00
2.321858799999999610e+04 1.075458999999999943e+00 1.073199484090665123e+00
2.321870399999999790e+04 1.063128999999999991e+00 1.067957009590237982e+00
2.321881999999999971e+04 1.064137000000000111e+00 1.062232979430907109e+00
2.321893499999999767e+04 1.046172000000000102e+00 1.055926528780252616e+00
2.321905099999999948e+04 1.031150999999999929e+00 1.048702303819117221e+00
2.321916700000000128e+04 1.043017000000000083e+00 1.040188006174773250e+00
2.321928300000000309e+04 1.030218000000000078e+00 1.029840333014246490e+00
2.321939800000000105e+04 9.828860000000000374e-01 1.017434207127202894e+00
2.321951400000000285e+04 9.582549999999999679e-01 1.002994449508432862e+00
2.321963000000000102e+04 9.104529999999999568e-01 9.873219000307268400e-01
2.321974599999999919e+04 9.838249999999999496e-01 9.709367879128907308e-01
2.321986100000000079e+04 9.775589999999999558e-01 9.541203882860002095e-01
2.321997699999999895e+04 9.500699999999999701e-01 9.365273528600190911e-01
2.322009300000000076e+04 9.310859999999999692e-01 9.181848790279880657e-01
2.322020899999999892e+04 9.195219999999999505e-01 8.988789961398759853e-01
2.322032400000000052e+04 8.909470000000000445e-01 8.785276670402103472e-01
2.322043999999999869e+04 8.847180000000000044e-01 8.564827238786110186e-01
2.322055600000000049e+04 8.509590000000000209e-01 8.325485185161356494e-01
2.322067200000000230e+04 8.248140000000000471e-01 8.065868000429932128e-01
2.322078700000000026e+04 7.938229999999999453e-01 7.791525247014284838e-01
2.322090300000000207e+04 7.715290000000000203e-01 7.505459881069631578e-01
2.322101899999999659e+04 7.558150000000000146e-01 7.217378066580663054e-01
2.322113400000000183e+04 7.007910000000000528e-01 6.934848216307727409e-01
2.322125000000000364e+04 6.761920000000000153e-01 6.657297079489270519e-01
2.322136599999999817e+04 6.328409999999999869e-01 6.391242694057459595e-01
2.322148199999999997e+04 6.379700000000000371e-01 6.140191237177522465e-01
2.322159699999999793e+04 6.117879999999999985e-01 5.909251187466256772e-01
2.322171299999999974e+04 5.864460000000000228e-01 5.697081783692227175e-01
2.322182900000000154e+04 5.620309999999999473e-01 5.508389892722016512e-01
2.322194399999999951e+04 5.392970000000000264e-01 5.344740534813061661e-01
2.322206000000000131e+04 5.227460000000000440e-01 5.203321670874884175e-01
2.322217599999999948e+04 5.233449999999999491e-01 5.085983292357317831e-01
2.322229100000000108e+04 5.033929999999999794e-01 4.994615571380781605e-01
2.322240699999999924e+04 4.947810000000000263e-01 4.928914463826682968e-01
2.322252300000000105e+04 4.940069999999999739e-01 4.890879790609212741e-01
2.322263799999999901e+04 4.967770000000000241e-01 4.882481169327460568e-01
2.322275400000000081e+04 4.922150000000000136e-01 4.906562364000670029e-01
2.322287000000000262e+04 4.900800000000000156e-01 4.965373626581719435e-01
2.322298500000000058e+04 5.097589999999999621e-01 5.053801868719414170e-01
2.322310100000000239e+04 5.176760000000000250e-01 5.172847747264973650e-01
2.322321699999999691e+04 5.405459999999999710e-01 5.320844770110639832e-01
2.322333200000000215e+04 5.597299999999999498e-01 5.493746998793713754e-01
2.322344800000000032e+04 5.722220000000000084e-01 5.691839854819541467e-01
2.322356399999999849e+04 5.955070000000000086e-01 5.910122901460188594e-01
2.322367900000000009e+04 6.070969999999999978e-01 6.140057682022740382e-01
2.322379499999999825e+04 6.374919999999999476e-01 6.377654549638216430e-01
2.322390999999999985e+04 6.567269999999999497e-01 6.616140808020922748e-01
2.322402600000000166e+04 6.782949999999999813e-01 6.862240133938933839e-01
2.322414199999999983e+04 7.238930000000000087e-01 7.116453234004576078e-01
2.322425700000000143e+04 7.374849999999999461e-01 7.377284422069166903e-01
2.322437299999999959e+04 7.658350000000000435e-01 7.647542548326652367e-01
2.322448899999999776e+04 7.980709999999999749e-01 7.921579507743883308e-01
2.322460400000000300e+04 8.270140000000000269e-01 8.192892107315350447e-01
2.322471999999999753e+04 8.515150000000000219e-01 8.461743288494351090e-01
2.322483500000000276e+04 8.556810000000000249e-01 8.719088780275614514e-01
2.322495099999999729e+04 8.869289999999999674e-01 8.959783181475587943e-01
2.322506699999999910e+04 9.260890000000000510e-01 9.176389665349460323e-01
2.322518200000000070e+04 9.575150000000000050e-01 9.362866923818919940e-01
2.322529799999999886e+04 9.656850000000000156e-01 9.521498676688334717e-01
2.322541300000000047e+04 9.733439999999999870e-01 9.651298298243092821e-01
2.322552899999999863e+04 9.901299999999999546e-01 9.756545951760935420e-01
2.322564400000000023e+04 9.760729999999999684e-01 9.837069176747758048e-01
2.322576000000000204e+04 9.790419999999999678e-01 9.897224753282529708e-01
2.322587600000000020e+04 9.742640000000000189e-01 9.940389745496478469e-01
2.322599100000000180e+04 1.004302000000000028e+00 9.966980312267658126e-01
2.322610699999999633e+04 1.019209999999999949e+00 9.976535265384212092e-01
2.322622200000000157e+04 1.021570000000000089e+00 9.962059533498622832e-01
2.322633800000000338e+04 9.933570000000000455e-01 9.917082252610812665e-01
2.322645300000000134e+04 9.812509999999999843e-01 9.841847370027830832e-01
2.322656900000000314e+04 9.696160000000000334e-01 9.741179502332865114e-01
2.322668499999999767e+04 9.539330000000000309e-01 9.625344831122896183e-01
2.322679999999999927e+04 9.526310000000000056e-01 9.503702500643261830e-01
2.322691600000000108e+04 9.639900000000000135e-01 9.377426214870461241e-01
2.322703099999999904e+04 9.405959999999999877e-01 9.250041968925253322e-01
2.322714700000000084e+04 9.325620000000000021e-01 9.122419051242172117e-01
2.322726199999999881e+04 9.142310000000000159e-01 8.998192136794532781e-01
2.322737800000000061e+04 9.143799999999999706e-01 8.874323581544892869e-01
2.322749299999999857e+04 8.844060000000000255e-01 8.754006853492048990e-01
2.322760900000000038e+04 8.726040000000000463e-01 8.638512953246505477e-01
2.322772399999999834e+04 8.683389999999999720e-01 8.533543746721832246e-01
2.322784000000000015e+04 8.681039999999999868e-01 8.439369243153066469e-01
2.322795499999999811e+04 8.634429999999999605e-01 8.357866169702434789e-01
2.322807099999999991e+04 8.570130000000000248e-01 8.288378634836134351e-01
2.322818600000000151e+04 8.276879999999999793e-01 8.231450339330382837e-01
2.322830199999999968e+04 8.330149999999999499e-01 8.185295534894404534e-01
2.322841700000000128e+04 8.318149999999999711e-01 8.148112792634968349e-01
2.322853299999999945e+04 8.218779999999999974e-01 8.119063248129544386e-01
2.322864800000000105e+04 8.210159999999999680e-01 8.101530837155507259e-01
2.322876400000000285e+04 8.082589999999999497e-01 8.098677246457098855e-01
2.322887900000000081e+04 8.290499999999999536e-01 8.110699905143873290e-01
2.322899500000000262e+04 8.128210000000000157e-01 8.133471892741278575e-01
2.322911000000000058e+04 8.287980000000000347e-01 8.162722310566586925e-01
2.322922600000000239e+04 8.262890000000000512e-01 8.201641668974655186e-01
2.322934100000000035e+04 8.347210000000000463e-01 8.253284059194101463e-01
2.322945699999999852e+04 8.175130000000000452e-01 8.319158297695353754e-01
2.322957200000000012e+04 8.419159999999999977e-01 8.397308318267835414e-01
2.322968799999999828e+04 8.463589999999999725e-01 8.487209321897252190e-01
2.322980300000000352e+04 8.584589999999999721e-01 8.584410796262857968e-01
2.322991899999999805e+04 8.700529999999999653e-01 8.686636873519941737e-01
2.323003400000000329e+04 8.691090000000000204e-01 8.786979634803859796e-01
2.323014999999999782e+04 8.793889999999999763e-01 8.885511219396895477e-01
2.323026499999999942e+04 8.946070000000000411e-01 8.985814710158390728e-01
2.323038000000000102e+04 8.916140000000000176e-01 9.090245516109396462e-01
2.323049599999999919e+04 9.139899999999999691e-01 9.195938063467941070e-01
2.323061099999999715e+04 9.078610000000000291e-01 9.292574414158746299e-01
2.323072699999999895e+04 9.118690000000000406e-01 9.370747032451689496e-01
2.323084199999999691e+04 9.204160000000000119e-01 9.420015523773156429e-01
2.323095799999999872e+04 9.191409999999999858e-01 9.438894937167358057e-01
2.323107300000000032e+04 9.133310000000000040e-01 9.434533318726228135e-01
2.323118899999999849e+04 8.973259999999999570e-01 9.413034481135172937e-01
2.323130400000000009e+04 9.004590000000000094e-01 9.374648583774933819e-01
2.323141899999999805e+04 9.013060000000000516e-01 9.317010382273409608e-01
2.323153499999999985e+04 8.890649999999999942e-01 9.240190479056226147e-01
2.323164999999999782e+04 8.644960000000000422e-01 9.148737859248391446e-01
2.323176599999999962e+04 8.816960000000000353e-01 9.045638193056195764e-01
2.323188099999999758e+04 8.715279999999999694e-01 8.937056120034121420e-01
2.323199600000000282e+04 8.701670000000000238e-01 8.825235496462425777e-01
2.323211199999999735e+04 8.594650000000000345e-01 8.712818250075651250e-01
2.323222700000000259e+04 8.492809999999999526e-01 8.608559188064935919e-01
2.323234300000000076e+04 8.331420000000000492e-01 8.510440328494423001e-01
2.323245799999999872e+04 8.276670000000000416e-01 8.414079082616041649e-01
2.323257300000000032e+04 8.145790000000000530e-01 8.314713873829625568e-01
2.323268899999999849e+04 8.153970000000000384e-01 8.214007477599654106e-01
2.323280399999999645e+04 7.913270000000000026e-01 8.118527900139469455e-01
2.323291900000000169e+04 8.064890000000000114e-01 8.029668215140673970e-01
2.323303500000000349e+04 8.036670000000000202e-01 7.947152159767827406e-01
2.323315000000000146e+04 8.015750000000000375e-01 7.875359079412318497e-01
2.323326599999999962e+04 7.958619999999999584e-01 7.816338602150424419e-01
2.323338100000000122e+04 7.978180000000000271e-01 7.768393085060478764e-01
2.323349599999999919e+04 7.789049999999999585e-01 7.727758263920234683e-01
2.323361199999999735e+04 7.717039999999999456e-01 7.694970201771322849e-01
2.323372700000000259e+04 7.839549999999999574e-01 7.673641633743629731e-01
2.323384200000000055e+04 7.807979999999999920e-01 7.665970852203233266e-01
2.323395800000000236e+04 7.794200000000000017e-01 7.673191750892494056e-01
2.323407300000000032e+04 7.821320000000000494e-01 7.696123521608149165e-01
2.323418799999999828e+04 7.786739999999999773e-01 7.734027322063286025e-01
2.323430400000000009e+04 7.921789999999999665e-01 7.781454054492628059e-01
2.323441900000000169e+04 8.062000000000000277e-01 7.831932271326086381e-01
2.323453399999999965e+04 8.087689999999999602e-01 7.886175643563897442e-01
2.323465000000000146e+04 7.974719999999999587e-01 7.946962003170887634e-01
2.323476499999999942e+04 8.116470000000000073e-01 8.015147876270405369e-01
2.323488000000000102e+04 8.232599999999999918e-01 8.090546925700857761e-01
2.323499599999999919e+04 8.179119999999999724e-01 8.169887355458859135e-01
2.323511100000000079e+04 8.278910000000000435e-01 8.246448019449214017e-01
2.323522599999999875e+04 8.457630000000000425e-01 8.312609775760502195e-01
2.323534200000000055e+04 8.453859999999999708e-01 8.364851588251602799e-01
2.323545699999999852e+04 8.551849999999999730e-01 8.403175441124642875e-01
2.323557200000000375e+04 8.442969999999999642e-01 8.427377606107955277e-01
2.323568799999999828e+04 8.674619999999999553e-01 8.431032134353018126e-01
2.323580299999999988e+04 8.501009999999999955e-01 8.405912954895168321e-01
2.323591800000000148e+04 8.370610000000000550e-01 8.345474887811007436e-01
2.323603299999999945e+04 8.273460000000000258e-01 8.245841621607830074e-01
2.323614899999999761e+04 8.042839999999999989e-01 8.106873924495946460e-01
2.323626400000000285e+04 7.956849999999999756e-01 7.937912910820251744e-01
2.323637900000000081e+04 7.728669999999999707e-01 7.750774480969918612e-01
2.323649500000000262e+04 7.553980000000000139e-01 7.548573476496245327e-01
2.323661000000000058e+04 7.340710000000000290e-01 7.342176514407786625e-01
2.323672499999999854e+04 7.058670000000000222e-01 7.135190886566138424e-01
2.323684000000000015e+04 6.940739999999999688e-01 6.928734549679269605e-01
2.323695600000000195e+04 6.613869999999999472e-01 6.717789249692162068e-01
2.323707099999999991e+04 6.400080000000000213e-01 6.501778802902898891e-01
2.323718599999999788e+04 6.256789999999999852e-01 6.283853627099644790e-01
2.323730100000000311e+04 5.998189999999999911e-01 6.076685928870553255e-01
2.323741699999999764e+04 5.877459999999999907e-01 5.884010078985424386e-01
2.323753199999999924e+04 5.656520000000000437e-01 5.710750172541492198e-01
2.323764700000000084e+04 5.399840000000000195e-01 5.557328365936841097e-01
2.323776200000000244e+04 5.334290000000000420e-01 5.424624417504585461e-01
2.323787799999999697e+04 5.405659999999999910e-01 5.312141243048964512e-01
2.323799300000000221e+04 5.253640000000000532e-01 5.223048238609990790e-01
2.323810800000000017e+04 5.181759999999999700e-01 5.159040705794271098e-01
2.323822299999999814e+04 5.088580000000000325e-01 5.124057736816403086e-01
2.323833799999999974e+04 5.084840000000000471e-01 5.119009776080803986e-01
2.323845400000000154e+04 5.177789999999999893e-01 5.142117343375689487e-01
2.323856899999999951e+04 5.178460000000000285e-01 5.192920640604513638e-01
2.323868399999999747e+04 5.459169999999999856e-01 5.269235095496460630e-01
2.323879900000000271e+04 5.612080000000000402e-01 5.367928181412431332e-01
2.323891500000000087e+04 5.567819999999999991e-01 5.488785650837743058e-01
2.323902999999999884e+04 5.634080000000000199e-01 5.630890294430476173e-01
2.323914500000000044e+04 5.973239999999999661e-01 5.796233976766047569e-01
2.323926000000000204e+04 6.271769999999999845e-01 5.986512212529602195e-01
2.323937500000000000e+04 6.377369999999999983e-01 6.198486271945473636e-01
2.323948999999999796e+04 6.596030000000000504e-01 6.427734569533576359e-01
2.323960599999999977e+04 6.739060000000000050e-01 6.670833752037942377e-01
2.323972100000000137e+04 7.094439999999999635e-01 6.916968103771450327e-01
2.323983599999999933e+04 7.442659999999999831e-01 7.159604776768946355e-01
2.323995099999999729e+04 7.470290000000000541e-01 7.388860652859760014e-01
2.324006600000000253e+04 7.921580000000000288e-01 7.595637016232553718e-01
2.324018199999999706e+04 7.908309999999999507e-01 7.775469105261355596e-01
2.324029700000000230e+04 8.160060000000000091e-01 7.924414477453437522e-01
2.324041200000000026e+04 8.159960000000000546e-01 8.045698576380918565e-01
2.324052700000000186e+04 8.313620000000000454e-01 8.141805201112841672e-01
2.324064199999999983e+04 8.444209999999999772e-01 8.216338422587476931e-01
2.324075699999999779e+04 8.445030000000000037e-01 8.274378520737364351e-01
2.324087299999999959e+04 8.350340000000000540e-01 8.320738154244099460e-01
2.324098799999999756e+04 8.507529999999999815e-01 8.358167378129097713e-01
2.324110299999999916e+04 8.358820000000000139e-01 8.390267121993125743e-01
2.324121800000000076e+04 8.469079999999999941e-01 8.418324828263797910e-01
2.324133300000000236e+04 8.492610000000000436e-01 8.446375866743228711e-01
2.324144800000000032e+04 8.625230000000000397e-01 8.474014007803767345e-01
2.324156299999999828e+04 8.397210000000000507e-01 8.499063166979570205e-01
2.324167799999999988e+04 8.631079999999999863e-01 8.521463356462827266e-01
2.324179399999999805e+04 8.477519999999999500e-01 8.544163517875786873e-01
2.324190899999999965e+04 8.528069999999999817e-01 8.569695390343584629e-01
2.324202399999999761e+04 8.670200000000000129e-01 8.599909748364532591e-01
2.324213900000000285e+04 8.710090000000000332e-01 8.636261186267595313e-01
2.324225400000000081e+04 8.722339999999999538e-01 8.677913419458286315e-01
2.324236899999999878e+04 8.867410000000000014e-01 8.719904152028216116e-01
2.324248400000000038e+04 8.896960000000000424e-01 8.760182708403780882e-01
2.324259899999999834e+04 8.739440000000000541e-01 8.801708898475214538e-01
2.324271400000000358e+04 8.820449999999999680e-01 8.846838163294536983e-01
2.324282999999999811e+04 8.779130000000000544e-01 8.897940052200347116e-01
2.324294499999999971e+04 8.919300000000000006e-01 8.955484106899888053e-01
2.324306000000000131e+04 9.008730000000000349e-01 9.020494151202916866e-01
2.324317499999999927e+04 8.958770000000000344e-01 9.093056722402957925e-01
2.324329000000000087e+04 9.072149999999999936e-01 9.173350167134813882e-01
2.324340499999999884e+04 8.995729999999999560e-01 9.259852134632630127e-01
2.324352000000000044e+04 9.275489999999999569e-01 9.350778816644029767e-01
2.324363500000000204e+04 9.307010000000000005e-01 9.444250333682560061e-01
2.324375000000000000e+04 9.424630000000000507e-01 9.536955664544913835e-01
2.324386500000000160e+04 9.470420000000000504e-01 9.624888126181051495e-01
2.324397999999999956e+04 9.626599999999999602e-01 9.705418097868497851e-01
2.324409499999999753e+04 9.672509999999999719e-01 9.779015101994109616e-01
2.324420999999999913e+04 9.794659999999999478e-01 9.847998168480301961e-01
2.324432500000000073e+04 9.855129999999999724e-01 9.908753772032011797e-01
2.324444099999999889e+04 9.998489999999999878e-01 9.953394921430674946e-01
2.324455599999999686e+04 9.903189999999999493e-01 9.975464587953765117e-01
2.324467100000000210e+04 9.885570000000000190e-01 9.975921224910547780e-01
2.324478600000000006e+04 9.925720000000000098e-01 9.958482308225498070e-01
2.324490099999999802e+04 9.839919999999999778e-01 9.928916419447523234e-01
2.324501599999999962e+04 9.825819999999999554e-01 9.893818614181184579e-01
2.324513099999999758e+04 9.701220000000000399e-01 9.858909166528885271e-01
2.324524600000000282e+04 9.844289999999999985e-01 9.827211502490469375e-01
2.324536100000000079e+04 9.765089999999999604e-01 9.799758013747488228e-01
2.324547599999999875e+04 9.841959999999999598e-01 9.775104635007091369e-01
2.324559100000000035e+04 9.730579999999999785e-01 9.752850887733364171e-01
2.324570599999999831e+04 9.743530000000000246e-01 9.734315910551379902e-01
2.324582100000000355e+04 9.820250000000000368e-01 9.720974305489681333e-01
2.324593600000000151e+04 9.823479999999999990e-01 9.713393899593456560e-01
2.324605099999999948e+04 9.878320000000000434e-01 9.711196498596648130e-01
2.324616600000000108e+04 9.674000000000000377e-01 9.714098614085010519e-01
2.324628099999999904e+04 9.884110000000000396e-01 9.724340677135868694e-01
2.324639599999999700e+04 9.894030000000000324e-01 9.742995944639584183e-01
2.324651100000000224e+04 9.826209999999999667e-01 9.768752014643602433e-01
2.324662600000000020e+04 9.897110000000000074e-01 9.797542162237690144e-01
2.324674100000000180e+04 9.946469999999999478e-01 9.823658909166941289e-01
2.324685599999999977e+04 9.977519999999999722e-01 9.843498265211640952e-01
2.324697099999999773e+04 1.002432999999999907e+00 9.857578193319418425e-01
2.324708600000000297e+04 9.966939999999999689e-01 9.869563130316806321e-01
2.324720100000000093e+04 1.000971999999999973e+00 9.882311473535241308e-01
2.324731599999999889e+04 1.005489000000000077e+00 9.897382356406795312e-01
2.324743100000000049e+04 1.011919999999999931e+00 9.914613017401265882e-01
2.324754599999999846e+04 1.008882999999999974e+00 9.933054841316147909e-01
2.324766100000000006e+04 1.021209999999999951e+00 9.950887487564662459e-01
2.324777600000000166e+04 1.004969000000000001e+00 9.964097802511405755e-01
2.324789099999999962e+04 1.014607999999999954e+00 9.968189595718063289e-01
2.324800499999999738e+04 1.017889999999999961e+00 9.960985104534900714e-01
2.324812000000000262e+04 9.941259999999999541e-01 9.943569809573004070e-01
2.324823500000000058e+04 1.002428000000000097e+00 9.917024194589056929e-01
2.324835000000000218e+04 9.946310000000000429e-01 9.877127386189661351e-01
2.324846500000000015e+04 9.885059999999999958e-01 9.822668929743338939e-01
2.324857999999999811e+04 9.819149999999999823e-01 9.757763445809808367e-01
2.324869499999999971e+04 9.561530000000000307e-01 9.688629277260482064e-01
2.324881000000000131e+04 9.593120000000000536e-01 9.620083763888709338e-01
2.324892499999999927e+04 9.634489999999999998e-01 9.554844376563851327e-01
2.324904000000000087e+04 9.559919999999999529e-01 9.494288234107193247e-01
2.324915499999999884e+04 9.524700000000000388e-01 9.438079215489647567e-01
2.324927000000000044e+04 9.368919999999999471e-01 9.385066361888900754e-01
2.324938499999999840e+04 9.361939999999999706e-01 9.335582238500310659e-01
2.324949899999999980e+04 9.353719999999999812e-01 9.292374533659131242e-01
2.324961399999999776e+04 9.293970000000000287e-01 9.254962237909373224e-01
2.324972900000000300e+04 9.175999999999999712e-01 9.222330471642578020e-01
2.324984400000000096e+04 9.196389999999999842e-01 9.192458376434520240e-01
2.324995899999999892e+04 9.152639999999999665e-01 9.164066816099314394e-01
2.325007400000000052e+04 9.242340000000000000e-01 9.137355753580107542e-01
2.325018899999999849e+04 9.186440000000000161e-01 9.113416472565497584e-01
2.325030400000000009e+04 9.182609999999999939e-01 9.093323816222205203e-01
2.325041900000000169e+04 9.136319999999999997e-01 9.075823186560726397e-01
2.325053299999999945e+04 9.063649999999999762e-01 9.060200436077605612e-01
2.325064799999999741e+04 8.993120000000000003e-01 9.045914264424537166e-01
2.325076300000000265e+04 9.021280000000000410e-01 9.033164243368418944e-01
2.325087800000000061e+04 9.179439999999999822e-01 9.021527743802888466e-01
2.325099300000000221e+04 9.060930000000000373e-01 9.009034277565289850e-01
2.325110800000000017e+04 9.131150000000000100e-01 8.991151434385517005e-01
2.325122299999999814e+04 9.037629999999999830e-01 8.957190886759774928e-01
2.325133799999999974e+04 8.854950000000000321e-01 8.905882372516626955e-01
2.325145200000000114e+04 8.932510000000000172e-01 8.838817445067446155e-01
2.325156699999999910e+04 8.797899999999999610e-01 8.754781282793137054e-01
2.325168199999999706e+04 8.984630000000000116e-01 8.651321878891772288e-01
2.325179700000000230e+04 8.527420000000000000e-01 8.525602760674748648e-01
2.325191200000000026e+04 8.550140000000000517e-01 8.377331853118845650e-01
2.325202700000000186e+04 8.280250000000000110e-01 8.208853501963605526e-01
2.325214100000000326e+04 8.242390000000000549e-01 8.025089258977144979e-01
2.325225600000000122e+04 8.029830000000000023e-01 7.822635623625616708e-01
2.325237099999999919e+04 7.621090000000000364e-01 7.602814554165074901e-01
2.325248600000000079e+04 7.463950000000000307e-01 7.369176938024236678e-01
2.325260099999999875e+04 7.155380000000000074e-01 7.129921090442427056e-01
2.325271600000000035e+04 6.765339999999999687e-01 6.892726518093794663e-01
2.325283000000000175e+04 6.719910000000000050e-01 6.664092669984196249e-01
2.325294499999999971e+04 6.314800000000000413e-01 6.441693839619599959e-01
2.325305999999999767e+04 6.148109999999999964e-01 6.228608714611971742e-01
2.325317500000000291e+04 5.940450000000000452e-01 6.030993525754533291e-01
2.325329000000000087e+04 5.788240000000000052e-01 5.852567427573172054e-01
2.325340399999999863e+04 5.639150000000000551e-01 5.697703214839663355e-01
2.325351899999999659e+04 5.543080000000000229e-01 5.564674548288883749e-01
2.325363400000000183e+04 5.471000000000000307e-01 5.455568740285273721e-01
2.325374899999999980e+04 5.487250000000000183e-01 5.371765657695697360e-01
2.325386299999999756e+04 5.418690000000000451e-01 5.315708047698601835e-01
2.325397800000000279e+04 5.622179999999999955e-01 5.288125165093262581e-01
2.325409300000000076e+04 5.743970000000000464e-01 5.290119620498611175e-01
2.325420799999999872e+04 5.408519999999999994e-01 5.322659039861792341e-01
2.325432300000000032e+04 5.482650000000000023e-01 5.382693006808981773e-01
2.325443700000000172e+04 5.488790000000000058e-01 5.469988259502315264e-01
2.325455199999999968e+04 5.620190000000000463e-01 5.585343845189922884e-01
2.325466700000000128e+04 5.716259999999999675e-01 5.726416261641490424e-01
2.325478199999999924e+04 6.082309999999999661e-01 5.890303008379416116e-01
2.325489600000000064e+04 6.131290000000000351e-01 6.072090095227377082e-01
2.325501099999999860e+04 6.263859999999999983e-01 6.274049176000006112e-01
2.325512600000000020e+04 6.437829999999999941e-01 6.496388987298890028e-01
2.325524099999999817e+04 6.731200000000000516e-01 6.735074422133153771e-01
2.325535499999999956e+04 6.908020000000000271e-01 6.983499269073444315e-01
2.325546999999999753e+04 7.148820000000000174e-01 7.243394722053639878e-01
2.325558499999999913e+04 7.406719999999999970e-01 7.509495859707403520e-01
2.325570000000000073e+04 8.154860000000000442e-01 7.778274426496378791e-01
2.325581399999999849e+04 8.537400000000000544e-01 8.043400200819862400e-01
2.325592900000000009e+04 8.579919999999999769e-01 8.304482196829352514e-01
2.325604400000000169e+04 8.773670000000000080e-01 8.555368600026967973e-01
2.325615799999999945e+04 8.844009999999999927e-01 8.786888363197459251e-01
2.325627299999999741e+04 9.103919999999999790e-01 9.000067893904927230e-01
2.325638800000000265e+04 9.462129999999999708e-01 9.190675770986217463e-01
2.325650300000000061e+04 9.426390000000000047e-01 9.359090207718845367e-01
2.325661699999999837e+04 9.500399999999999956e-01 9.505756095678031814e-01
2.325673200000000361e+04 9.703969999999999541e-01 9.634269854346175777e-01
2.325684700000000157e+04 9.572819999999999663e-01 9.742653895029451672e-01
2.325696099999999933e+04 9.664469999999999450e-01 9.828934740876434928e-01
2.325707599999999729e+04 9.840149999999999730e-01 9.889572593592019789e-01
2.325719100000000253e+04 1.027525000000000022e+00 9.924774515429755084e-01
2.325730500000000029e+04 1.015174999999999939e+00 9.937109503032162117e-01
2.325741999999999825e+04 9.902769999999999628e-01 9.932303102269868234e-01
2.325753499999999985e+04 1.001112000000000002e+00 9.915533169422373616e-01
2.325764899999999761e+04 9.961969999999999992e-01 9.891615692151836114e-01
2.325776399999999921e+04 9.824310000000000542e-01 9.863895735779452112e-01
2.325787900000000081e+04 9.813490000000000268e-01 9.835659727017125320e-01
2.325799299999999857e+04 9.765470000000000539e-01 9.806925357110050090e-01
2.325810800000000017e+04 9.669959999999999667e-01 9.776067413007628604e-01
2.325822300000000178e+04 9.786989999999999856e-01 9.744256498753675055e-01
2.325833699999999953e+04 9.649419999999999664e-01 9.712049655415472271e-01
2.325845199999999750e+04 9.663359999999999728e-01 9.678926773935018213e-01
2.325856700000000274e+04 9.663389999999999480e-01 9.645763994536614705e-01
2.325868100000000049e+04 9.708489999999999620e-01 9.614551996859571625e-01
2.325879599999999846e+04 9.523179999999999978e-01 9.587658351216998831e-01
2.325891100000000370e+04 9.525419999999999998e-01 9.568889419966456478e-01
2.325902500000000146e+04 9.614430000000000476e-01 9.560676351800776462e-01
2.325913999999999942e+04 9.520990000000000286e-01 9.560382844841470718e-01
2.325925499999999738e+04 9.548090000000000188e-01 9.565438625304140130e-01
2.325936899999999878e+04 9.609569999999999501e-01 9.575141783720981792e-01
2.325948400000000038e+04 9.553120000000000500e-01 9.590676323090361333e-01
2.325959800000000178e+04 9.530849999999999600e-01 9.612557960611953778e-01
2.325971299999999974e+04 9.573880000000000168e-01 9.640453008130296375e-01
2.325982799999999770e+04 9.636360000000000481e-01 9.672509526752329778e-01
2.325994199999999910e+04 9.603340000000000209e-01 9.709525814288634260e-01
2.326005700000000070e+04 9.569959999999999578e-01 9.753679646418991211e-01
2.326017100000000210e+04 9.760539999999999772e-01 9.803976777423206723e-01
2.326028600000000006e+04 9.784150000000000347e-01 9.860707101764963900e-01
2.326040100000000166e+04 9.890029999999999655e-01 9.923247580938698853e-01
2.326051500000000306e+04 9.937740000000000462e-01 9.991128747625872553e-01
2.326063000000000102e+04 1.000115000000000087e+00 1.006581949597837422e+00
2.326074399999999878e+04 1.001098000000000043e+00 1.014589982370711185e+00
2.326085899999999674e+04 1.024535999999999891e+00 1.023196839992827956e+00
2.326097400000000198e+04 1.031692999999999971e+00 1.032196827243606618e+00
2.326108799999999974e+04 1.041449999999999987e+00 1.041358137856877697e+00
2.326120299999999770e+04 1.044848999999999917e+00 1.050713711126168404e+00
2.326131699999999910e+04 1.061566999999999927e+00 1.059863222150191797e+00
2.326143200000000070e+04 1.084621999999999975e+00 1.068525181689586212e+00
2.326154600000000210e+04 1.058197999999999972e+00 1.075923989927936919e+00
2.326166100000000006e+04 1.090613000000000055e+00 1.081519196932098081e+00
2.326177599999999802e+04 1.082371999999999890e+00 1.084933711845937898e+00
2.326188999999999942e+04 1.084778000000000020e+00 1.086325344148861616e+00
2.326200500000000102e+04 1.074869000000000074e+00 1.086646843147137886e+00
2.326211900000000242e+04 1.082704000000000111e+00 1.086242238926240500e+00
2.326223400000000038e+04 1.079150000000000054e+00 1.085127323929745202e+00
2.326234799999999814e+04 1.088233999999999924e+00 1.082939818325713066e+00
2.326246300000000338e+04 1.076591999999999993e+00 1.079169990359431175e+00
2.326257700000000114e+04 1.068805000000000005e+00 1.073747487035531689e+00
2.326269199999999910e+04 1.076451999999999964e+00 1.066976769071444675e+00
2.326280600000000049e+04 1.054572999999999983e+00 1.059258359927888193e+00
2.326292099999999846e+04 1.050750999999999991e+00 1.050528362572903163e+00
2.326303499999999985e+04 1.049387000000000070e+00 1.041216668803683909e+00
2.326315000000000146e+04 1.029166999999999943e+00 1.031548736653800313e+00
2.326326400000000285e+04 1.011670000000000069e+00 1.022051968749789985e+00
2.326337900000000081e+04 1.014774999999999983e+00 1.012813093277627585e+00
2.326349299999999857e+04 1.001479999999999926e+00 1.004144876229245309e+00
2.326360799999999654e+04 9.860750000000000348e-01 9.960306853235086910e-01
2.326372199999999793e+04 9.790180000000000549e-01 9.886893736496518148e-01
2.326383699999999953e+04 9.541709999999999914e-01 9.819031517402795339e-01
2.326395100000000093e+04 9.556829999999999492e-01 9.757202316533988284e-01
2.326406599999999889e+04 9.772800000000000376e-01 9.700021324486258756e-01
2.326418000000000029e+04 9.688620000000000010e-01 9.648458013185049476e-01
2.326429500000000189e+04 9.445299999999999807e-01 9.602394077243371351e-01
2.326440899999999965e+04 9.633680000000000021e-01 9.564177370265679601e-01
2.326452400000000125e+04 9.666620000000000212e-01 9.534877433389236101e-01
2.326463799999999901e+04 9.595890000000000253e-01 9.515952692295744919e-01
2.326475299999999697e+04 9.452700000000000546e-01 9.508920906307518628e-01
2.326486699999999837e+04 9.553749999999999742e-01 9.512218986457962044e-01
2.326498199999999997e+04 9.533009999999999540e-01 9.525655539916694226e-01
2.326509600000000137e+04 9.417290000000000383e-01 9.548755176755436835e-01
2.326521099999999933e+04 9.429159999999999764e-01 9.580949131798034424e-01
2.326532500000000073e+04 9.496250000000000524e-01 9.620138537312490357e-01
2.326544000000000233e+04 9.490020000000000122e-01 9.665671036558920459e-01
2.326555400000000009e+04 9.628550000000000164e-01 9.716763791209596102e-01
2.326566800000000148e+04 9.668750000000000400e-01 9.774577589446289405e-01
2.326578299999999945e+04 9.891910000000000425e-01 9.837197749538658664e-01
2.326589700000000084e+04 9.761699999999999822e-01 9.900388447624408617e-01
2.326601199999999881e+04 9.889069999999999805e-01 9.963521567179985938e-01
2.326612599999999657e+04 9.946899999999999631e-01 1.002420775910275452e+00
2.326624100000000180e+04 9.913739999999999775e-01 1.008228974779209919e+00
2.326635499999999956e+04 1.011020999999999948e+00 1.013563319228456328e+00
2.326646999999999753e+04 1.012361000000000066e+00 1.018426793657674967e+00
2.326658399999999892e+04 1.014369000000000076e+00 1.022650801021896205e+00
2.326669800000000032e+04 1.016170999999999935e+00 1.025990791069669283e+00
2.326681300000000192e+04 1.019295999999999980e+00 1.027786020434175773e+00
2.326692700000000332e+04 1.016901000000000055e+00 1.027231035981490015e+00
2.326704200000000128e+04 1.022523999999999988e+00 1.024204183903099974e+00
2.326715599999999904e+04 1.015748000000000095e+00 1.019043533772503674e+00
2.326727000000000044e+04 1.000382000000000104e+00 1.012022352205415920e+00
2.326738499999999840e+04 9.939670000000000449e-01 1.003085591416758682e+00
2.326749899999999980e+04 9.821250000000000258e-01 9.922404363527593807e-01
2.326761400000000140e+04 9.711819999999999897e-01 9.793737601559877604e-01
2.326772799999999916e+04 9.525409999999999711e-01 9.647389748336920867e-01
2.326784200000000055e+04 9.454649999999999999e-01 9.480007341381655461e-01
2.326795699999999852e+04 9.240930000000000533e-01 9.287730602387557211e-01
2.326807099999999991e+04 9.167990000000000306e-01 9.073495628093366516e-01
2.326818499999999767e+04 8.998129999999999740e-01 8.837613039999681064e-01
2.326830000000000291e+04 8.672579999999999734e-01 8.581650841460685131e-01
2.326841400000000067e+04 8.429290000000000393e-01 8.315680742274336179e-01
2.326852899999999863e+04 8.012590000000000545e-01 8.038389600376513178e-01
2.326864300000000003e+04 7.620339999999999892e-01 7.761616908451797192e-01
2.326875700000000143e+04 7.344349999999999490e-01 7.486098759474667519e-01
2.326887199999999939e+04 7.103760000000000074e-01 7.213589242863489570e-01
2.326898599999999715e+04 6.759990000000000165e-01 6.952743106437568876e-01
2.326909999999999854e+04 6.530749999999999611e-01 6.704646547571644355e-01
2.326921500000000015e+04 6.289259999999999851e-01 6.470587169279934381e-01
2.326932900000000154e+04 6.086979999999999613e-01 6.256582196531099704e-01
2.326944299999999930e+04 5.849429999999999907e-01 6.067477617124976685e-01
2.326955799999999726e+04 5.913389999999999480e-01 5.901042031492552686e-01
2.326967199999999866e+04 5.740469999999999740e-01 5.761276674746891313e-01
2.326978600000000006e+04 5.609459999999999447e-01 5.646888701930120602e-01
2.326990100000000166e+04 5.452820000000000444e-01 5.558266687372783732e-01
2.327001500000000306e+04 5.607250000000000290e-01 5.497990936768391013e-01
2.327012900000000081e+04 5.630500000000000504e-01 5.465480255078407623e-01
2.327024399999999878e+04 5.494639999999999525e-01 5.460630171002521793e-01
2.327035800000000017e+04 5.644050000000000455e-01 5.484368035726042701e-01
2.327047200000000157e+04 5.517130000000000090e-01 5.536725923313622344e-01
2.327058699999999953e+04 5.573949999999999738e-01 5.616354667843400650e-01
2.327070099999999729e+04 5.788010000000000099e-01 5.720139782444769727e-01
2.327081499999999869e+04 5.929560000000000386e-01 5.846952418125600515e-01
2.327092899999999645e+04 6.052729999999999499e-01 5.995429050886711408e-01
2.327104400000000169e+04 6.139999999999999902e-01 6.165534315466670856e-01
2.327115799999999945e+04 6.391510000000000247e-01 6.351798637666969949e-01
2.327127200000000084e+04 6.578929999999999501e-01 6.556353185137437922e-01
2.327138699999999881e+04 6.838309999999999667e-01 6.778334310186453493e-01
2.327150100000000020e+04 7.059180000000000454e-01 7.010487714352515720e-01
2.327161499999999796e+04 7.329579999999999984e-01 7.251693926757878383e-01
2.327172899999999936e+04 7.572269999999999834e-01 7.498787578176696611e-01
2.327184400000000096e+04 7.753980000000000317e-01 7.749415601407685372e-01
2.327195800000000236e+04 8.044219999999999704e-01 7.994583880620145244e-01
2.327207200000000012e+04 8.278130000000000210e-01 8.234442218604030028e-01
2.327218699999999808e+04 8.621149999999999647e-01 8.468983215484485738e-01
2.327230099999999948e+04 8.621569999999999512e-01 8.689528471853421587e-01
2.327241500000000087e+04 8.822510000000000074e-01 8.893257358315374006e-01
2.327252899999999863e+04 9.183970000000000189e-01 9.076607026451657401e-01
2.327264399999999659e+04 9.222369999999999735e-01 9.240019327378524716e-01
2.327275799999999799e+04 9.417769999999999753e-01 9.382595416251253706e-01
2.327287199999999939e+04 9.485729999999999995e-01 9.508773163485338964e-01
2.327298600000000079e+04 9.481870000000000021e-01 9.620497304009052453e-01
2.327310000000000218e+04 9.718240000000000212e-01 9.720425129399959951e-01
2.327321500000000015e+04 9.854619999999999491e-01 9.809151626454589712e-01
2.327332900000000154e+04 9.845939999999999692e-01 9.887597907309199075e-01
2.327344299999999930e+04 9.990919999999999801e-01 9.957489523963005684e-01
2.327355700000000070e+04 1.008126999999999995e+00 1.002022722751600980e+00
2.327367199999999866e+04 1.007649999999999935e+00 1.007687709519279773e+00
2.327378600000000006e+04 1.013269999999999893e+00 1.012629939500667264e+00
2.327389999999999782e+04 1.006111999999999895e+00 1.016827397206375716e+00
2.327401399999999921e+04 1.010253999999999985e+00 1.019965489837153294e+00
2.327412799999999697e+04 1.008553000000000033e+00 1.021103759608693595e+00
2.327424300000000221e+04 1.002172999999999981e+00 1.020097999708095227e+00
2.327435699999999997e+04 1.010329000000000033e+00 1.017446095404473949e+00
2.327447100000000137e+04 1.000297999999999909e+00 1.013808510592510981e+00
2.327458500000000276e+04 1.001322000000000045e+00 1.009700079810379236e+00
2.327469900000000052e+04 1.000891999999999893e+00 1.005395275569535674e+00
2.327481399999999849e+04 9.760769999999999724e-01 1.000939726294971743e+00
2.327492799999999988e+04 9.777519999999999545e-01 9.964840273224175871e-01
2.327504199999999764e+04 9.754439999999999777e-01 9.920905059541128557e-01
2.327515599999999904e+04 9.786669999999999536e-01 9.877753406200203701e-01
2.327527000000000044e+04 9.610530000000000461e-01 9.836431777145178135e-01
2.327538399999999820e+04 9.687379999999999880e-01 9.798191750511533460e-01
2.327549900000000343e+04 9.507010000000000183e-01 9.763388840838584937e-01
2.327561300000000119e+04 9.571589999999999820e-01 9.733148740369607088e-01
2.327572700000000259e+04 9.570109999999999451e-01 9.708106395341068451e-01
2.327584100000000035e+04 9.560710000000000042e-01 9.689252425339479613e-01
2.327595500000000175e+04 9.527630000000000265e-01 9.677189057656712112e-01
2.327606900000000314e+04 9.618759999999999533e-01 9.670917462504116102e-01
2.327618400000000111e+04 9.603580000000000449e-01 9.669303524173966657e-01
2.327629799999999886e+04 9.595770000000000133e-01 9.670283824018151009e-01
2.327641200000000026e+04 9.700849999999999751e-01 9.673377063068466786e-01
2.327652599999999802e+04 9.608149999999999746e-01 9.680292584484525564e-01
2.327663999999999942e+04 9.491629999999999789e-01 9.693664379968953693e-01
2.327675400000000081e+04 9.578410000000000535e-01 9.714603772151705341e-01
2.327686799999999857e+04 9.707879999999999843e-01 9.742498378815400706e-01
2.327698199999999997e+04 9.720450000000000479e-01 9.777155564265154197e-01
2.327709700000000157e+04 9.707090000000000440e-01 9.819680434144639758e-01
2.327721100000000297e+04 9.646230000000000082e-01 9.869897798895973517e-01
2.327732500000000073e+04 9.879219999999999668e-01 9.928125819931969964e-01
2.327743900000000212e+04 9.890949999999999465e-01 9.994055259288324722e-01
2.327755300000000352e+04 9.955310000000000548e-01 1.006721398801446066e+00
2.327766700000000128e+04 1.003049999999999997e+00 1.014687204791317798e+00
2.327778100000000268e+04 1.026475999999999944e+00 1.023127898500272748e+00
2.327789500000000044e+04 1.030383000000000049e+00 1.031599300832633848e+00
2.327800900000000183e+04 1.049069999999999947e+00 1.039673518475110914e+00
2.327812399999999980e+04 1.047404000000000002e+00 1.046792548527500921e+00
2.327823800000000119e+04 1.059417999999999971e+00 1.052124970620529787e+00
2.327835199999999895e+04 1.070802000000000032e+00 1.055314441197184872e+00
2.327846600000000035e+04 1.066651999999999934e+00 1.056296445374216741e+00
2.327857999999999811e+04 1.063260000000000094e+00 1.055074703800046754e+00
2.327869399999999951e+04 1.054953000000000030e+00 1.051174131675316481e+00
2.327880800000000090e+04 1.055965000000000042e+00 1.044993608270286867e+00
2.327892199999999866e+04 1.037466999999999917e+00 1.037370596891577401e+00
2.327903600000000006e+04 1.047433000000000058e+00 1.028899629071997168e+00
2.327914999999999782e+04 1.027873000000000037e+00 1.019813374826207486e+00
2.327926399999999921e+04 1.016834999999999933e+00 1.009821586131611104e+00
2.327937800000000061e+04 1.008955000000000046e+00 9.983498306365682362e-01
2.327949199999999837e+04 9.902339999999999476e-01 9.851918513483541862e-01
2.327960599999999977e+04 9.793669999999999876e-01 9.711601326917003174e-01
2.327971999999999753e+04 9.744490000000000096e-01 9.573786259525860487e-01
2.327983399999999892e+04 9.422960000000000225e-01 9.440593536833712385e-01
2.327994800000000032e+04 9.364479999999999471e-01 9.312391629681676664e-01
2.328006300000000192e+04 9.275529999999999609e-01 9.188774436378545074e-01
2.328017700000000332e+04 9.176830000000000265e-01 9.073045211007318978e-01
2.328029100000000108e+04 9.031200000000000339e-01 8.964900477903402498e-01
2.328040500000000247e+04 8.955100000000000282e-01 8.863414654016169569e-01
2.328051900000000023e+04 8.987749999999999906e-01 8.765513943579373857e-01
2.328063300000000163e+04 8.792640000000000455e-01 8.662642298127659624e-01
2.328074700000000303e+04 8.618299999999999850e-01 8.552236717813697098e-01
2.328086100000000079e+04 8.673739999999999783e-01 8.440124804237416622e-01
2.328097500000000218e+04 8.499409999999999465e-01 8.333903546206651303e-01
2.328108899999999994e+04 8.318339999999999623e-01 8.238766880039503082e-01
2.328120300000000134e+04 8.251199999999999646e-01 8.156281873331642229e-01
2.328131700000000274e+04 8.186090000000000311e-01 8.086213976473863863e-01
2.328143100000000049e+04 8.039410000000000167e-01 8.030696332955835626e-01
2.328154500000000189e+04 7.960129999999999706e-01 7.991777687826659982e-01
2.328165899999999965e+04 7.940760000000000041e-01 7.969454218793183831e-01
2.328177300000000105e+04 7.918450000000000211e-01 7.964488693976010669e-01
2.328188700000000244e+04 7.938279999999999781e-01 7.976843281973919897e-01
2.328200100000000020e+04 8.007090000000000041e-01 8.005876312921688109e-01
2.328211500000000160e+04 8.102099999999999858e-01 8.050562970336233581e-01
2.328222899999999936e+04 8.107879999999999532e-01 8.109544785312019499e-01
2.328234300000000076e+04 8.183730000000000171e-01 8.181914683560841395e-01
2.328245700000000215e+04 8.337510000000000199e-01 8.263209561713883433e-01
2.328256999999999971e+04 8.305829999999999602e-01 8.344296631490221161e-01
2.328268399999999747e+04 8.348809999999999842e-01 8.416935106556892032e-01
2.328279799999999886e+04 8.395289999999999697e-01 8.475780368134105958e-01
2.328291199999999662e+04 8.432410000000000183e-01 8.522938548559162442e-01
2.328302600000000166e+04 8.595089999999999675e-01 8.564752722857312817e-01
2.328314000000000306e+04 8.640510000000000135e-01 8.606517570461145183e-01
2.328325400000000081e+04 8.604899999999999771e-01 8.649723734502307027e-01
2.328336800000000221e+04 8.628989999999999716e-01 8.694454424256202740e-01
2.328348200000000361e+04 8.793600000000000305e-01 8.740649037271416288e-01
2.328359600000000137e+04 8.752940000000000165e-01 8.787252542411131406e-01
2.328371000000000276e+04 8.951510000000000300e-01 8.828077189116203538e-01
2.328382400000000052e+04 8.850299999999999834e-01 8.854283459796215006e-01
2.328393800000000192e+04 8.778289999999999704e-01 8.859303234275468508e-01
2.328405200000000332e+04 8.730200000000000182e-01 8.843725131489977853e-01
2.328416600000000108e+04 8.860740000000000283e-01 8.812542186156088198e-01
2.328428000000000247e+04 8.681100000000000483e-01 8.766238623427548005e-01
2.328439300000000003e+04 8.774880000000000457e-01 8.703165793364145975e-01
2.328450699999999779e+04 8.746319999999999650e-01 8.617797715430144390e-01
2.328462099999999919e+04 8.765579999999999483e-01 8.508611525977055612e-01
2.328473499999999694e+04 8.763370000000000326e-01 8.376131924047287569e-01
2.328484899999999834e+04 8.741229999999999833e-01 8.222172720252460820e-01
2.328496299999999974e+04 8.729789999999999495e-01 8.048661018034303227e-01
2.328553199999999924e+04 8.196970000000000089e-01 6.899597028959794098e-01
2.328564600000000064e+04 7.410919999999999730e-01 6.659367585155199221e-01
2.328575999999999840e+04 6.998269999999999769e-01 6.430686815965761527e-01
2.328587399999999980e+04 6.790500000000000425e-01 6.216224928390498006e-01
2.328598800000000119e+04 6.047879999999999923e-01 6.019462688413208529e-01
2.328610199999999895e+04 5.966890000000000249e-01 5.839893477204760597e-01
2.328621600000000035e+04 5.732669999999999710e-01 5.680571512905431275e-01
2.328632900000000154e+04 5.675980000000000469e-01 5.546112699315505212e-01
2.328644299999999930e+04 5.447570000000000467e-01 5.435879003642245522e-01
2.328655700000000070e+04 5.333259999999999668e-01 5.351402649899399400e-01
2.328667100000000210e+04 5.285900000000000043e-01 5.292109030674619907e-01
2.328678499999999985e+04 5.220470000000000388e-01 5.257766670498909001e-01
2.328689900000000125e+04 5.260519999999999641e-01 5.250236105976089362e-01
2.328701199999999881e+04 5.246100000000000207e-01 5.263428365444468016e-01
2.328712599999999657e+04 5.129610000000000003e-01 5.295199614200923888e-01
2.328723999999999796e+04 5.357579999999999565e-01 5.344393027955195441e-01
2.328735399999999936e+04 5.311919999999999975e-01 5.409007287479205006e-01
2.328746799999999712e+04 5.459209999999999896e-01 5.485346487300249985e-01
2.328758199999999852e+04 5.613219999999999876e-01 5.568635122312336483e-01
2.328769499999999971e+04 5.696719999999999562e-01 5.655262615160464579e-01
2.328780900000000111e+04 5.712049999999999628e-01 5.753434550239966416e-01
2.328792299999999886e+04 5.895150000000000112e-01 5.866202877613203581e-01
2.328803700000000026e+04 6.037850000000000161e-01 5.993983534691735837e-01
2.328815099999999802e+04 6.217540000000000289e-01 6.134825649260493563e-01
2.328826399999999921e+04 6.319719999999999782e-01 6.285420817124299786e-01
2.328837800000000061e+04 6.497709999999999875e-01 6.447127791830059573e-01
2.328849200000000201e+04 6.499989999999999934e-01 6.617496182288374884e-01
2.328860599999999977e+04 6.671280000000000543e-01 6.795067069766334011e-01
2.328872000000000116e+04 6.926149999999999807e-01 6.975779445038181592e-01
2.328883300000000236e+04 7.092469999999999608e-01 7.154044820929650328e-01
2.328894700000000375e+04 7.260619999999999852e-01 7.327715699189932819e-01
2.328906100000000151e+04 7.472330000000000361e-01 7.491418596809260588e-01
2.328917500000000291e+04 7.651930000000000121e-01 7.643201854023480291e-01
2.328928800000000047e+04 7.782759999999999678e-01 7.781748293544027417e-01
2.328940199999999822e+04 7.925529999999999520e-01 7.910820604520677479e-01
2.328951599999999962e+04 7.923660000000000148e-01 8.031851754948234889e-01
2.328962999999999738e+04 8.216980000000000395e-01 8.147937127906155208e-01
2.328974399999999878e+04 8.223740000000000494e-01 8.262811393793839665e-01
2.328985699999999997e+04 8.451130000000000031e-01 8.376101606045996961e-01
2.328997100000000137e+04 8.465329999999999799e-01 8.490070429253325779e-01
2.329008499999999913e+04 8.552739999999999787e-01 8.604044058556260532e-01
2.329019900000000052e+04 8.726580000000000448e-01 8.718068151245583763e-01
2.329031200000000172e+04 8.972029999999999728e-01 8.830481203989456462e-01
2.329042600000000311e+04 8.950179999999999803e-01 8.942925070201488413e-01
2.329054000000000087e+04 8.879310000000000258e-01 9.054749614021462278e-01
2.329065299999999843e+04 8.879679999999999795e-01 9.166168253414780365e-01
2.329076699999999983e+04 9.237279999999999935e-01 9.280711369041307890e-01
2.329088099999999758e+04 9.408999999999999586e-01 9.398683560490990185e-01
2.329099499999999898e+04 9.357400000000000162e-01 9.520708513697955233e-01
2.329110800000000017e+04 9.626120000000000232e-01 9.645469836840802058e-01
2.329122200000000157e+04 9.832899999999999974e-01 9.774203041378074497e-01
2.329133599999999933e+04 9.915509999999999602e-01 9.903586992402803046e-01
2.329145000000000073e+04 1.003813999999999984e+00 1.002910327716749261e+00
2.329156300000000192e+04 1.012866999999999962e+00 1.014826866811135098e+00
2.329167700000000332e+04 1.020610000000000017e+00 1.025967557435510491e+00
2.329179100000000108e+04 1.025940000000000074e+00 1.035497504887827658e+00
2.329190399999999863e+04 1.050680999999999976e+00 1.042570406449696119e+00
2.329201800000000003e+04 1.055633999999999961e+00 1.046842003965219092e+00
2.329213199999999779e+04 1.049962999999999980e+00 1.048480444057338756e+00
2.329224499999999898e+04 1.060326000000000102e+00 1.048160478009172891e+00
2.329235900000000038e+04 1.041836999999999902e+00 1.046802050394107564e+00
2.329247300000000178e+04 1.050167999999999990e+00 1.044827703369015648e+00
2.329258600000000297e+04 1.027945000000000109e+00 1.042369173073085520e+00
2.329270000000000073e+04 1.044159999999999977e+00 1.039489067485404927e+00
2.329281400000000212e+04 1.033776000000000028e+00 1.036413913486976313e+00
2.329292699999999968e+04 1.028980999999999923e+00 1.033430488546788650e+00
2.329304099999999744e+04 1.036010000000000097e+00 1.030599777018947227e+00
2.329315499999999884e+04 1.022321999999999953e+00 1.027983696887385667e+00
2.329326800000000003e+04 1.010658000000000056e+00 1.025607666180986310e+00
2.329338200000000143e+04 1.007292000000000076e+00 1.023417554865617252e+00
2.329349599999999919e+04 9.979149999999999965e-01 1.021447962649262076e+00
2.329360900000000038e+04 1.012639999999999985e+00 1.019694222558775065e+00
2.329372300000000178e+04 1.011833999999999900e+00 1.018109725442495783e+00
2.329383700000000317e+04 1.008618000000000015e+00 1.016733394802140200e+00
2.329394999999999709e+04 1.012347000000000108e+00 1.015613160175123930e+00
2.329406399999999849e+04 9.919980000000000464e-01 1.014823579077742455e+00
2.329417799999999988e+04 9.949500000000000011e-01 1.014515912563914046e+00
2.329429100000000108e+04 1.003916999999999948e+00 1.014682968508980876e+00
2.329440499999999884e+04 1.003347999999999907e+00 1.015169537294150937e+00
2.329451800000000003e+04 1.000613999999999892e+00 1.015665843606475605e+00
2.329463200000000143e+04 1.008520000000000083e+00 1.015733229067336429e+00
2.329474600000000282e+04 1.009006999999999987e+00 1.014772183353559898e+00
2.329485900000000038e+04 1.010011999999999910e+00 1.011960730426954669e+00
2.329497299999999814e+04 1.004472999999999949e+00 1.006898645751186594e+00
2.329508599999999933e+04 9.882630000000000026e-01 1.000699579369288550e+00
2.329520000000000073e+04 9.811929999999999819e-01 9.938651897686255898e-01
2.329531399999999849e+04 9.808170000000000499e-01 9.867359692903125978e-01
2.329542700000000332e+04 9.692070000000000407e-01 9.795799444316878324e-01
2.329554100000000108e+04 9.564540000000000264e-01 9.725074427654487597e-01
2.329565399999999863e+04 9.574650000000000105e-01 9.659049693991149654e-01
2.329576800000000003e+04 9.345109999999999806e-01 9.599903865433369043e-01
2.329588199999999779e+04 9.351150000000000295e-01 9.549697171137383478e-01
2.329599499999999898e+04 9.389760000000000328e-01 9.508196503795577348e-01
2.329610900000000038e+04 9.458879999999999511e-01 9.472548785514586234e-01
2.329622200000000157e+04 9.274879999999999791e-01 9.439001102089671358e-01
2.329633600000000297e+04 9.188169999999999948e-01 9.402424665766745404e-01
2.329644900000000052e+04 9.148420000000000440e-01 9.362115807836777215e-01
2.329656299999999828e+04 9.229659999999999531e-01 9.322122627211022472e-01
2.329667699999999968e+04 9.158150000000000457e-01 9.291046955077736369e-01
2.329679000000000087e+04 9.123580000000000023e-01 9.271352752828605492e-01
2.329690400000000227e+04 9.116290000000000227e-01 9.262079979007933339e-01
2.329701700000000346e+04 9.118690000000000406e-01 9.263216230068987977e-01
2.329713100000000122e+04 9.110179999999999945e-01 9.274513535975051903e-01
2.329724399999999878e+04 9.250089999999999701e-01 9.295823814845468602e-01
2.329735800000000017e+04 9.315480000000000427e-01 9.327730024222579130e-01
2.329747100000000137e+04 9.336889999999999912e-01 9.368837364153175251e-01
2.329758499999999913e+04 9.324149999999999938e-01 9.420478543753718625e-01
2.329769799999999668e+04 9.386480000000000379e-01 9.479032039742070204e-01
2.329781200000000172e+04 9.412030000000000118e-01 9.543954394045569556e-01
2.329792499999999927e+04 9.575529999999999875e-01 9.613682245519948877e-01
2.329803900000000067e+04 9.697609999999999841e-01 9.689137874826913022e-01
2.329815299999999843e+04 9.650840000000000529e-01 9.769358108042122124e-01
2.329826599999999962e+04 9.750309999999999810e-01 9.853307122464789458e-01
2.329838000000000102e+04 9.853039999999999576e-01 9.942988417526873457e-01
2.329849299999999857e+04 9.974579999999999558e-01 1.003632878727126476e+00
2.329860699999999633e+04 1.000615999999999950e+00 1.013463255082097669e+00
2.329872000000000116e+04 1.020445000000000046e+00 1.023578041804925620e+00
2.329883399999999892e+04 1.034035000000000037e+00 1.034035894635007446e+00
2.329894700000000012e+04 1.035609000000000002e+00 1.044450007722377283e+00
2.329906100000000151e+04 1.037636999999999921e+00 1.054728522524243317e+00
2.329917399999999907e+04 1.046512000000000109e+00 1.064329518436701427e+00
2.329928700000000026e+04 1.054782000000000108e+00 1.072299659177394338e+00
2.329940099999999802e+04 1.067542999999999909e+00 1.077732909177049558e+00
2.329951400000000285e+04 1.076569000000000109e+00 1.080818292003071779e+00
2.329962800000000061e+04 1.082813000000000025e+00 1.082064183913873601e+00
2.329974099999999817e+04 1.074731000000000103e+00 1.081666663198398215e+00
2.329985499999999956e+04 1.067962000000000078e+00 1.079692008829766792e+00
2.329996800000000076e+04 1.072465999999999919e+00 1.076221937036230702e+00
2.330008199999999852e+04 1.063841000000000037e+00 1.071248194840333401e+00
2.330019499999999971e+04 1.060664999999999969e+00 1.064927527118534778e+00
2.330030900000000111e+04 1.045471999999999957e+00 1.057735206830407559e+00
2.330042199999999866e+04 1.041158000000000028e+00 1.050098806812630015e+00
2.330053600000000006e+04 1.037244000000000055e+00 1.041862975224556509e+00
2.330064900000000125e+04 1.033782999999999896e+00 1.033166036372754837e+00
2.330076200000000244e+04 1.023783000000000110e+00 1.023895297746396427e+00
2.330087600000000020e+04 1.009989000000000026e+00 1.013803920061570274e+00
2.330098899999999776e+04 1.000917000000000057e+00 1.002950697169066041e+00
2.330110299999999916e+04 9.880609999999999671e-01 9.907135895531558045e-01
2.330121600000000035e+04 9.798649999999999860e-01 9.773621644910832629e-01
2.330133000000000175e+04 9.585029999999999939e-01 9.623227449981169856e-01
2.330144300000000294e+04 9.584310000000000329e-01 9.456236533480087969e-01
2.330155600000000049e+04 9.351739999999999498e-01 9.269026672823317270e-01
2.330166999999999825e+04 9.145689999999999653e-01 9.057834054114352051e-01
2.330178299999999945e+04 8.986370000000000191e-01 8.827276611720422661e-01
2.330189700000000084e+04 8.765680000000000138e-01 8.576093358686555090e-01
2.330201000000000204e+04 8.583830000000000071e-01 8.315819362759803157e-01
2.330212400000000343e+04 8.185759999999999703e-01 8.046346237504183874e-01
2.330223699999999735e+04 7.904609999999999692e-01 7.775528318862723332e-01
2.330235000000000218e+04 7.503279999999999950e-01 7.502758257050231583e-01
2.330246399999999994e+04 7.377860000000000529e-01 7.226630647500721372e-01
2.330257700000000114e+04 7.072580000000000533e-01 6.952587365665447994e-01
2.330268999999999869e+04 6.788129999999999997e-01 6.678200993412247710e-01
2.330280400000000009e+04 6.432639999999999469e-01 6.407718584488487634e-01
2.330291700000000128e+04 6.330860000000000376e-01 6.153566226299067576e-01
2.330303099999999904e+04 5.830760000000000387e-01 5.915182149776327947e-01
2.330314399999999659e+04 5.776280000000000303e-01 5.699879464284060004e-01
2.330325699999999779e+04 5.733690000000000175e-01 5.508560053551527780e-01
2.330337099999999919e+04 5.441000000000000281e-01 5.342703991766065696e-01
2.330348400000000038e+04 5.266800000000000370e-01 5.207020553028379739e-01
2.330359699999999793e+04 5.131919999999999815e-01 5.102642804121249043e-01
2.330371099999999933e+04 5.165330000000000199e-01 5.033537716587703770e-01
2.330382400000000052e+04 5.159340000000000037e-01 4.996485069589670092e-01
2.330393700000000172e+04 4.999310000000000143e-01 4.990028902483331641e-01
2.330405099999999948e+04 5.074009999999999909e-01 5.013976990546382684e-01
2.330416399999999703e+04 5.169979999999999576e-01 5.066291086367152863e-01
2.330427799999999843e+04 5.204130000000000145e-01 5.145634588443456225e-01
2.330439099999999962e+04 5.392639999999999656e-01 5.248534845818748629e-01
2.330450400000000081e+04 5.442569999999999908e-01 5.374624545985507984e-01
2.330461800000000221e+04 5.522869999999999724e-01 5.522853604930292315e-01
2.330473099999999977e+04 5.513700000000000268e-01 5.688052200172581951e-01
2.330484400000000096e+04 5.966209999999999569e-01 5.869623850596207282e-01
2.330495700000000215e+04 6.108879999999999866e-01 6.060767277469287784e-01
2.330507099999999991e+04 6.186190000000000300e-01 6.255596380639816267e-01
2.330518399999999747e+04 6.462790000000000479e-01 6.446386312096731297e-01
2.330529699999999866e+04 6.648680000000000145e-01 6.635689130996264007e-01
2.330541100000000006e+04 6.860770000000000479e-01 6.830152912115646791e-01
2.330552400000000125e+04 6.992009999999999614e-01 7.022408877917262204e-01
2.330563699999999881e+04 7.136519999999999531e-01 7.206359832500180973e-01
2.330575100000000020e+04 7.401149999999999674e-01 7.373934486671953614e-01
2.330586400000000140e+04 7.584450000000000358e-01 7.517593603164588467e-01
2.330597700000000259e+04 7.594629999999999992e-01 7.639270200189456350e-01
2.330609100000000035e+04 7.701729999999999965e-01 7.741957224510116475e-01
2.330620399999999790e+04 7.802590000000000359e-01 7.824495707274461420e-01
2.330631699999999910e+04 7.870470000000000521e-01 7.887404425654179763e-01
2.330642999999999665e+04 7.739970000000000461e-01 7.937982049906655568e-01
2.330654399999999805e+04 7.877709999999999990e-01 7.977020442584209503e-01
2.330665699999999924e+04 7.921500000000000208e-01 8.005386648375159009e-01
2.330677000000000044e+04 7.985550000000000148e-01 8.025349795024702138e-01
2.330688299999999799e+04 7.946459999999999635e-01 8.037955937127114758e-01
2.330699699999999939e+04 8.113850000000000229e-01 8.042574349778514042e-01
2.330711000000000058e+04 7.929479999999999862e-01 8.036132240503355284e-01
2.330722300000000178e+04 8.010990000000000055e-01 8.021858557394410116e-01
2.330733599999999933e+04 7.970519999999999827e-01 8.004981182148531715e-01
2.330744999999999709e+04 8.087050000000000072e-01 7.987735600743911535e-01
2.330756299999999828e+04 8.104329999999999590e-01 7.971012596068997036e-01
2.330767600000000311e+04 8.007699999999999818e-01 7.956309414928061097e-01
2.330778899999999703e+04 7.917520000000000113e-01 7.947491913135036334e-01
2.330790299999999843e+04 7.982609999999999983e-01 7.947991684703737958e-01
2.330801599999999962e+04 7.893160000000000176e-01 7.961172424607055875e-01
2.330812900000000081e+04 7.957189999999999541e-01 7.985502036990510533e-01
2.330824199999999837e+04 8.149659999999999682e-01 8.022757895772276715e-01
2.330835599999999977e+04 8.305540000000000145e-01 8.073951933613570109e-01
2.330846900000000096e+04 8.464779999999999527e-01 8.137041937395022018e-01
2.330858200000000215e+04 8.703689999999999483e-01 8.210296414091430295e-01
2.330869499999999971e+04 8.575080000000000480e-01 8.292194079161533393e-01
2.330880800000000090e+04 8.230250000000000066e-01 8.386092040314592211e-01
2.330892200000000230e+04 8.068729999999999514e-01 8.495101256925039479e-01
2.330903499999999622e+04 8.435259999999999980e-01 8.615268744114382704e-01
2.330914800000000105e+04 8.628179999999999739e-01 8.745809791134945277e-01
2.330926100000000224e+04 8.747409999999999908e-01 8.884968657152580995e-01
2.330937399999999980e+04 8.845260000000000344e-01 9.028569175493355026e-01
2.330948799999999756e+04 8.956159999999999677e-01 9.170586877850734897e-01
2.330960099999999875e+04 9.023930000000000007e-01 9.300609900669597474e-01
2.330971399999999994e+04 9.114600000000000479e-01 9.417121427893971886e-01
2.330982699999999750e+04 9.397109999999999630e-01 9.527894363613845785e-01
2.330993999999999869e+04 9.581680000000000197e-01 9.636349125246490566e-01
2.331005400000000009e+04 9.543620000000000436e-01 9.740991241996154182e-01
2.334151699999999983e+04 8.794340000000000490e-01 8.988911210541955521e-01
2.334162900000000081e+04 8.852569999999999606e-01 9.125211804346610167e-01
2.334174099999999817e+04 9.171979999999999578e-01 9.239798221454120775e-01
2.334185300000000279e+04 9.048559999999999937e-01 9.338575380858455954e-01
2.334196500000000015e+04 9.226659999999999862e-01 9.422457500704891631e-01
2.334207699999999750e+04 9.139749999999999819e-01 9.487200381942964000e-01
2.334218900000000212e+04 9.255370000000000541e-01 9.535341736203463148e-01
2.334230099999999948e+04 9.328670000000000018e-01 9.570030514980423231e-01
2.334241300000000047e+04 9.398370000000000335e-01 9.594629684815252357e-01
2.334252499999999782e+04 9.306529999999999525e-01 9.612129637026974871e-01
2.334263700000000244e+04 9.439459999999999518e-01 9.624880993494183690e-01
2.334274899999999980e+04 9.395900000000000363e-01 9.634534019108975667e-01
2.334286100000000079e+04 9.387360000000000149e-01 9.638562611482083264e-01
2.334297299999999814e+04 9.516900000000000359e-01 9.635977840082444734e-01
2.334308399999999892e+04 9.578849999999999865e-01 9.630387865077906229e-01
2.334319599999999991e+04 9.439089999999999980e-01 9.625167195611810111e-01
2.334330800000000090e+04 9.496090000000000364e-01 9.622530730241095620e-01
2.334341999999999825e+04 9.413399999999999546e-01 9.622980439020482057e-01
2.334353199999999924e+04 9.385780000000000234e-01 9.626655971804968237e-01
2.334364400000000023e+04 9.485069999999999890e-01 9.633748388092981951e-01
2.334375600000000122e+04 9.560570000000000457e-01 9.642911234349413885e-01
2.334386799999999857e+04 9.443799999999999972e-01 9.654012274031105179e-01
2.334398000000000320e+04 9.527269999999999905e-01 9.667597021262248624e-01
2.334409099999999671e+04 9.483380000000000143e-01 9.683716571571081566e-01
2.334420300000000134e+04 9.377750000000000252e-01 9.702266038656907066e-01
2.334431499999999869e+04 9.373650000000000038e-01 9.723659692338351146e-01
2.334442699999999968e+04 9.356600000000000472e-01 9.748440455856166587e-01
2.334453900000000067e+04 9.032799999999999718e-01 9.776294904971674082e-01
2.334465100000000166e+04 9.326649999999999663e-01 9.808635569454492442e-01
2.334476299999999901e+04 9.571830000000000060e-01 9.846583202757999143e-01
2.334487399999999980e+04 9.939759999999999707e-01 9.890258124689611519e-01
2.334498599999999715e+04 9.835040000000000449e-01 9.940370621159856368e-01
2.334509800000000178e+04 9.759339999999999682e-01 9.995824726430387885e-01
2.334520999999999913e+04 9.722730000000000539e-01 1.005622437616343179e+00
2.334532200000000012e+04 9.861079999999999846e-01 1.012127439040982679e+00
2.334543300000000090e+04 9.868440000000000545e-01 1.018941173234439113e+00
2.334554499999999825e+04 9.969599999999999573e-01 1.025962615635082509e+00
2.334565700000000288e+04 9.895620000000000527e-01 1.032752596225674724e+00
2.334576900000000023e+04 1.006218000000000057e+00 1.038786785631650389e+00
2.334588100000000122e+04 1.006337999999999955e+00 1.043332679732716040e+00
2.334599299999999857e+04 1.010304000000000091e+00 1.046231474014428509e+00
2.334610399999999936e+04 1.011187999999999976e+00 1.047928485702823709e+00
2.334621600000000035e+04 1.013417999999999930e+00 1.048697910762580676e+00
2.334632800000000134e+04 1.006714000000000109e+00 1.048870585986195314e+00
2.334643999999999869e+04 1.004483999999999932e+00 1.048804925482367700e+00
2.334655099999999948e+04 1.004200999999999899e+00 1.048729830841647948e+00
2.334666299999999683e+04 1.002639000000000058e+00 1.048670181930138945e+00
2.334677500000000146e+04 1.013354000000000088e+00 1.048457079859779206e+00
2.334688699999999881e+04 1.003022999999999998e+00 1.047808690122371322e+00
2.334699899999999980e+04 9.988070000000000004e-01 1.046426251619785308e+00
2.334711000000000058e+04 9.997139999999999915e-01 1.044065343747753172e+00
2.334722199999999793e+04 9.972539999999999738e-01 1.040234756956529782e+00
2.334733400000000256e+04 9.999550000000000383e-01 1.034171572872183642e+00
2.334744599999999991e+04 9.851239999999999997e-01 1.024731639393911653e+00
2.334755700000000070e+04 9.761940000000000062e-01 1.012547630562098178e+00
2.334766899999999805e+04 9.511669999999999847e-01 9.985828053945170479e-01
2.334778099999999904e+04 9.359469999999999734e-01 9.836150181360259204e-01
2.334789199999999983e+04 9.265679999999999472e-01 9.683008972490284583e-01
2.334800400000000081e+04 9.242500000000000160e-01 9.527154799685193520e-01
2.334811600000000180e+04 8.969070000000000098e-01 9.372336097498115137e-01
2.334822799999999916e+04 8.891769999999999952e-01 9.221320048798588020e-01
2.334833899999999994e+04 8.656220000000000026e-01 9.077217428440126357e-01
2.334845099999999729e+04 8.328609999999999625e-01 8.938283904196231422e-01
2.334856300000000192e+04 8.167410000000000503e-01 8.807361719137347666e-01
2.334867399999999907e+04 8.115149999999999864e-01 8.686135962009310374e-01
2.334878600000000006e+04 8.061340000000000172e-01 8.571729222049734309e-01
2.334889800000000105e+04 8.066919999999999646e-01 8.463062186455921898e-01
2.334900900000000183e+04 8.069129999999999914e-01 8.359672985477539786e-01
2.334912099999999919e+04 8.071730000000000294e-01 8.258034529207682883e-01
2.334923299999999654e+04 7.876499999999999613e-01 8.158829560638259926e-01
2.334934500000000116e+04 7.749000000000000332e-01 8.065193732291783268e-01
2.334945600000000195e+04 7.761919999999999931e-01 7.982635273047078428e-01
2.334956799999999930e+04 7.720280000000000475e-01 7.914153422810124017e-01
2.334968000000000029e+04 7.673170000000000268e-01 7.862292893987891107e-01
2.334979100000000108e+04 7.659230000000000205e-01 7.829119922574843127e-01
2.334990299999999843e+04 7.606669999999999821e-01 7.810474958702195991e-01
2.335001399999999921e+04 7.652729999999999810e-01 7.806805708372176467e-01
2.335012600000000384e+04 7.606640000000000068e-01 7.819193323904586324e-01
2.335023800000000119e+04 7.736929999999999641e-01 7.848517361331062148e-01
2.335034900000000198e+04 7.787870000000000070e-01 7.893867883642143868e-01
2.335046099999999933e+04 7.745520000000000183e-01 7.954621038005410538e-01
2.335057300000000032e+04 7.752839999999999732e-01 8.029456854363951068e-01
2.335068400000000111e+04 7.936140000000000416e-01 8.110774249156629256e-01
2.335079599999999846e+04 8.290999999999999481e-01 8.197509667681126544e-01
2.335090699999999924e+04 8.362089999999999801e-01 8.284519365552363013e-01
2.335101900000000023e+04 8.277569999999999650e-01 8.369910671371953992e-01
2.335113100000000122e+04 8.374549999999999494e-01 8.451070013134810432e-01
2.335124200000000201e+04 8.463990000000000125e-01 8.529002135493612968e-01
2.335135399999999936e+04 8.654269999999999463e-01 8.609360802350857211e-01
2.335146599999999671e+04 8.690970000000000084e-01 8.692479027491366583e-01
2.335157699999999750e+04 8.787859999999999561e-01 8.776854076505490321e-01
2.335168900000000212e+04 9.049730000000000274e-01 8.860025093200548651e-01
2.335179999999999927e+04 8.995309999999999695e-01 8.935124330145469695e-01
2.335191200000000026e+04 8.996030000000000415e-01 8.998656808253419070e-01
2.335202300000000105e+04 9.008680000000000021e-01 9.047680976679054465e-01
2.335213500000000204e+04 8.993250000000000410e-01 9.086343524797425575e-01
2.335224699999999939e+04 9.107129999999999947e-01 9.120767697028472343e-01
2.335235800000000017e+04 9.090000000000000302e-01 9.153961521027230708e-01
2.335246999999999753e+04 8.919949999999999823e-01 9.188037061274794137e-01
2.335258099999999831e+04 9.049490000000000034e-01 9.223044027842403070e-01
2.335269300000000294e+04 9.122310000000000141e-01 9.260240100594712143e-01
2.335280399999999645e+04 9.108579999999999455e-01 9.299650304532426359e-01
2.335291600000000108e+04 9.316480000000000317e-01 9.342591388871680502e-01
2.335302700000000186e+04 9.369100000000000206e-01 9.388452792004106096e-01
2.335313899999999921e+04 9.461850000000000538e-01 9.437723148606981249e-01
2.335325000000000000e+04 9.556270000000000042e-01 9.488279011327586110e-01
2.335336200000000099e+04 9.590889999999999693e-01 9.539517977210909550e-01
2.335347300000000178e+04 9.592270000000000518e-01 9.589329388290852574e-01
2.335358499999999913e+04 9.553599999999999870e-01 9.634079034351843429e-01
2.335369599999999991e+04 9.583450000000000024e-01 9.667594273838615582e-01
2.335380799999999726e+04 9.592060000000000031e-01 9.691489322684609942e-01
2.335391899999999805e+04 9.567919999999999758e-01 9.709135171288666433e-01
2.335403100000000268e+04 9.631420000000000536e-01 9.724148999123288784e-01
2.335414200000000346e+04 9.627470000000000194e-01 9.737487739103480866e-01
2.335425400000000081e+04 9.650830000000000242e-01 9.748187292874477272e-01
2.335436500000000160e+04 9.581680000000000197e-01 9.751678836443131715e-01
2.335447699999999895e+04 9.540990000000000304e-01 9.748415762243062277e-01
2.335458799999999974e+04 9.509250000000000203e-01 9.738083611419551255e-01
2.335470000000000073e+04 9.573589999999999600e-01 9.719377897884903250e-01
2.335481100000000151e+04 9.529269999999999685e-01 9.690018637863935247e-01
2.335492299999999886e+04 9.653359999999999719e-01 9.645722526220840143e-01
2.335503399999999965e+04 9.497050000000000214e-01 9.584074517583858199e-01
2.335514600000000064e+04 9.532939999999999747e-01 9.493736244061014018e-01
2.335525699999999779e+04 9.286499999999999755e-01 9.376721263447352905e-01
2.335536900000000242e+04 9.104539999999999855e-01 9.227760791982251298e-01
2.335548000000000320e+04 8.944119999999999848e-01 9.048592581221162057e-01
2.335559200000000055e+04 8.897319999999999673e-01 8.838968978344539096e-01
2.335570300000000134e+04 8.620459999999999789e-01 8.609372667918490096e-01
2.335581400000000212e+04 8.376810000000000089e-01 8.366074611196362421e-01
2.335592599999999948e+04 7.993900000000000450e-01 8.116358886987222743e-01
2.335603700000000026e+04 7.711900000000000421e-01 7.872160729854216221e-01
2.335614899999999761e+04 7.582400000000000251e-01 7.632543728096949920e-01
2.335625999999999840e+04 7.384549999999999725e-01 7.404089621080186534e-01
2.335637099999999919e+04 7.095120000000000315e-01 7.185082962434057308e-01
2.335648300000000017e+04 6.920690000000000452e-01 6.972386778003765162e-01
2.335659400000000096e+04 6.733829999999999538e-01 6.769786299408829811e-01
2.335670599999999831e+04 6.604219999999999535e-01 6.579466502694997221e-01
2.335681699999999910e+04 6.403090000000000170e-01 6.407142377728782812e-01
2.335692799999999988e+04 6.310649999999999871e-01 6.251524694569658980e-01
2.335703999999999724e+04 6.100870000000000459e-01 6.111316927906425001e-01
2.335715099999999802e+04 6.039060000000000539e-01 5.988203221845532775e-01
2.335726300000000265e+04 6.006719999999999837e-01 5.878512901186426776e-01
2.335737400000000343e+04 5.803620000000000445e-01 5.784570303856981788e-01
2.335748499999999694e+04 5.721650000000000347e-01 5.698209816850194898e-01
2.335759700000000157e+04 5.547569999999999446e-01 5.614816681498445705e-01
2.335770800000000236e+04 5.597220000000000528e-01 5.537441742077492401e-01
2.335781900000000314e+04 5.579699999999999660e-01 5.469760957770160026e-01
2.335793100000000049e+04 5.485149999999999748e-01 5.416836005000276177e-01
2.335804200000000128e+04 5.473820000000000352e-01 5.383292955224884269e-01
2.335815300000000207e+04 5.391080000000000316e-01 5.373919176791713825e-01
2.335826499999999942e+04 5.506339999999999568e-01 5.383451936828860251e-01
2.335837600000000020e+04 5.528359999999999941e-01 5.411709128821170500e-01
2.335848700000000099e+04 5.489460000000000450e-01 5.460556339804771842e-01
2.335859899999999834e+04 5.526520000000000321e-01 5.532628970278449243e-01
2.335870999999999913e+04 5.713510000000000533e-01 5.626761960998680756e-01
2.335882099999999991e+04 5.715339999999999865e-01 5.741607547545990453e-01
2.335893300000000090e+04 5.992009999999999836e-01 5.876205354847348072e-01
2.335904400000000169e+04 6.070809999999999818e-01 6.020064098058782731e-01
2.335915499999999884e+04 6.224159999999999693e-01 6.171638515134149072e-01
2.335926699999999983e+04 6.330639999999999601e-01 6.331153103356037537e-01
2.335937800000000061e+04 6.648929999999999563e-01 6.494505763254680986e-01
2.335948900000000140e+04 6.668600000000000083e-01 6.660269165306780259e-01
2.335960099999999875e+04 6.767250000000000210e-01 6.820848509144020744e-01
2.335971199999999953e+04 6.801439999999999708e-01 6.966132432522971207e-01
2.335982300000000032e+04 6.889659999999999673e-01 7.099884591861014282e-01
2.335993400000000111e+04 7.277559999999999585e-01 7.225504234239823464e-01
2.336004599999999846e+04 7.667059999999999986e-01 7.348152761780326614e-01
2.336015699999999924e+04 7.590829999999999522e-01 7.469401254310025218e-01
2.336026800000000003e+04 7.670400000000000551e-01 7.592848578828281791e-01
2.336037900000000081e+04 7.633440000000000225e-01 7.720514614661843078e-01
2.336049099999999817e+04 7.675389999999999713e-01 7.853592755746365839e-01
2.336060199999999895e+04 7.817669999999999897e-01 7.988900634415437851e-01
2.336071299999999974e+04 7.823010000000000241e-01 8.128638668690368885e-01
2.336082400000000052e+04 8.034310000000000063e-01 8.273065374015534656e-01
2.336093599999999788e+04 8.532039999999999624e-01 8.421924777807650031e-01
2.336104699999999866e+04 8.864379999999999482e-01 8.568594856063191934e-01
2.336115799999999945e+04 8.932809999999999917e-01 8.713604108448191887e-01
2.336126900000000023e+04 8.953510000000000080e-01 8.860196427878072045e-01
2.336138099999999758e+04 8.935100000000000264e-01 9.011155592995652164e-01
2.336149199999999837e+04 9.176509999999999945e-01 9.163666776138481573e-01
2.336160299999999916e+04 9.448539999999999717e-01 9.317032411277582638e-01
2.336171399999999994e+04 9.599729999999999652e-01 9.467619300813220340e-01
2.336182500000000073e+04 9.640069999999999473e-01 9.610599981437538686e-01
2.336193699999999808e+04 9.786989999999999856e-01 9.739980724724687233e-01
2.336204799999999886e+04 9.841750000000000220e-01 9.850346117561906700e-01
2.336215899999999965e+04 9.998270000000000213e-01 9.942325320532636734e-01
2.336227000000000044e+04 1.014405999999999919e+00 1.001839110140942068e+00
2.336238100000000122e+04 1.027846000000000037e+00 1.008271870598371533e+00
2.336249299999999857e+04 1.013155000000000028e+00 1.013996955087106855e+00
2.336260399999999936e+04 1.034883999999999915e+00 1.019120272512176184e+00
2.336271500000000015e+04 1.024553999999999965e+00 1.023574940418584989e+00
2.336282600000000093e+04 1.024655000000000094e+00 1.027263087456887103e+00
2.336293700000000172e+04 1.037768000000000024e+00 1.030291800944562075e+00
2.336304800000000250e+04 1.035133999999999999e+00 1.032862233275839037e+00
2.336315999999999985e+04 1.039220999999999950e+00 1.035194748334387738e+00
2.336327100000000064e+04 1.030367999999999951e+00 1.037354185724732369e+00
2.336338200000000143e+04 1.046543999999999919e+00 1.039192106311680686e+00
2.336349300000000221e+04 1.052780000000000049e+00 1.040517255317688683e+00
2.336360399999999936e+04 1.047460999999999975e+00 1.041307550290784478e+00
2.336371499999999651e+04 1.047862999999999989e+00 1.041792855808653551e+00
2.336382599999999729e+04 1.047264999999999890e+00 1.042222322207951635e+00
2.336393800000000192e+04 1.053366000000000025e+00 1.042678047472764602e+00
2.336404899999999907e+04 1.055133000000000099e+00 1.042821431146366384e+00
2.336415999999999985e+04 1.048794999999999922e+00 1.042197681929766695e+00
2.336427099999999700e+04 1.052925000000000111e+00 1.040963141427810212e+00
2.336438199999999779e+04 1.050952000000000108e+00 1.038991839643191195e+00
2.336449299999999857e+04 1.041536999999999935e+00 1.036103949924788381e+00
2.336460399999999936e+04 1.024110000000000076e+00 1.032345333025862510e+00
2.336471500000000015e+04 1.036763000000000101e+00 1.028181204289379203e+00
2.336482600000000093e+04 1.025192000000000103e+00 1.024212578775471894e+00
2.336493700000000172e+04 1.027883000000000102e+00 1.020448526213003637e+00
2.336504899999999907e+04 1.023800999999999961e+00 1.016736349295266795e+00
2.336515999999999985e+04 1.007295000000000051e+00 1.013194108133903537e+00
2.336527100000000064e+04 1.005117999999999956e+00 1.009949474103082778e+00
2.336538200000000143e+04 1.014821999999999891e+00 1.007187043195261200e+00
2.336549300000000221e+04 9.938040000000000207e-01 1.004989977881870056e+00
2.336560400000000300e+04 1.008790999999999993e+00 1.003237100780032920e+00
2.336571499999999651e+04 9.999959999999999960e-01 1.001628821808425274e+00
2.336582599999999729e+04 9.900849999999999929e-01 1.000133006376336953e+00
2.336593699999999808e+04 9.695200000000000484e-01 9.988473816704200869e-01
2.336604799999999886e+04 9.689929999999999932e-01 9.978785655383359821e-01
2.336615899999999965e+04 9.827069999999999972e-01 9.972322374711273252e-01
2.336627000000000044e+04 1.000642999999999949e+00 9.966430132796197938e-01
2.336638100000000122e+04 9.910579999999999945e-01 9.960949480791713162e-01
2.336649200000000201e+04 9.992229999999999723e-01 9.958738616460676152e-01
2.336660300000000279e+04 9.822070000000000523e-01 9.961020695756702681e-01
2.336671399999999994e+04 9.914039999999999520e-01 9.967921048601506850e-01
2.336682500000000073e+04 9.737780000000000324e-01 9.978895269018243086e-01
2.336693599999999788e+04 9.902440000000000131e-01 9.993227267562121430e-01
2.336704699999999866e+04 9.955939999999999790e-01 1.001045133438141388e+00
2.336715799999999945e+04 1.017436000000000007e+00 1.002900049987651920e+00
2.336726900000000023e+04 1.005155999999999938e+00 1.004695722806655978e+00
2.336738000000000102e+04 1.011133000000000060e+00 1.006035430613002823e+00
2.336749100000000180e+04 1.009552999999999923e+00 1.006518239479399002e+00
2.336760199999999895e+04 1.005786000000000069e+00 1.005931935252946108e+00
2.336771299999999974e+04 9.942389999999999839e-01 1.004484566284367553e+00
2.336782400000000052e+04 9.961259999999999559e-01 1.002065961035683461e+00
2.336793500000000131e+04 9.950339999999999741e-01 9.984952047663054886e-01
2.336804599999999846e+04 9.911699999999999955e-01 9.933484931158613751e-01
2.336815699999999924e+04 9.823309999999999542e-01 9.863385854242748829e-01
2.336826800000000003e+04 9.772509999999999808e-01 9.774248440273807237e-01
2.336837900000000081e+04 9.637599999999999500e-01 9.668528132415439291e-01
2.336848999999999796e+04 9.467830000000000412e-01 9.549606968499317894e-01
2.336860099999999875e+04 9.366560000000000441e-01 9.422589089537770635e-01
2.336871199999999953e+04 9.336050000000000182e-01 9.289230746097728586e-01
2.336882300000000032e+04 9.065290000000000292e-01 9.147078451494814466e-01
2.336893400000000111e+04 8.946969999999999645e-01 8.994248792542690607e-01
2.336904500000000189e+04 8.713429999999999787e-01 8.831467083793534956e-01
2.336915600000000268e+04 8.741179999999999506e-01 8.663617173223413515e-01
2.336926699999999983e+04 8.605080000000000506e-01 8.499403626920675192e-01
2.336937799999999697e+04 8.485709999999999642e-01 8.344860633771157277e-01
2.336948800000000119e+04 8.379879999999999551e-01 8.203999847120146960e-01
2.336959900000000198e+04 8.207050000000000178e-01 8.075891537023709432e-01
2.336971000000000276e+04 8.058440000000000047e-01 7.963069174805313954e-01
2.336982100000000355e+04 7.983219999999999761e-01 7.866574477915824204e-01
2.336993200000000070e+04 7.887669999999999959e-01 7.789035261594946524e-01
2.337004299999999785e+04 7.907859999999999889e-01 7.732685418321341153e-01
2.337015399999999863e+04 7.920249999999999790e-01 7.693582860887954178e-01
2.337026499999999942e+04 7.846239999999999881e-01 7.670002353818974328e-01
2.337037600000000020e+04 7.659190000000000165e-01 7.661488151543203173e-01
2.337048600000000079e+04 7.656589999999999785e-01 7.668619876973066241e-01
2.337059700000000157e+04 7.773379999999999734e-01 7.693129595130656639e-01
2.337070799999999872e+04 7.859949999999999992e-01 7.737413265352365288e-01
2.337081899999999951e+04 7.855849999999999778e-01 7.798666208645580467e-01
2.337093000000000029e+04 7.974599999999999467e-01 7.875669515011698429e-01
2.337104099999999744e+04 8.051580000000000403e-01 7.967848906017488408e-01
2.337115199999999822e+04 8.421039999999999637e-01 8.074565476412940424e-01
2.337126299999999901e+04 8.272490000000000121e-01 8.195185374962330460e-01
2.337137300000000323e+04 8.464209999999999789e-01 8.328365015339882493e-01
2.337148399999999674e+04 8.579729999999999857e-01 8.476716777225219435e-01
2.337159499999999753e+04 8.847599999999999909e-01 8.636192905036309542e-01
2.337170599999999831e+04 8.847749999999999782e-01 8.805418305738407225e-01
2.337181699999999910e+04 9.081639999999999713e-01 8.981024600791684964e-01
2.337192799999999988e+04 9.174600000000000533e-01 9.158137629519718104e-01
2.337203800000000047e+04 9.457280000000000131e-01 9.330105077896826415e-01
2.337214900000000125e+04 9.670170000000000154e-01 9.498730915777774397e-01
2.337225999999999840e+04 9.734099999999999975e-01 9.662295055062652960e-01
2.337237099999999919e+04 9.890980000000000327e-01 9.818556839948586745e-01
2.337248199999999997e+04 1.019740000000000091e+00 9.962013064656771721e-01
2.337259200000000055e+04 1.018777999999999961e+00 1.008544813434741227e+00
2.337270300000000134e+04 1.037740000000000107e+00 1.018580158406695579e+00
2.337281400000000212e+04 1.014874000000000054e+00 1.025896864137692877e+00
2.337292500000000291e+04 1.043730999999999964e+00 1.030490304335495599e+00
2.337303599999999642e+04 1.029803000000000024e+00 1.033278778473991411e+00
2.337314600000000064e+04 1.046376999999999891e+00 1.034314945181293188e+00
2.337325700000000143e+04 1.040829000000000004e+00 1.033384895276177051e+00
2.337336800000000221e+04 1.037790999999999908e+00 1.030261276469323528e+00
2.337347900000000300e+04 1.021220000000000017e+00 1.024959905127935444e+00
2.337358899999999994e+04 1.025991000000000097e+00 1.017185152355669198e+00
2.337370000000000073e+04 1.019258999999999915e+00 1.006592354025923175e+00
2.337381100000000151e+04 1.004777999999999949e+00 9.932224141294686559e-01
2.337392199999999866e+04 9.997420000000000195e-01 9.770834674626089900e-01
2.337403199999999924e+04 9.631210000000000049e-01 9.585471325567599399e-01
2.337414300000000003e+04 9.464000000000000190e-01 9.376221872778354172e-01
2.337425399999999718e+04 9.466980000000000395e-01 9.150024070293771850e-01
2.337436499999999796e+04 9.201669999999999572e-01 8.912515008858384880e-01
2.337447500000000218e+04 8.856469999999999620e-01 8.674110374148773506e-01
2.337458600000000297e+04 8.562680000000000291e-01 8.433793483736926611e-01
2.337469700000000375e+04 8.257280000000000175e-01 8.197032596057292064e-01
2.337480700000000070e+04 7.993489999999999762e-01 7.968763710041436577e-01
2.337491800000000148e+04 7.805569999999999453e-01 7.747286809558597831e-01
2.337502900000000227e+04 7.623929999999999874e-01 7.539278260284885125e-01
2.337513999999999942e+04 7.479590000000000405e-01 7.347333250314487252e-01
2.337525000000000000e+04 7.272220000000000351e-01 7.173789863530920519e-01
2.337536099999999715e+04 7.007870000000000488e-01 7.016252990648272903e-01
2.337547199999999793e+04 6.867060000000000386e-01 6.876890562017861086e-01
2.337558200000000215e+04 6.627859999999999863e-01 6.756982172504004680e-01
2.337569300000000294e+04 6.573780000000000179e-01 6.655088115297190798e-01
2.337580399999999645e+04 6.609340000000000215e-01 6.578730870052936774e-01
2.337591400000000067e+04 6.637960000000000527e-01 6.525097601351748100e-01
2.337602500000000146e+04 6.556809999999999583e-01 6.493406953176994456e-01
2.337613600000000224e+04 6.416789999999999994e-01 6.483761414876024753e-01
2.337624599999999919e+04 6.523079999999999989e-01 6.495254040452729249e-01
2.337635699999999997e+04 6.410109999999999975e-01 6.528161615440328802e-01
2.337646800000000076e+04 6.598899999999999766e-01 6.585757251195534234e-01
2.337657800000000134e+04 6.715039999999999898e-01 6.666805144626012369e-01
2.337668900000000212e+04 6.790960000000000329e-01 6.767784543496796479e-01
2.337680000000000291e+04 6.773770000000000069e-01 6.886202027022901850e-01
2.337690999999999985e+04 7.117790000000000505e-01 7.019724378264435849e-01
2.337702100000000064e+04 7.148809999999999887e-01 7.170563058344444629e-01
2.337713200000000143e+04 7.435869999999999980e-01 7.337425504729980785e-01
2.337724199999999837e+04 7.481910000000000505e-01 7.518153501366380276e-01
2.337735299999999916e+04 7.781879999999999908e-01 7.710427342183225896e-01
2.337746299999999974e+04 7.904619999999999980e-01 7.909183567192178410e-01
2.337757400000000052e+04 8.122230000000000283e-01 8.116514125035788618e-01
2.337768500000000131e+04 8.320840000000000458e-01 8.328464828136312725e-01
2.337779499999999825e+04 8.539750000000000396e-01 8.539961462230900580e-01
2.337790599999999904e+04 8.707920000000000105e-01 8.752024249366058273e-01
2.337801600000000326e+04 9.000320000000000542e-01 8.955038483670691996e-01
2.337812700000000041e+04 9.187619999999999676e-01 9.149249533097708609e-01
2.337823799999999756e+04 9.382880000000000109e-01 9.327329978522319598e-01
2.337834799999999814e+04 9.417529999999999513e-01 9.482981495827905727e-01
2.337845899999999892e+04 9.664190000000000280e-01 9.615187932363192802e-01
2.337856899999999951e+04 9.679969999999999963e-01 9.719079828802613674e-01
2.337867999999999665e+04 9.916890000000000427e-01 9.793294979671788303e-01
2.337879000000000087e+04 9.785399999999999654e-01 9.843404684958840800e-01
2.337890100000000166e+04 9.867310000000000247e-01 9.870544553060227599e-01
2.337901200000000244e+04 9.764990000000000059e-01 9.871728771674752601e-01
2.337912199999999939e+04 9.935589999999999700e-01 9.844741270848111903e-01
2.337923300000000017e+04 9.837989999999999791e-01 9.787826597948449114e-01
2.337934300000000076e+04 9.793460000000000498e-01 9.701604730587088943e-01
2.337945400000000154e+04 9.608409999999999451e-01 9.596274444785560798e-01
2.337956399999999849e+04 9.686270000000000158e-01 9.482198044924827762e-01
2.337967499999999927e+04 9.390439999999999898e-01 9.361910819692093044e-01
2.337978500000000349e+04 9.215999999999999748e-01 9.240938629017928507e-01
2.337989599999999700e+04 9.109620000000000495e-01 9.119767655278021579e-01
2.338000600000000122e+04 9.222310000000000230e-01 9.003225541960458989e-01
2.338011700000000201e+04 9.019530000000000047e-01 8.892386960168539023e-01
2.338022699999999895e+04 8.903039999999999843e-01 8.790330874301031105e-01
2.338033799999999974e+04 8.684990000000000210e-01 8.696632156316128626e-01
2.338044800000000032e+04 8.668959999999999999e-01 8.614118985515933913e-01
2.338055900000000111e+04 8.629639999999999533e-01 8.541606223014590604e-01
2.338066899999999805e+04 8.468660000000000077e-01 8.479451204639605333e-01
2.338077999999999884e+04 8.360260000000000469e-01 8.427019877401585868e-01
2.338088999999999942e+04 8.423310000000000519e-01 8.385829080655397005e-01
2.338100100000000020e+04 8.276510000000000256e-01 8.355472946446966809e-01
2.338111099999999715e+04 8.441870000000000207e-01 8.335382854702417799e-01
2.338122199999999793e+04 8.276829999999999465e-01 8.323243645086670917e-01
2.338133200000000215e+04 8.306710000000000482e-01 8.317570171878371221e-01
2.338144300000000294e+04 8.123029999999999973e-01 8.319076013118301693e-01
2.338155299999999988e+04 8.352870000000000017e-01 8.330146130900925039e-01
2.338166400000000067e+04 8.325709999999999500e-01 8.350587822655121117e-01
2.338177400000000125e+04 8.424800000000000066e-01 8.379142929886745916e-01
2.338188499999999840e+04 8.380119999999999791e-01 8.414842785225259414e-01
2.338199499999999898e+04 8.334899999999999531e-01 8.455043463152515093e-01
2.338210500000000320e+04 8.295820000000000416e-01 8.497398506762159354e-01
2.338221599999999671e+04 8.478890000000000038e-01 8.537793107006242943e-01
2.338232600000000093e+04 8.489799999999999569e-01 8.578500616078771346e-01
2.338243700000000172e+04 8.392380000000000395e-01 8.624691250879866766e-01
2.338254699999999866e+04 8.532870000000000177e-01 8.676360987455808971e-01
2.338265799999999945e+04 8.973449999999999482e-01 8.733119971317385710e-01
2.338276800000000003e+04 8.677759999999999918e-01 8.791849077781599409e-01
2.338287799999999697e+04 8.634220000000000228e-01 8.852941470370946364e-01
2.338298899999999776e+04 8.864410000000000345e-01 8.914464920903915068e-01
2.338309900000000198e+04 8.999009999999999510e-01 8.975585859372776643e-01
2.338320999999999913e+04 8.958380000000000232e-01 9.036928253459367566e-01
2.338331999999999971e+04 9.236790000000000278e-01 9.095461315551300885e-01
2.338343000000000029e+04 9.151230000000000198e-01 9.148505957217267781e-01
2.338354100000000108e+04 9.183200000000000252e-01 9.191800683623123636e-01
2.338365099999999802e+04 9.051519999999999566e-01 9.216727435475225993e-01
2.338376199999999881e+04 9.144109999999999738e-01 9.225372238141886783e-01
2.338387199999999939e+04 9.082670000000000465e-01 9.221738459108548280e-01
2.338398199999999997e+04 9.069739999999999469e-01 9.211135247925582581e-01
2.338409300000000076e+04 9.237279999999999935e-01 9.197717060672983003e-01
2.338420300000000134e+04 9.262540000000000218e-01 9.184048947468200774e-01
2.338431299999999828e+04 9.282829999999999693e-01 9.172335322769596955e-01
2.338442399999999907e+04 9.328469999999999818e-01 9.164478458749102385e-01
2.338453399999999965e+04 9.307320000000000038e-01 9.162602084703314054e-01
2.338464400000000023e+04 9.357309999999999794e-01 9.167753887581340244e-01
2.338475500000000102e+04 9.379100000000000215e-01 9.180401907890411994e-01
2.338486500000000160e+04 9.407389999999999919e-01 9.200007122140346771e-01
2.338497499999999854e+04 9.400690000000000435e-01 9.227438227784044988e-01
2.338508599999999933e+04 9.507860000000000200e-01 9.264111042051090816e-01
2.338519599999999991e+04 9.486240000000000228e-01 9.307461411371624749e-01
2.338530600000000049e+04 9.712720000000000242e-01 9.357649926026161413e-01
2.338541699999999764e+04 9.501619999999999511e-01 9.415251041318000169e-01
2.338552700000000186e+04 9.780510000000000037e-01 9.478955599039273761e-01
2.338563699999999881e+04 9.714049999999999629e-01 9.548362708268042232e-01
2.338574799999999959e+04 9.825190000000000312e-01 9.623238232326003505e-01
2.338585800000000017e+04 9.869269999999999987e-01 9.698503315696024307e-01
2.338596800000000076e+04 9.976880000000000193e-01 9.773411948227155310e-01
2.338607899999999790e+04 9.905979999999999785e-01 9.850002307530564272e-01
2.338618900000000212e+04 9.915500000000000425e-01 9.928952049473798169e-01
2.338629899999999907e+04 1.046891999999999934e+00 1.001203717351364597e+00
2.338640899999999965e+04 1.057541000000000064e+00 1.009775903484652959e+00
2.338652000000000044e+04 1.043741999999999948e+00 1.018117245187925679e+00
2.338663000000000102e+04 1.053404000000000007e+00 1.025356191802615502e+00
2.338674000000000160e+04 1.053417000000000048e+00 1.031171772211553872e+00
2.338684999999999854e+04 1.054664999999999964e+00 1.035561808845714138e+00
2.338696099999999933e+04 1.043025000000000091e+00 1.038851008430514922e+00
2.338707099999999991e+04 1.052696000000000076e+00 1.041207960246950615e+00
2.338718100000000049e+04 1.062084999999999946e+00 1.042375499300585595e+00
2.338729100000000108e+04 1.073487999999999998e+00 1.042692737797782376e+00
2.338740200000000186e+04 1.059055000000000080e+00 1.042174836217423683e+00
2.338751199999999881e+04 1.061911000000000049e+00 1.040922183214192387e+00
2.338762200000000303e+04 1.054235999999999951e+00 1.039096544993485915e+00
2.338773199999999997e+04 1.068994000000000000e+00 1.036903414082468444e+00
2.338784300000000076e+04 1.036658000000000079e+00 1.034265119139753386e+00
2.338795300000000134e+04 1.040574000000000110e+00 1.031545049820974613e+00
2.338806299999999828e+04 1.030755000000000088e+00 1.028982477139976481e+00
2.338817300000000250e+04 1.058759999999999923e+00 1.026712960748773718e+00
2.338828299999999945e+04 1.036712999999999996e+00 1.024811912251800239e+00
2.338839400000000023e+04 1.041708999999999996e+00 1.023303553103765751e+00
2.338850400000000081e+04 1.012831999999999955e+00 1.022113581378748304e+00
2.338861399999999776e+04 1.006138999999999895e+00 1.020945026740269101e+00
2.338872400000000198e+04 9.763380000000000392e-01 1.019830479195815043e+00
2.338883399999999892e+04 9.977179999999999938e-01 1.018752442274259540e+00
2.338894499999999971e+04 1.001243000000000105e+00 1.017662546086528508e+00
2.338905500000000029e+04 1.027730999999999950e+00 1.016554688012210717e+00
2.338916499999999724e+04 1.019236999999999949e+00 1.015479152661080908e+00
2.338927500000000146e+04 1.029462000000000099e+00 1.014411618602719445e+00
2.338938499999999840e+04 1.021416000000000102e+00 1.013330218057550081e+00
2.338949499999999898e+04 1.033976999999999924e+00 1.012301598632294519e+00
2.338960599999999977e+04 1.021182000000000034e+00 1.011335265191481980e+00
2.338971599999999671e+04 1.029182999999999959e+00 1.010403073014012332e+00
2.338982600000000093e+04 1.012950999999999935e+00 1.009391704062780670e+00
2.338993599999999788e+04 1.018240000000000034e+00 1.007954444220196644e+00
2.339004599999999846e+04 1.004463000000000106e+00 1.005888697832381995e+00
2.339015600000000268e+04 1.012785999999999964e+00 1.003301461158283114e+00
2.339026599999999962e+04 9.953450000000000353e-01 1.000079250431104017e+00
2.339037700000000041e+04 1.016775999999999902e+00 9.958391451866210886e-01
2.339048700000000099e+04 9.935640000000000027e-01 9.901457236586332922e-01
2.339059699999999793e+04 9.951179999999999470e-01 9.822212875245834862e-01
2.339070700000000215e+04 9.814549999999999663e-01 9.723202688251153525e-01
2.339081699999999910e+04 9.747740000000000293e-01 9.611290987017362397e-01
2.339092699999999968e+04 9.558659999999999934e-01 9.491239506024956585e-01
2.339103700000000026e+04 9.394069999999999920e-01 9.365983888542190883e-01
2.339114700000000084e+04 9.231869999999999798e-01 9.236044349617742455e-01
2.339125699999999779e+04 9.360939999999999817e-01 9.098659971911277067e-01
2.339136700000000201e+04 8.915060000000000207e-01 8.951379101678725858e-01
2.339147800000000279e+04 8.954020000000000312e-01 8.798652477919998161e-01
2.339158799999999974e+04 8.679480000000000528e-01 8.645602860633478937e-01
2.339169800000000032e+04 8.685610000000000275e-01 8.492949146413659722e-01
2.339180799999999726e+04 8.440860000000000030e-01 8.342765885769906076e-01
2.339191800000000148e+04 8.325660000000000283e-01 8.197441452861439215e-01
2.339202799999999843e+04 8.163070000000000048e-01 8.060601564055832613e-01
2.339213799999999901e+04 8.188199999999999923e-01 7.931059161527754808e-01
2.339224800000000323e+04 7.960289999999999866e-01 7.808605516146694958e-01
2.339235800000000017e+04 7.913219999999999699e-01 7.692766163880982999e-01
2.339246800000000076e+04 7.740850000000000231e-01 7.583036169618059263e-01
2.339257799999999770e+04 7.690449999999999786e-01 7.478959875701273186e-01
2.339268800000000192e+04 7.452360000000000095e-01 7.378383426403244405e-01
2.339279799999999886e+04 7.539310000000000178e-01 7.277782233082285002e-01
2.339290799999999945e+04 7.375270000000000437e-01 7.170822060525736674e-01
2.339301800000000003e+04 7.406730000000000258e-01 7.053580790286611002e-01
2.339312800000000061e+04 7.267439999999999456e-01 6.925685609236378326e-01
2.339323799999999756e+04 7.279079999999999995e-01 6.790703071372673483e-01
2.339334800000000178e+04 7.013040000000000385e-01 6.655501252789237654e-01
2.339345799999999872e+04 6.789309999999999512e-01 6.526016101215468268e-01
2.339356799999999930e+04 6.538960000000000328e-01 6.405474665516491806e-01
2.339367800000000352e+04 6.389939999999999509e-01 6.296329570765536454e-01
2.339378800000000047e+04 6.297570000000000112e-01 6.200916269654657142e-01
2.339389800000000105e+04 6.216570000000000151e-01 6.121410467626592355e-01
2.339400799999999799e+04 6.159860000000000335e-01 6.060521080607166322e-01
2.339411800000000221e+04 6.150560000000000471e-01 6.022576448661168813e-01
2.339422799999999916e+04 6.118550000000000377e-01 6.004330385466536413e-01
2.339433799999999974e+04 6.179869999999999530e-01 6.004060647212433599e-01
2.339444800000000032e+04 6.228259999999999907e-01 6.018484398387414780e-01
2.339455800000000090e+04 6.259329999999999616e-01 6.044714803806405801e-01
2.339466799999999785e+04 6.218369999999999731e-01 6.082921020302832771e-01
2.339477800000000207e+04 6.358909999999999840e-01 6.137746883983056234e-01
2.339488799999999901e+04 6.379620000000000291e-01 6.203706579657870535e-01
2.339499799999999959e+04 6.486880000000000424e-01 6.275430305358524752e-01
2.339510799999999654e+04 6.499279999999999502e-01 6.349152741597853256e-01
2.339521800000000076e+04 6.586030000000000495e-01 6.423743453583433682e-01
2.339532800000000134e+04 6.706140000000000434e-01 6.501327976147218690e-01
2.339543799999999828e+04 6.803179999999999783e-01 6.588643704469762108e-01
2.339554800000000250e+04 6.778459999999999486e-01 6.687829269817880951e-01
2.339565799999999945e+04 7.041870000000000074e-01 6.798234961774982654e-01
2.339576800000000003e+04 7.034179999999999877e-01 6.918491954784040665e-01
2.339587800000000061e+04 7.108980000000000299e-01 7.048040650464831858e-01
2.339598699999999735e+04 7.242129999999999956e-01 7.186317957755283814e-01
2.339609700000000157e+04 7.542480000000000295e-01 7.337905091334002705e-01
2.339620700000000215e+04 7.676039999999999530e-01 7.500657019562895211e-01
2.339631699999999910e+04 7.749589999999999534e-01 7.672584091222274250e-01
2.339642700000000332e+04 7.893729999999999913e-01 7.853538610646179086e-01
2.339653700000000026e+04 8.257039999999999935e-01 8.043107945319455387e-01
2.339664700000000084e+04 8.325860000000000483e-01 8.240531637976954427e-01
2.339675699999999779e+04 8.618470000000000297e-01 8.445521181041426573e-01
2.339686700000000201e+04 8.751499999999999835e-01 8.654642064185348316e-01
2.339697599999999875e+04 8.989399999999999613e-01 8.862006300336195963e-01
2.339708599999999933e+04 9.062590000000000368e-01 9.067589268946897318e-01
2.339719599999999991e+04 9.399410000000000265e-01 9.265984881815528817e-01
2.339730600000000049e+04 9.666270000000000140e-01 9.453257911510839495e-01
2.339741600000000108e+04 9.763749999999999929e-01 9.622996861749281150e-01
2.339752600000000166e+04 9.895840000000000192e-01 9.765454016462450371e-01
2.339763599999999860e+04 1.019852999999999899e+00 9.884512376131139311e-01
2.339774499999999898e+04 1.013446999999999987e+00 9.981842879763391796e-01
2.339785499999999956e+04 1.030391999999999975e+00 1.006248394507672339e+00
2.339796500000000015e+04 1.023071000000000064e+00 1.012888925163870413e+00
2.339807500000000073e+04 1.029066000000000036e+00 1.018420570470857545e+00
2.339818499999999767e+04 1.009138000000000090e+00 1.022746586121827228e+00
2.339829499999999825e+04 1.041320999999999941e+00 1.025874924459664106e+00
2.339840399999999863e+04 1.050637999999999961e+00 1.027361492340966631e+00
2.339851400000000285e+04 1.059957000000000038e+00 1.026815129639365054e+00
2.339862399999999980e+04 1.076251000000000069e+00 1.023933235899083138e+00
2.339873400000000038e+04 1.027309000000000028e+00 1.018686426297652936e+00
2.339884399999999732e+04 1.048492999999999897e+00 1.011122523003193496e+00
2.339895400000000154e+04 1.023476000000000052e+00 1.001844505215730319e+00
2.339906299999999828e+04 9.932250000000000245e-01 9.916657794909945478e-01
2.339917300000000250e+04 9.867590000000000527e-01 9.809235023971489831e-01
2.339928299999999945e+04 9.632659999999999556e-01 9.700660686333959504e-01
2.339939300000000003e+04 9.587999999999999856e-01 9.592266836181659873e-01
2.339950200000000041e+04 9.526289999999999480e-01 9.483818667638302946e-01
2.339961199999999735e+04 9.489239999999999897e-01 9.369009926521100207e-01
2.339972200000000157e+04 9.303649999999999975e-01 9.247351152777462113e-01
2.339983199999999852e+04 9.108579999999999455e-01 9.122851354509263766e-01
2.339994199999999910e+04 8.685230000000000450e-01 9.000743211417819856e-01
2.340005099999999948e+04 8.943569999999999576e-01 8.886258796563015760e-01
2.340016100000000006e+04 8.964389999999999858e-01 8.778415641334330610e-01
2.340027100000000064e+04 8.907599999999999962e-01 8.678246933313373823e-01
2.340038100000000122e+04 8.595819999999999572e-01 8.585460185172090197e-01
2.340049000000000160e+04 8.584910000000000041e-01 8.501030167626844047e-01
2.340059999999999854e+04 8.323720000000000008e-01 8.423348007479594113e-01
2.340070999999999913e+04 8.582499999999999574e-01 8.352835883019904539e-01
2.340081899999999951e+04 8.414080000000000448e-01 8.289329134416780764e-01
2.340092900000000009e+04 8.770289999999999475e-01 8.230705751082446620e-01
2.340103900000000067e+04 8.695070000000000299e-01 8.177254998016245668e-01
2.340114900000000125e+04 8.803029999999999466e-01 8.132827026875115717e-01
2.340125800000000163e+04 8.848439999999999639e-01 8.100177811174873455e-01
2.340136799999999857e+04 8.886220000000000230e-01 8.079651754298772248e-01
2.340147799999999916e+04 8.600200000000000067e-01 8.070879983313533623e-01
2.340158699999999953e+04 8.392169999999999908e-01 8.075630432851068630e-01
2.340169700000000012e+04 8.160089999999999844e-01 8.092013438452628771e-01
2.340180700000000070e+04 8.244740000000000402e-01 8.119255820317857752e-01
2.340191700000000128e+04 8.251309999999999478e-01 8.156105875700930818e-01
2.340202600000000166e+04 8.285949999999999704e-01 8.200139740789923470e-01
2.340213599999999860e+04 8.304989999999999872e-01 8.249405893955986668e-01
2.340224599999999919e+04 8.402389999999999581e-01 8.298595156014905161e-01
2.340235499999999956e+04 8.298349999999999893e-01 8.338770725656801108e-01
2.340246500000000015e+04 8.533479999999999954e-01 8.367459614154751923e-01
2.340410900000000038e+04 8.027180000000000426e-01 7.813075280081648311e-01
2.340421900000000096e+04 7.966170000000000195e-01 7.754662100622405907e-01
2.340432900000000154e+04 7.764440000000000230e-01 7.696108714255717187e-01
2.340443800000000192e+04 7.576000000000000512e-01 7.647379891592533951e-01
2.340454799999999886e+04 7.655809999999999560e-01 7.611147301760213812e-01
2.340465700000000288e+04 7.609500000000000153e-01 7.589495623042542549e-01
2.340476699999999983e+04 7.589979999999999505e-01 7.582268964703168246e-01
2.340487700000000041e+04 7.703860000000000152e-01 7.590783578386759434e-01
2.340498600000000079e+04 7.719979999999999620e-01 7.615187359778203824e-01
2.340509599999999773e+04 7.880369999999999875e-01 7.652128073165903599e-01
2.340520499999999811e+04 7.762639999999999540e-01 7.701601600037878415e-01
2.340531499999999869e+04 7.953149999999999942e-01 7.763690768309805534e-01
2.340542399999999907e+04 7.905010000000000092e-01 7.835048647365292496e-01
2.340553399999999965e+04 8.151779999999999582e-01 7.913895408586720803e-01
2.340564300000000003e+04 8.041329999999999867e-01 8.002595992860357388e-01
2.340575299999999697e+04 8.145809999999999995e-01 8.103620200436939536e-01
2.340586200000000099e+04 8.096139999999999448e-01 8.214909350556027778e-01
2.340597199999999793e+04 8.294869999999999743e-01 8.337649545415826147e-01
2.340608200000000215e+04 8.382979999999999876e-01 8.470060409182996741e-01
2.340619099999999889e+04 8.664150000000000462e-01 8.610586093310055311e-01
2.340630099999999948e+04 8.765720000000000178e-01 8.761990517271337486e-01
2.340641000000000349e+04 9.000829999999999664e-01 8.916336762962647766e-01
2.340652000000000044e+04 8.959160000000000457e-01 9.073370488682670487e-01
2.340662899999999718e+04 9.302930000000000366e-01 9.227343987258939118e-01
2.340673900000000140e+04 9.158830000000000027e-01 9.377298384676054921e-01
2.340684800000000178e+04 9.435930000000000151e-01 9.515191891071580477e-01
2.340695800000000236e+04 9.341749999999999776e-01 9.631828604529846238e-01
2.340706700000000274e+04 9.664930000000000465e-01 9.725138553297794086e-01
2.340717699999999968e+04 9.545369999999999688e-01 9.798906141864840436e-01
2.340728600000000006e+04 9.684800000000000075e-01 9.856509277417772052e-01
2.340739600000000064e+04 9.536170000000000480e-01 9.904929885349740282e-01
2.340750500000000102e+04 9.922469999999999901e-01 9.948539655371354540e-01
2.340761500000000160e+04 9.753760000000000208e-01 9.991097402805441119e-01
2.340772400000000198e+04 9.898310000000000164e-01 1.003374613149689232e+00
2.340783299999999872e+04 9.891619999999999857e-01 1.007292324517821580e+00
2.340794300000000294e+04 1.009675000000000100e+00 1.010300269555940877e+00
2.340805199999999968e+04 9.937169999999999614e-01 1.012003336369546647e+00
2.340816200000000026e+04 1.003760999999999903e+00 1.012616472124948874e+00
2.340827099999999700e+04 9.908109999999999973e-01 1.012872935097012483e+00
2.340838100000000122e+04 1.025878999999999985e+00 1.013222248577716034e+00
2.340848999999999796e+04 1.000212000000000101e+00 1.013520637837623140e+00
2.340860000000000218e+04 1.018359000000000014e+00 1.013547309776535732e+00
2.340870900000000256e+04 1.012850999999999946e+00 1.013204433072614652e+00
2.340881799999999930e+04 1.019978000000000051e+00 1.012611241967843467e+00
2.340892800000000352e+04 9.950179999999999580e-01 1.011999292181441135e+00
2.340903700000000026e+04 1.010880999999999919e+00 1.011475860686258610e+00
2.340914700000000084e+04 1.014737000000000000e+00 1.011071594421731890e+00
2.340925599999999758e+04 1.029201999999999950e+00 1.010825669869190646e+00
2.340936500000000160e+04 9.987829999999999764e-01 1.010749450575034292e+00
2.340947499999999854e+04 1.001346999999999987e+00 1.010834892845988930e+00
2.340958399999999892e+04 1.025805000000000078e+00 1.010972786027655834e+00
2.340969399999999951e+04 1.039381000000000110e+00 1.011298142383424858e+00
2.340980299999999988e+04 1.028628000000000098e+00 1.011838730389352348e+00
2.340991200000000026e+04 1.033088999999999924e+00 1.012478390965564357e+00
2.341002200000000084e+04 1.018250000000000099e+00 1.013078489401950000e+00
2.341013100000000122e+04 1.015017999999999976e+00 1.013495837016398449e+00
2.341024099999999817e+04 1.010768000000000111e+00 1.013515856284678884e+00
2.341035000000000218e+04 1.038567000000000018e+00 1.012545444465747346e+00
2.341045900000000256e+04 1.025101999999999958e+00 1.010239654827225220e+00
2.341056899999999951e+04 1.028458000000000094e+00 1.006568944823199585e+00
2.341067799999999988e+04 1.009705000000000075e+00 1.001878116407081354e+00
2.341078700000000026e+04 1.037606000000000028e+00 9.965651422985960517e-01
2.341089700000000084e+04 1.021514000000000033e+00 9.908448062657712052e-01
2.341100599999999758e+04 1.013090999999999964e+00 9.846756674753671668e-01
2.341111499999999796e+04 9.912670000000000092e-01 9.776475543191387452e-01
2.341122499999999854e+04 9.732880000000000420e-01 9.691933191365991185e-01
2.341133399999999892e+04 9.681669999999999998e-01 9.591898741251306815e-01
2.341144299999999930e+04 9.448739999999999917e-01 9.476093569870119859e-01
2.341155299999999988e+04 9.133580000000000032e-01 9.347188571553225467e-01
2.341166200000000026e+04 9.244299999999999740e-01 9.210088826602377265e-01
2.341177100000000064e+04 9.028770000000000406e-01 9.066000545639437691e-01
2.341188100000000122e+04 9.116370000000000307e-01 8.915699167532366021e-01
2.341199000000000160e+04 8.825659999999999616e-01 8.763597116621750782e-01
2.341209899999999834e+04 8.691619999999999902e-01 8.609030389342648970e-01
2.341220799999999872e+04 8.425010000000000554e-01 8.450820705384031184e-01
2.341231799999999930e+04 8.429429999999999978e-01 8.283116760930939737e-01
2.341242699999999968e+04 8.297560000000000491e-01 8.101005535025211923e-01
2.341253600000000006e+04 8.092709999999999626e-01 7.900199333178445915e-01
2.341264600000000064e+04 7.869000000000000439e-01 7.680298773458139605e-01
2.341275500000000102e+04 7.788770000000000415e-01 7.450952010526697977e-01
2.341286400000000140e+04 7.550850000000000062e-01 7.217870076292807191e-01
2.341297299999999814e+04 7.243079999999999519e-01 6.988984494009294890e-01
2.341308300000000236e+04 6.803019999999999623e-01 6.765962261428758451e-01
2.341319199999999910e+04 6.840910000000000046e-01 6.555203244572820331e-01
2.341330099999999948e+04 6.519420000000000215e-01 6.355650691697138921e-01
2.341340999999999985e+04 6.562430000000000208e-01 6.167286767111077594e-01
2.341352000000000044e+04 6.292280000000000095e-01 5.988693911192148889e-01
2.341362900000000081e+04 6.209930000000000172e-01 5.824814431326423847e-01
2.341373800000000119e+04 5.942570000000000352e-01 5.675485308242200766e-01
2.341384699999999793e+04 5.831659999999999622e-01 5.544370853365231389e-01
2.341395700000000215e+04 5.698609999999999509e-01 5.433388866855389798e-01
2.341406599999999889e+04 5.718609999999999527e-01 5.345787830342397795e-01
2.341417499999999927e+04 5.494459999999999900e-01 5.281487550268537667e-01
2.341428399999999965e+04 5.521270000000000344e-01 5.237170478272094032e-01
2.341439299999999639e+04 5.321599999999999664e-01 5.206400510287950700e-01
2.341450300000000061e+04 5.513270000000000115e-01 5.186760588562445706e-01
2.341461199999999735e+04 5.399180000000000090e-01 5.174974744196136900e-01
2.341472099999999773e+04 5.634339999999999904e-01 5.166133805178352301e-01
2.341483000000000175e+04 5.654449999999999754e-01 5.155051193151957145e-01
2.341493900000000212e+04 5.543179999999999774e-01 5.140190242762444628e-01
2.341504899999999907e+04 5.463289999999999536e-01 5.125871775410668629e-01
2.341515799999999945e+04 5.537269999999999692e-01 5.117648635541204305e-01
2.341526700000000346e+04 5.459429999999999561e-01 5.121004019730591716e-01
2.341537600000000020e+04 5.518229999999999524e-01 5.140835297992498720e-01
2.341548500000000058e+04 5.492609999999999992e-01 5.180915268820980302e-01
2.341559499999999753e+04 5.578020000000000200e-01 5.241071186488616140e-01
2.341570400000000154e+04 5.617330000000000378e-01 5.310293004126034333e-01
2.341581300000000192e+04 5.715320000000000400e-01 5.384917661147231582e-01
2.341592199999999866e+04 5.714479999999999560e-01 5.465346216666073786e-01
2.341603099999999904e+04 5.785940000000000527e-01 5.555803236079955854e-01
2.341613999999999942e+04 5.959389999999999965e-01 5.664365038505242422e-01
2.341624899999999616e+04 6.160510000000000153e-01 5.794070085860677510e-01
2.341635900000000038e+04 6.156099999999999905e-01 5.942383817705811921e-01
2.341646800000000076e+04 6.431480000000000530e-01 6.105139923387816747e-01
2.341657699999999750e+04 6.496750000000000025e-01 6.280676890760401587e-01
2.341668600000000151e+04 6.793099999999999694e-01 6.464804401228780861e-01
2.341679500000000189e+04 6.859349999999999614e-01 6.651726506305876141e-01
2.341690400000000227e+04 7.104690000000000172e-01 6.830754801161863510e-01
2.341701299999999901e+04 7.152389999999999581e-01 7.000242484341339111e-01
2.341712199999999939e+04 7.449259999999999771e-01 7.161158948907934141e-01
2.341723199999999997e+04 7.575340000000000407e-01 7.316939288057567881e-01
2.341734100000000035e+04 7.667119999999999491e-01 7.467420191339683155e-01
2.341745000000000073e+04 7.744720000000000493e-01 7.617013671442270928e-01
2.341755899999999747e+04 7.875539999999999763e-01 7.769955644233446090e-01
2.341766799999999785e+04 7.950890000000000457e-01 7.928131906446613808e-01
2.341777700000000186e+04 8.104360000000000452e-01 8.091665963678870144e-01
2.341788600000000224e+04 8.172709999999999697e-01 8.259562194600585938e-01
2.341799499999999898e+04 8.489060000000000494e-01 8.430125495498799193e-01
2.341810399999999936e+04 8.551699999999999857e-01 8.601786243098995532e-01
2.341821299999999974e+04 8.787350000000000438e-01 8.775193851865800143e-01
2.341832199999999648e+04 8.821200000000000152e-01 8.951007291747653527e-01
2.341843100000000049e+04 9.126290000000000235e-01 9.129022373400035306e-01
2.341854000000000087e+04 9.277849999999999708e-01 9.308147238024454539e-01
2.341864900000000125e+04 9.427079999999999904e-01 9.486392489721054977e-01
2.341875799999999799e+04 9.545989999999999753e-01 9.659704859239285346e-01
2.341886800000000221e+04 9.825549999999999562e-01 9.825588300977134981e-01
2.341897700000000259e+04 9.887610000000000010e-01 9.979275141334074117e-01
2.341908599999999933e+04 1.007927999999999935e+00 1.011777732489136161e+00
2.341919499999999971e+04 1.006259000000000015e+00 1.023702567290959875e+00
2.341930400000000009e+04 1.022550000000000070e+00 1.033472768446275891e+00
2.341941299999999683e+04 1.016532999999999909e+00 1.041080045057455994e+00
2.341952200000000084e+04 1.035253999999999897e+00 1.047217305023057099e+00
2.341963100000000122e+04 1.031414999999999971e+00 1.052313796250374356e+00
2.341974000000000160e+04 1.046130999999999922e+00 1.056486299135912299e+00
2.341984899999999834e+04 1.034013000000000071e+00 1.059698046223239931e+00
2.341995799999999872e+04 1.030183999999999989e+00 1.061753101584174130e+00
2.342006700000000274e+04 1.036915000000000031e+00 1.062040209588858586e+00
2.342017600000000311e+04 1.010713999999999890e+00 1.059654813710906973e+00
2.342028499999999985e+04 1.020893999999999968e+00 1.054489843214165612e+00
2.342039400000000023e+04 1.003420999999999896e+00 1.046783332150386991e+00
2.342050300000000061e+04 9.689429999999999987e-01 1.037117149685486739e+00
2.342061199999999735e+04 9.982330000000000370e-01 1.026292144859433320e+00
2.342072100000000137e+04 9.852220000000000422e-01 1.015049369732042850e+00
2.342083000000000175e+04 9.966960000000000264e-01 1.003885203944156812e+00
2.342093799999999828e+04 9.706599999999999673e-01 9.930817982133767208e-01
2.342104700000000230e+04 9.779689999999999772e-01 9.825032329873396586e-01
2.342115599999999904e+04 9.541239999999999721e-01 9.721950012845765876e-01
2.342126499999999942e+04 9.555799999999999850e-01 9.619782833583311321e-01
2.342137399999999980e+04 9.382470000000000532e-01 9.516555545460071430e-01
2.342148300000000017e+04 9.464679999999999760e-01 9.414803314262387701e-01
2.342159200000000055e+04 9.329619999999999580e-01 9.318220018278809968e-01
2.342170100000000093e+04 9.364900000000000446e-01 9.229555926882834216e-01
2.342181000000000131e+04 9.194130000000000358e-01 9.150634703008969639e-01
2.342191900000000169e+04 9.308699999999999752e-01 9.082247638153213565e-01
2.342202799999999843e+04 9.189519999999999911e-01 9.026807000905383571e-01
2.342213699999999881e+04 9.189549999999999663e-01 8.983893710930288545e-01
2.342224600000000282e+04 9.085039999999999782e-01 8.953507158151972067e-01
2.342235499999999956e+04 9.180110000000000214e-01 8.935577937792379410e-01
2.342246299999999610e+04 9.111150000000000082e-01 8.929763640643225697e-01
2.342257200000000012e+04 9.220439999999999747e-01 8.935815287005441920e-01
2.342268100000000049e+04 9.231310000000000349e-01 8.957998256480548260e-01
2.342279000000000087e+04 9.351859999999999618e-01 8.993936691185704380e-01
2.342289899999999761e+04 9.363770000000000149e-01 9.042372885484870615e-01
2.342300799999999799e+04 9.386670000000000291e-01 9.102043095371157300e-01
2.342311700000000201e+04 9.306990000000000540e-01 9.171781665378083703e-01
2.342322600000000239e+04 9.520319999999999894e-01 9.250918419812997895e-01
2.342333499999999913e+04 9.445240000000000302e-01 9.342647249970573720e-01
2.342344300000000294e+04 9.694930000000000492e-01 9.443636084362585503e-01
2.342355199999999968e+04 9.746650000000000036e-01 9.554700014276974462e-01
2.342366100000000006e+04 9.724129999999999718e-01 9.674284449472069225e-01
2.342377000000000044e+04 9.921609999999999596e-01 9.801795153427341756e-01
2.342387899999999718e+04 9.996720000000000050e-01 9.936810756059711869e-01
2.342398799999999756e+04 1.008869999999999933e+00 1.007941151589380802e+00
2.342409700000000157e+04 1.030734000000000039e+00 1.022602535643512667e+00
2.342420499999999811e+04 1.028872999999999927e+00 1.037223170719790755e+00
2.342431400000000212e+04 1.063234999999999930e+00 1.051716836013642409e+00
2.342442300000000250e+04 1.058964999999999934e+00 1.065560967258154079e+00
2.342453199999999924e+04 1.084284000000000026e+00 1.078314077040874119e+00
2.342464099999999962e+04 1.080124000000000084e+00 1.088389971308928672e+00
2.342474899999999980e+04 1.086594000000000060e+00 1.095336126224321305e+00
2.342485800000000017e+04 1.053136000000000072e+00 1.099237238307368747e+00
2.342496700000000055e+04 1.097696000000000005e+00 1.100220096514806345e+00
2.342507599999999729e+04 1.086084000000000049e+00 1.098778099515861140e+00
2.342518500000000131e+04 1.079261999999999944e+00 1.095692409423375757e+00
2.342529299999999785e+04 1.062928000000000095e+00 1.091870094533853974e+00
2.342540200000000186e+04 1.086967999999999934e+00 1.087675107920538009e+00
2.342551100000000224e+04 1.071199999999999930e+00 1.083222021760596343e+00
2.342561999999999898e+04 1.075936999999999921e+00 1.078568244630891293e+00
2.342572899999999936e+04 1.051144999999999996e+00 1.073769992667430673e+00
2.342583699999999953e+04 1.054429999999999978e+00 1.068951797341216370e+00
2.342594599999999991e+04 1.046127999999999947e+00 1.064089435115708193e+00
2.342605500000000029e+04 1.053209000000000062e+00 1.059266852695729400e+00
2.342616399999999703e+04 1.037085999999999952e+00 1.054529385586418622e+00
2.342627200000000084e+04 1.046151999999999971e+00 1.049963649194184390e+00
2.342638099999999758e+04 1.035247999999999946e+00 1.045522270519572361e+00
2.342649000000000160e+04 1.038240000000000052e+00 1.041269763764231193e+00
2.342659900000000198e+04 1.030326999999999993e+00 1.037131252837231399e+00
2.342670700000000215e+04 1.035400000000000098e+00 1.033039493373395290e+00
2.342681600000000253e+04 1.027298000000000044e+00 1.028776009001453051e+00
2.342692499999999927e+04 1.033133000000000079e+00 1.024160767638169656e+00
2.342703399999999965e+04 1.015533999999999937e+00 1.018908973541823748e+00
2.342714199999999983e+04 1.022537000000000029e+00 1.012589726582995731e+00
2.342725100000000020e+04 9.992290000000000338e-01 1.004601367110044441e+00
2.342736000000000058e+04 9.955990000000000117e-01 9.948060626100201365e-01
2.342746800000000076e+04 9.876449999999999951e-01 9.833708544045320910e-01
2.342757700000000114e+04 9.808050000000000379e-01 9.703868123491217190e-01
2.342768599999999788e+04 9.598900000000000210e-01 9.564846630580819964e-01
2.342779499999999825e+04 9.480450000000000266e-01 9.422911942918053008e-01
2.342790299999999843e+04 9.359629999999999894e-01 9.282975178326533516e-01
2.342801199999999881e+04 9.282979999999999565e-01 9.144108488808216917e-01
2.342812100000000282e+04 8.932679999999999509e-01 9.009647517888412782e-01
2.342822899999999936e+04 8.895790000000000086e-01 8.882741488391441287e-01
2.342833800000000338e+04 8.788430000000000408e-01 8.762839116178496868e-01
2.342844700000000012e+04 8.795870000000000077e-01 8.655657583348983497e-01
2.342855500000000029e+04 8.677799999999999958e-01 8.561163115538260593e-01
2.342866400000000067e+04 8.687439999999999607e-01 8.476919463685305134e-01
2.342877300000000105e+04 8.485019999999999785e-01 8.403121005210836270e-01
2.342888100000000122e+04 8.487449999999999717e-01 8.339814100541559361e-01
2.342899000000000160e+04 8.246559999999999446e-01 8.286940858942544175e-01
2.342909899999999834e+04 8.317020000000000524e-01 8.245324685455206470e-01
2.342920700000000215e+04 8.243639999999999857e-01 8.212677352910355832e-01
2.342931599999999889e+04 8.287379999999999747e-01 8.188798125158568419e-01
2.342942400000000271e+04 8.155869999999999509e-01 8.172872258858671080e-01
2.342953299999999945e+04 8.345310000000000228e-01 8.162547099368905323e-01
2.342964199999999983e+04 8.226390000000000091e-01 8.157501286802062435e-01
2.342975000000000000e+04 8.174960000000000004e-01 8.162199157896599111e-01
2.342985900000000038e+04 8.197860000000000147e-01 8.179433751702402944e-01
2.342996799999999712e+04 8.233439999999999648e-01 8.210304041428208022e-01
2.343007600000000093e+04 8.336660000000000181e-01 8.254153130233964353e-01
2.343018499999999767e+04 8.345369999999999733e-01 8.311026356835072848e-01
2.343029300000000148e+04 8.307470000000000132e-01 8.380688417603889828e-01
2.343040199999999822e+04 8.591239999999999988e-01 8.464918943240791194e-01
2.343051099999999860e+04 8.499710000000000321e-01 8.560520294685367571e-01
2.343061899999999878e+04 8.829550000000000454e-01 8.664617212607763630e-01
2.343072799999999916e+04 8.760970000000000146e-01 8.777493570093911623e-01
2.343083599999999933e+04 9.054069999999999618e-01 8.895913807211494051e-01
2.343094499999999971e+04 9.123029999999999751e-01 9.022353018882782738e-01
2.343105399999999645e+04 9.182099999999999707e-01 9.154307807559898258e-01
2.343116200000000026e+04 9.277060000000000306e-01 9.288592291282615765e-01
2.343127099999999700e+04 9.610180000000000389e-01 9.425587079634019094e-01
2.343137899999999718e+04 9.609309999999999796e-01 9.560244507937510905e-01
2.343148799999999756e+04 9.812830000000000163e-01 9.692075770829429171e-01
2.343159599999999773e+04 9.897850000000000259e-01 9.812417068570079559e-01
2.343170499999999811e+04 1.002526000000000028e+00 9.916840793821348754e-01
2.343181299999999828e+04 1.008960000000000079e+00 9.997018634128316261e-01
2.343192199999999866e+04 1.020161000000000096e+00 1.005016619321429827e+00
2.343202999999999884e+04 1.004145999999999983e+00 1.007345479869176996e+00
2.343213899999999921e+04 1.020578999999999903e+00 1.006749483320707350e+00
2.343224800000000323e+04 1.006205000000000016e+00 1.002824354607889656e+00
2.343235599999999977e+04 1.012896999999999936e+00 9.959273947964925044e-01
2.343246499999999651e+04 9.932109999999999550e-01 9.858269500936219787e-01
2.343257300000000032e+04 9.920740000000000114e-01 9.728752623247596265e-01
2.343268199999999706e+04 9.556710000000000482e-01 9.572436625648853559e-01
2.343278999999999724e+04 9.548969999999999958e-01 9.397622124998495918e-01
2.343289899999999761e+04 9.456080000000000041e-01 9.208436852182424470e-01
2.343300699999999779e+04 9.137260000000000382e-01 9.017430384358270379e-01
2.343311599999999817e+04 8.890719999999999734e-01 8.825252925951252436e-01
2.343322399999999834e+04 9.020080000000000320e-01 8.638752336354398320e-01
2.343333299999999872e+04 8.718069999999999986e-01 8.457284458500637925e-01
2.343344099999999889e+04 8.406489999999999796e-01 8.288134759346379443e-01
2.343354899999999907e+04 8.223439999999999639e-01 8.132874104197889142e-01
2.343365799999999945e+04 8.242629999999999679e-01 7.989981913259024404e-01
2.343376599999999962e+04 7.978800000000000336e-01 7.862985789224614663e-01
2.343387500000000000e+04 7.954529999999999657e-01 7.749780041899048122e-01
2.343398300000000017e+04 7.836659999999999737e-01 7.651980312711973431e-01
2.343409200000000055e+04 7.775480000000000169e-01 7.569169357176624979e-01
2.343420000000000073e+04 7.719420000000000170e-01 7.501706737834026306e-01
2.343430900000000111e+04 7.719690000000000163e-01 7.449448840719399278e-01
2.343441700000000128e+04 7.781160000000000299e-01 7.414343426390901381e-01
2.343452600000000166e+04 7.754830000000000334e-01 7.394742423747020510e-01
2.343463400000000183e+04 7.716450000000000253e-01 7.387539645067753291e-01
2.343474200000000201e+04 7.773050000000000237e-01 7.388219418683956707e-01
2.343485100000000239e+04 7.691390000000000171e-01 7.397472043639975459e-01
2.343495900000000256e+04 7.512640000000000429e-01 7.419442008726749860e-01
2.343506799999999930e+04 7.557000000000000384e-01 7.456190979116947837e-01
2.343517600000000311e+04 7.891240000000000476e-01 7.506813824250273548e-01
2.343528499999999985e+04 7.792430000000000190e-01 7.571142440716055466e-01
2.343539300000000367e+04 7.756260000000000376e-01 7.650701781598984175e-01
2.343550100000000020e+04 7.880880000000000107e-01 7.744520938314387593e-01
2.343560999999999694e+04 7.892869999999999608e-01 7.853955864570170142e-01
2.343571799999999712e+04 8.064540000000000042e-01 7.976045756859366787e-01
2.343582699999999750e+04 8.058999999999999497e-01 8.110700054254511571e-01
2.343593499999999767e+04 8.222610000000000197e-01 8.251343264625105034e-01
2.343604300000000148e+04 8.419849999999999834e-01 8.393701170397395162e-01
2.343615199999999822e+04 8.554669999999999774e-01 8.539423704090247647e-01
2.343625999999999840e+04 8.815300000000000358e-01 8.686251652427570136e-01
2.343636800000000221e+04 8.788240000000000496e-01 8.833915142975010681e-01
2.343647699999999895e+04 8.938310000000000421e-01 8.979620494907722961e-01
2.343658499999999913e+04 9.163559999999999484e-01 9.109784095016795202e-01
2.343669300000000294e+04 9.375949999999999562e-01 9.217581567902267681e-01
2.343680199999999968e+04 9.330330000000000013e-01 9.302002109203773017e-01
2.343691000000000349e+04 9.340600000000000014e-01 9.359901150907112832e-01
2.343701800000000003e+04 9.179699999999999527e-01 9.392620054280914621e-01
2.343712700000000041e+04 9.135290000000000354e-01 9.402323178147240501e-01
2.343723499999999694e+04 9.050329999999999764e-01 9.390649303662208514e-01
2.343734300000000076e+04 9.094750000000000334e-01 9.366924222300103686e-01
2.343745199999999750e+04 8.915450000000000319e-01 9.334313441779570342e-01
2.343756000000000131e+04 8.920179999999999776e-01 9.294955872271887243e-01
2.343766800000000148e+04 8.942989999999999551e-01 9.249953649171839265e-01
2.343777699999999822e+04 8.854530000000000456e-01 9.200974687305004673e-01
2.343788500000000204e+04 8.802440000000000264e-01 9.154774338164817227e-01
2.343799300000000221e+04 8.852929999999999966e-01 9.111303233935024171e-01
2.343810199999999895e+04 9.024149999999999672e-01 9.067137761641655969e-01
2.343821000000000276e+04 9.188089999999999868e-01 9.020484439750490191e-01
2.343831799999999930e+04 8.843210000000000237e-01 8.970017844492523817e-01
2.343842700000000332e+04 8.685220000000000162e-01 8.918871301106421345e-01
2.343853499999999985e+04 8.651140000000000496e-01 8.876203090861632949e-01
2.343864300000000003e+04 8.955370000000000275e-01 8.843768117592836209e-01
2.343875100000000020e+04 9.105400000000000160e-01 8.822574215081367965e-01
2.343886000000000058e+04 8.871130000000000404e-01 8.812882325003978945e-01
2.343896800000000076e+04 8.908129999999999660e-01 8.814224299744350954e-01
2.343907600000000093e+04 8.805039999999999534e-01 8.824446074441111287e-01
2.343918400000000111e+04 8.810559999999999503e-01 8.834654967728553521e-01
2.343929300000000148e+04 8.813100000000000378e-01 8.842628372395439085e-01
2.343940100000000166e+04 8.925769999999999538e-01 8.850798555268544199e-01
2.343950899999999820e+04 8.963790000000000369e-01 8.862600294106778298e-01
2.343961699999999837e+04 8.902039999999999953e-01 8.880402085122358624e-01
2.343972599999999875e+04 9.032569999999999766e-01 8.903956248623411396e-01
2.343983399999999892e+04 9.040960000000000107e-01 8.929913438446782648e-01
2.343994199999999910e+04 9.013790000000000413e-01 8.958351545210082589e-01
2.344005000000000291e+04 9.030089999999999506e-01 8.987979808437366325e-01
2.344015899999999965e+04 9.255499999999999838e-01 9.016708332851339769e-01
2.344026699999999983e+04 9.164790000000000436e-01 9.040265424486588763e-01
2.344037500000000364e+04 9.264379999999999837e-01 9.045630653167744395e-01
2.344048300000000017e+04 9.125149999999999650e-01 9.028109080876451920e-01
2.344059100000000035e+04 9.139260000000000161e-01 8.989789099404454920e-01
2.344069999999999709e+04 9.101869999999999683e-01 8.935613111293876365e-01
2.344080800000000090e+04 9.049190000000000289e-01 8.873807333052188273e-01
2.344091600000000108e+04 8.881989999999999608e-01 8.808554082671572472e-01
2.344102400000000125e+04 8.803990000000000427e-01 8.737916521680132442e-01
2.344113199999999779e+04 8.689839999999999787e-01 8.659712740750612481e-01
2.344124100000000180e+04 8.635439999999999783e-01 8.574168565293559530e-01
2.344134899999999834e+04 8.461649999999999450e-01 8.485730797463321151e-01
2.344145699999999852e+04 8.373559999999999892e-01 8.397767434474339154e-01
2.344156499999999869e+04 8.278820000000000068e-01 8.317588538037686829e-01
2.344167299999999886e+04 8.278929999999999900e-01 8.248875086322934314e-01
2.344178100000000268e+04 8.178060000000000329e-01 8.192718072565177145e-01
2.344188999999999942e+04 8.254029999999999978e-01 8.148989778563732189e-01
2.344199800000000323e+04 8.158539999999999681e-01 8.117281937140737869e-01
2.344210599999999977e+04 8.223629999999999551e-01 8.094612874778793765e-01
2.344221399999999994e+04 8.083449999999999802e-01 8.081618502602123666e-01
2.344232200000000012e+04 8.022719999999999851e-01 8.080050667333898984e-01
2.344243000000000029e+04 8.077579999999999760e-01 8.091159733031813017e-01
2.344253800000000047e+04 8.159950000000000259e-01 8.113542812385946545e-01
2.344264599999999700e+04 8.042340000000000044e-01 8.143833010639137671e-01
2.344275500000000102e+04 8.120699999999999585e-01 8.177955188580605661e-01
2.344286299999999756e+04 8.133289999999999687e-01 8.217221958213772881e-01
2.344297099999999773e+04 8.292260000000000186e-01 8.266192685497522064e-01
2.344307900000000154e+04 8.211570000000000258e-01 8.327533379310295691e-01
2.344318700000000172e+04 8.299870000000000303e-01 8.402781158817442808e-01
2.344329500000000189e+04 8.337959999999999816e-01 8.492457566613947906e-01
2.344340299999999843e+04 8.546920000000000073e-01 8.599384599648514094e-01
2.344351099999999860e+04 8.635220000000000118e-01 8.721003939950572326e-01
2.344361899999999878e+04 8.717810000000000281e-01 8.854583962850733903e-01
2.344372799999999916e+04 8.862320000000000197e-01 8.999833531086287586e-01
2.344383599999999933e+04 9.073160000000000114e-01 9.152537822295137016e-01
2.344394399999999951e+04 9.063149999999999817e-01 9.312918042930784512e-01
2.344405200000000332e+04 9.294529999999999736e-01 9.479358264954256263e-01
2.344415999999999985e+04 9.402260000000000062e-01 9.645934979655484964e-01
2.344426800000000003e+04 9.521810000000000551e-01 9.809759849770887108e-01
2.344437600000000020e+04 9.590379999999999461e-01 9.968999811853628268e-01
2.344448400000000038e+04 9.963520000000000154e-01 1.012254603947356335e+00
2.344459200000000055e+04 1.001408999999999994e+00 1.026879449760097041e+00
2.344469999999999709e+04 1.022696000000000049e+00 1.040497682356762210e+00
2.344480800000000090e+04 1.026834000000000024e+00 1.052641690927463403e+00
2.344491600000000108e+04 1.034165000000000001e+00 1.062815294600016669e+00
2.344502400000000125e+04 1.028744000000000103e+00 1.070753398325654970e+00
2.344513200000000143e+04 1.058218000000000103e+00 1.076470266638676954e+00
2.344523999999999796e+04 1.054208000000000034e+00 1.080038295780512136e+00
2.344534799999999814e+04 1.068146000000000040e+00 1.082152294058503994e+00
2.344545599999999831e+04 1.066754999999999898e+00 1.083251344781381853e+00
2.344556400000000212e+04 1.064567999999999959e+00 1.083554403401866928e+00
2.344567200000000230e+04 1.065619000000000094e+00 1.083235626497379034e+00
2.344577999999999884e+04 1.063914999999999944e+00 1.082433180599673639e+00
2.344588799999999901e+04 1.056586999999999943e+00 1.081185347278374564e+00
2.344599599999999919e+04 1.083436000000000066e+00 1.079666537395142845e+00
2.344610399999999936e+04 1.070095999999999936e+00 1.077898506878109952e+00
2.344621200000000317e+04 1.061663000000000023e+00 1.075860687485769462e+00
2.344631999999999971e+04 1.050964999999999927e+00 1.073494321478034585e+00
2.344642799999999988e+04 1.049134999999999929e+00 1.070643173251028202e+00
2.344653600000000006e+04 1.040458000000000105e+00 1.066874977183368767e+00
2.344664400000000023e+04 1.045708000000000082e+00 1.061944339646013757e+00
2.344675200000000041e+04 1.033150000000000013e+00 1.055371410770078011e+00
2.344685999999999694e+04 1.024013999999999980e+00 1.046823608264133343e+00
2.344696800000000076e+04 1.011784999999999934e+00 1.036223260187267625e+00
2.344707600000000093e+04 1.001598999999999906e+00 1.023888026643754445e+00
2.344718400000000111e+04 9.861769999999999703e-01 1.010889184982546318e+00
2.344729200000000128e+04 9.763180000000000192e-01 9.973450506292186324e-01
2.344739999999999782e+04 9.599010000000000042e-01 9.831474854636851335e-01
2.344750799999999799e+04 9.596810000000000063e-01 9.681561198327638396e-01
2.344761600000000180e+04 9.310190000000000410e-01 9.522731625885649809e-01
2.344772400000000198e+04 9.170669999999999655e-01 9.355398248411617157e-01
2.344783200000000215e+04 9.110780000000000545e-01 9.185569252881714553e-01
2.344793899999999849e+04 9.189479999999999871e-01 9.018271606950564179e-01
2.344804700000000230e+04 8.778479999999999617e-01 8.853423979607299987e-01
2.344815500000000247e+04 8.589109999999999800e-01 8.695299803013336604e-01
2.344826299999999901e+04 8.201760000000000161e-01 8.547624434405755034e-01
2.344837099999999919e+04 8.259339999999999460e-01 8.411633310864899959e-01
2.344847899999999936e+04 8.162139999999999951e-01 8.285282434934554407e-01
2.344858699999999953e+04 7.955550000000000122e-01 8.166868788277027447e-01
2.344869500000000335e+04 7.847199999999999731e-01 8.054204915959850553e-01
2.344880299999999988e+04 7.820070000000000077e-01 7.944971641428622000e-01
2.344891100000000006e+04 7.850859999999999506e-01 7.839189816443338232e-01
2.344901800000000003e+04 7.631400000000000405e-01 7.743490125271489388e-01
2.344912599999999657e+04 7.514629999999999921e-01 7.659795039209439382e-01
2.344923400000000038e+04 7.687619999999999454e-01 7.591245807399356060e-01
2.344934200000000055e+04 7.632619999999999960e-01 7.538619184255488381e-01
2.344945000000000073e+04 7.541139999999999510e-01 7.502357948624605033e-01
2.344955800000000090e+04 7.499500000000000055e-01 7.483886917023896412e-01
2.344966599999999744e+04 7.412910000000000332e-01 7.478753159685775920e-01
2.344977300000000105e+04 7.321729999999999627e-01 7.484933273040953461e-01
2.344988100000000122e+04 7.574269999999999614e-01 7.499810555560653125e-01
2.344998900000000140e+04 7.445760000000000156e-01 7.519601100386198445e-01
2.345009699999999793e+04 7.550249999999999462e-01 7.536976596981440624e-01
2.345020499999999811e+04 7.451269999999999838e-01 7.545788886711435328e-01
2.345031300000000192e+04 7.452199999999999935e-01 7.548409407363612100e-01
2.345041999999999825e+04 7.359160000000000146e-01 7.549272107922002650e-01
2.345052799999999843e+04 7.660470000000000335e-01 7.553368485215694594e-01
2.345063599999999860e+04 7.632280000000000175e-01 7.565248972542962802e-01
2.345074400000000242e+04 7.778610000000000246e-01 7.587213831397452424e-01
2.345085200000000259e+04 7.720709999999999518e-01 7.616732160244886751e-01
2.345095999999999913e+04 7.745649999999999480e-01 7.652262728374552569e-01
2.345106700000000274e+04 7.611879999999999757e-01 7.691488146069218601e-01
2.345117500000000291e+04 7.850200000000000511e-01 7.732256712739616900e-01
2.345128299999999945e+04 7.803750000000000409e-01 7.767486981854340167e-01
2.345139099999999962e+04 7.881280000000000507e-01 7.788634667548534063e-01
2.345149800000000323e+04 7.775429999999999842e-01 7.798162660597451890e-01
2.345160599999999977e+04 7.820129999999999582e-01 7.801446356237883295e-01
2.345171399999999994e+04 7.774640000000000439e-01 7.803130310251001900e-01
2.345182200000000012e+04 7.879749999999999810e-01 7.806268150672701633e-01
2.345193000000000029e+04 7.973729999999999984e-01 7.810337241803236852e-01
2.345203700000000026e+04 7.915029999999999566e-01 7.812367685439424170e-01
2.345214500000000044e+04 7.889150000000000329e-01 7.811619501592720338e-01
2.345225300000000061e+04 7.913139999999999619e-01 7.808015562764618611e-01
2.345236100000000079e+04 7.811780000000000390e-01 7.801943912748522392e-01
2.345246800000000076e+04 7.954219999999999624e-01 7.793946672332812131e-01
2.345257600000000093e+04 7.780200000000000449e-01 7.781948731246740580e-01
2.345268400000000111e+04 7.804999999999999716e-01 7.762233478812118337e-01
2.345279199999999764e+04 7.960040000000000449e-01 7.731027985821421478e-01
2.345289900000000125e+04 7.915130000000000221e-01 7.687615948399528776e-01
2.345300700000000143e+04 7.877150000000000540e-01 7.632632800173165810e-01
2.345311500000000160e+04 7.878629999999999800e-01 7.571289326839522049e-01
2.345322200000000157e+04 7.683689999999999687e-01 7.507973476129788937e-01
