wavelength_micron,normalized_flux,err_normalized_flux
2.2875995,9.510890e-01,1.556300e-02
2.2876120,9.227040e-01,1.296800e-02
2.2876246,9.400030e-01,1.668400e-02
2.2876371,9.239810e-01,1.399500e-02
2.2876497,9.278840e-01,1.162100e-02
2.2876622,9.369900e-01,1.093700e-02
2.2876748,9.436330e-01,1.256600e-02
2.2876873,9.218690e-01,1.672500e-02
2.2876999,9.154550e-01,1.590200e-02
2.2877124,9.610400e-01,1.259000e-02
2.2877249,9.489930e-01,1.040100e-02
2.2877375,9.486000e-01,1.265200e-02
2.2877500,9.431770e-01,1.052200e-02
2.2877626,9.599780e-01,1.075200e-02
2.2877751,9.686530e-01,1.257700e-02
2.2877877,9.932930e-01,1.100100e-02
2.2878002,1.002425e+00,1.207000e-02
2.2878128,1.005014e+00,1.171600e-02
2.2878253,9.905620e-01,1.285300e-02
2.2878379,1.012787e+00,8.973000e-03
2.2878504,1.022872e+00,1.329900e-02
2.2878630,1.017834e+00,1.157300e-02
2.2878755,1.027953e+00,1.025000e-02
2.2878880,1.031106e+00,1.323900e-02
2.2879006,1.033007e+00,1.090500e-02
2.2879131,1.018672e+00,1.286700e-02
2.2879257,1.050749e+00,1.041600e-02
2.2879382,1.048902e+00,9.134000e-03
2.2879508,1.060440e+00,8.042000e-03
2.2879633,1.050551e+00,1.733400e-02
2.2879758,1.052616e+00,1.263000e-02
2.2879884,1.046399e+00,9.070000e-03
2.2880009,1.053187e+00,8.727000e-03
2.2880135,1.056629e+00,1.157700e-02
2.2880260,1.063686e+00,1.044700e-02
2.2880386,1.060923e+00,9.013000e-03
2.2880511,1.047596e+00,1.300600e-02
2.2880636,1.061871e+00,1.220600e-02
2.2880762,1.071594e+00,7.256000e-03
2.2880887,1.059966e+00,1.143600e-02
2.2881013,1.057625e+00,9.457000e-03
2.2881138,1.059390e+00,9.199000e-03
2.2881263,1.091401e+00,1.123600e-02
2.2881389,1.082633e+00,7.877000e-03
2.2881514,1.061366e+00,1.370800e-02
2.2881639,1.062868e+00,1.198100e-02
2.2881765,1.073697e+00,1.114700e-02
2.2881890,1.075496e+00,1.186800e-02
2.2882016,1.069276e+00,1.098800e-02
2.2882141,1.055812e+00,1.219400e-02
2.2882266,1.061111e+00,1.377700e-02
2.2882392,1.070319e+00,9.187000e-03
2.2882517,1.067788e+00,1.253900e-02
2.2882642,1.082201e+00,6.902000e-03
2.2882768,1.077810e+00,1.053000e-02
2.2882893,1.065855e+00,1.280700e-02
2.2883018,1.085279e+00,9.414000e-03
2.2883144,1.072056e+00,1.016700e-02
2.2883269,1.082014e+00,1.168400e-02
2.2883394,1.101053e+00,9.547000e-03
2.2883520,1.093248e+00,1.132200e-02
2.2883645,1.076839e+00,7.215000e-03
2.2883770,1.090703e+00,9.877000e-03
2.2883896,1.055166e+00,1.467700e-02
2.2884021,1.069521e+00,1.109800e-02
2.2884146,1.073008e+00,1.016500e-02
2.2884272,1.071166e+00,9.427000e-03
2.2884397,1.056256e+00,1.107800e-02
2.2884522,1.086186e+00,9.510000e-03
2.2884648,1.064726e+00,1.589200e-02
2.2884773,1.071764e+00,1.174500e-02
2.2884898,1.067032e+00,1.231900e-02
2.2885024,1.064925e+00,1.171600e-02
2.2885149,1.070426e+00,1.373300e-02
2.2885274,1.061280e+00,9.209000e-03
2.2885400,1.073458e+00,9.182000e-03
2.2885525,1.061317e+00,8.630000e-03
2.2885650,1.083101e+00,7.275000e-03
2.2885775,1.079252e+00,6.129000e-03
2.2885901,1.059593e+00,6.585000e-03
2.2886026,1.076707e+00,9.502000e-03
2.2886151,1.062658e+00,1.209500e-02
2.2886276,1.036589e+00,8.500000e-03
2.2886402,1.053654e+00,9.920000e-03
2.2886527,1.041788e+00,1.185400e-02
2.2886652,1.042815e+00,1.105400e-02
2.2886778,1.042451e+00,9.839000e-03
2.2886903,1.025636e+00,1.160300e-02
2.2887028,1.036575e+00,9.657000e-03
2.2887153,1.020470e+00,1.551400e-02
2.2887279,1.009432e+00,1.037900e-02
2.2887404,1.029807e+00,5.503000e-03
2.2887529,1.001387e+00,9.716000e-03
2.2887654,1.007991e+00,1.114000e-02
2.2887780,1.015416e+00,1.173700e-02
2.2887905,9.981520e-01,7.895000e-03
2.2888030,9.900320e-01,9.462000e-03
2.2888155,1.005513e+00,8.626000e-03
2.2888280,1.005990e+00,9.855000e-03
2.2888406,9.914440e-01,6.766000e-03
2.2888531,9.835880e-01,1.550900e-02
2.2888656,9.963540e-01,8.709000e-03
2.2888781,9.859660e-01,1.250200e-02
2.2888907,1.003034e+00,7.796000e-03
2.2889032,1.004139e+00,1.820500e-02
2.2889157,9.823890e-01,1.158700e-02
2.2889282,9.904780e-01,8.455000e-03
2.2889407,1.014690e+00,1.278700e-02
2.2889533,1.014538e+00,9.124000e-03
2.2889658,1.015251e+00,1.196600e-02
2.2889783,1.028986e+00,1.197400e-02
2.2889908,1.008930e+00,1.744800e-02
2.2890033,1.020770e+00,7.887000e-03
2.2890158,1.033584e+00,1.080900e-02
2.2890284,1.023174e+00,8.015000e-03
2.2890409,1.019894e+00,9.277000e-03
2.2890534,1.029415e+00,9.742000e-03
2.2890659,1.035759e+00,9.281000e-03
2.2890784,1.007729e+00,1.363900e-02
2.2890910,1.038143e+00,8.038000e-03
2.2891035,1.019120e+00,7.046000e-03
2.2891160,1.008383e+00,9.913000e-03
2.2891285,1.005193e+00,1.083900e-02
2.2891410,1.030563e+00,6.913000e-03
2.2891535,1.004248e+00,1.034400e-02
2.2891660,1.005037e+00,1.233800e-02
2.2891786,1.015950e+00,9.071000e-03
2.2891911,9.919650e-01,8.275000e-03
2.2892036,9.963870e-01,9.767000e-03
2.2892161,9.880340e-01,9.342000e-03
2.2892286,9.721640e-01,7.289000e-03
2.2892411,1.002982e+00,1.177300e-02
2.2892536,9.957710e-01,8.105000e-03
2.2892662,1.000252e+00,1.252300e-02
2.2892787,1.003964e+00,9.049000e-03
2.2892912,1.010649e+00,8.851000e-03
2.2893037,1.013159e+00,7.139000e-03
2.2893162,1.015306e+00,1.107900e-02
2.2893287,1.005189e+00,9.036000e-03
2.2893412,1.021999e+00,1.054400e-02
2.2893537,1.001453e+00,9.512000e-03
2.2893662,1.025115e+00,1.029500e-02
2.2893788,1.041489e+00,9.229000e-03
2.2893913,1.031333e+00,8.957000e-03
2.2894038,1.029718e+00,8.274000e-03
2.2894163,1.047788e+00,1.421100e-02
2.2894288,1.046700e+00,1.695800e-02
2.2894413,1.052190e+00,2.001100e-02
2.2894538,1.037768e+00,1.166500e-02
2.2894663,1.055648e+00,1.298200e-02
2.2894788,1.041084e+00,1.207400e-02
2.2894913,1.032268e+00,1.482300e-02
2.2895038,1.044825e+00,1.129700e-02
2.2895163,1.015969e+00,1.335000e-02
2.2895288,1.011250e+00,9.909000e-03
2.2895414,9.998650e-01,9.473000e-03
2.2895539,9.991810e-01,6.500000e-03
2.2895664,9.944140e-01,8.574000e-03
2.2895789,1.009695e+00,1.485300e-02
2.2895914,1.002218e+00,1.296000e-02
2.2896039,1.000310e+00,1.245800e-02
2.2896164,9.843140e-01,8.505000e-03
2.2896289,9.872200e-01,8.066000e-03
2.2896414,9.748920e-01,1.127700e-02
2.2896539,9.765830e-01,1.059700e-02
2.2896664,9.872390e-01,1.269700e-02
2.2896789,9.797970e-01,1.022200e-02
2.2896914,9.712090e-01,8.112000e-03
2.2897039,9.767620e-01,8.871000e-03
2.2897164,9.770850e-01,1.321600e-02
2.2897289,9.842330e-01,1.057400e-02
2.2897414,9.672650e-01,8.212000e-03
2.2897539,9.832510e-01,1.523000e-02
2.2897664,9.770050e-01,1.229600e-02
2.2897789,9.758850e-01,1.458800e-02
2.2897914,9.855460e-01,1.034300e-02
2.2898039,9.657860e-01,9.410000e-03
2.2898164,9.832290e-01,7.675000e-03
2.2898289,1.005422e+00,7.495000e-03
2.2898414,1.008633e+00,1.171700e-02
2.2898539,1.013255e+00,1.171500e-02
2.2898664,1.066902e+00,9.926000e-03
2.2898789,1.111861e+00,1.271600e-02
2.2898914,1.136077e+00,3.333400e-02
2.2899039,1.232953e+00,4.580300e-02
2.2899164,1.184497e+00,4.135500e-02
2.2899289,1.112916e+00,1.959800e-02
2.2899414,1.091533e+00,8.695000e-03
2.2899539,1.048281e+00,1.133000e-02
2.2899664,1.066876e+00,1.364400e-02
2.2899789,1.054734e+00,1.633900e-02
2.2899914,1.022256e+00,1.291100e-02
2.2900039,1.011079e+00,1.539400e-02
2.2900164,1.039662e+00,9.807000e-03
2.2900289,1.062206e+00,1.217000e-02
2.2900414,1.029823e+00,1.007800e-02
2.2900539,1.005479e+00,1.466200e-02
2.2900663,1.006242e+00,9.955000e-03
2.2900788,1.011152e+00,7.332000e-03
2.2900913,1.021821e+00,7.919000e-03
2.2901038,1.017692e+00,1.607500e-02
2.2901163,1.017733e+00,1.004400e-02
2.2901288,1.028993e+00,8.693000e-03
2.2901413,1.008017e+00,9.251000e-03
2.2901538,9.989960e-01,8.753000e-03
2.2901663,1.006673e+00,9.257000e-03
2.2901788,1.038938e+00,7.512000e-03
2.2901913,1.031132e+00,1.350100e-02
2.2902038,1.024816e+00,1.214500e-02
2.2902163,1.003997e+00,1.183000e-02
2.2902287,1.022929e+00,1.031700e-02
2.2902412,1.006866e+00,1.032600e-02
2.2902537,1.011170e+00,2.100600e-02
2.2902662,1.033928e+00,1.194200e-02
2.2902787,1.040332e+00,9.204000e-03
2.2902912,1.033879e+00,9.034000e-03
2.2903037,1.042303e+00,7.016000e-03
2.2903162,1.050720e+00,7.091000e-03
2.2903287,1.035190e+00,1.095800e-02
2.2903411,1.026918e+00,1.019100e-02
2.2903536,1.017357e+00,9.611000e-03
2.2903661,1.003845e+00,1.260400e-02
2.2903786,1.014312e+00,1.207600e-02
2.2903911,9.964660e-01,1.108900e-02
2.2904036,9.718790e-01,6.322000e-03
2.2904161,9.698250e-01,1.047700e-02
2.2904285,9.668750e-01,7.004000e-03
2.2904410,9.382960e-01,8.547000e-03
2.2904535,9.438410e-01,1.145800e-02
2.2904660,9.424620e-01,1.191300e-02
2.2904785,9.465000e-01,1.057000e-02
2.2904910,9.541090e-01,1.090600e-02
2.2905035,9.475940e-01,9.514000e-03
2.2905159,9.286800e-01,8.185000e-03
2.2905284,9.310010e-01,1.035200e-02
2.2905409,9.405710e-01,9.576000e-03
2.2905534,9.337510e-01,8.308000e-03
2.2905659,9.375620e-01,9.915000e-03
2.2905784,9.476600e-01,1.273400e-02
2.2905908,9.652930e-01,8.130000e-03
2.2906033,9.668980e-01,7.493000e-03
2.2906158,9.665210e-01,8.817000e-03
2.2906283,9.624850e-01,1.220300e-02
2.2906408,9.626200e-01,7.475000e-03
2.2906532,1.005163e+00,9.836000e-03
2.2906657,9.867030e-01,6.953000e-03
2.2906782,1.000343e+00,9.077000e-03
2.2906907,1.006947e+00,1.301800e-02
2.2907032,1.020303e+00,8.534000e-03
2.2907156,1.028563e+00,1.068100e-02
2.2907281,1.030460e+00,8.128000e-03
2.2907406,1.039933e+00,8.101000e-03
2.2907531,1.045946e+00,7.728000e-03
2.2907655,1.061333e+00,1.240800e-02
2.2907780,1.082039e+00,1.193600e-02
2.2907905,1.074723e+00,9.944000e-03
2.2908030,1.054731e+00,1.111000e-02
2.2908155,1.047783e+00,8.804000e-03
2.2908279,1.036864e+00,9.256000e-03
2.2908404,1.039658e+00,9.980000e-03
2.2908529,1.041731e+00,1.189000e-02
2.2908654,1.027903e+00,1.168000e-02
2.2908778,1.013338e+00,7.035000e-03
2.2908903,1.023482e+00,8.944000e-03
2.2909028,1.014984e+00,7.402000e-03
2.2909153,1.017194e+00,1.006600e-02
2.2909277,1.028030e+00,8.885000e-03
2.2909402,1.036429e+00,7.889000e-03
2.2909527,1.035528e+00,5.491000e-03
2.2909652,1.025911e+00,1.270900e-02
2.2909776,1.025716e+00,9.524000e-03
2.2909901,1.040846e+00,7.320000e-03
2.2910026,1.022285e+00,1.340000e-02
2.2910150,1.027552e+00,7.822000e-03
2.2910275,1.028281e+00,9.274000e-03
2.2910400,1.009157e+00,8.554000e-03
2.2910525,1.026819e+00,8.303000e-03
2.2910649,1.022895e+00,1.431700e-02
2.2910774,1.011027e+00,9.236000e-03
2.2910899,1.004964e+00,1.189400e-02
2.2911023,1.025172e+00,1.523300e-02
2.2911148,1.013787e+00,1.228400e-02
2.2911273,1.016653e+00,1.322600e-02
2.2911397,1.017162e+00,9.767000e-03
2.2911522,1.033164e+00,8.687000e-03
2.2911647,1.028654e+00,8.182000e-03
2.2911772,1.007275e+00,8.872000e-03
2.2911896,1.019876e+00,1.123100e-02
2.2912021,1.030540e+00,9.064000e-03
2.2912146,1.028448e+00,8.015000e-03
2.2912270,1.023952e+00,9.297000e-03
2.2912395,1.045391e+00,8.911000e-03
2.2912520,1.042871e+00,9.145000e-03
2.2912644,1.045533e+00,9.499000e-03
2.2912769,1.033097e+00,9.038000e-03
2.2912894,1.017331e+00,8.483000e-03
2.2913018,1.006904e+00,7.718000e-03
2.2913143,1.007230e+00,9.833000e-03
2.2913267,9.946390e-01,7.804000e-03
2.2913392,9.886320e-01,1.031700e-02
2.2913517,9.799050e-01,7.885000e-03
2.2913641,9.608550e-01,5.810000e-03
2.2913766,9.368270e-01,7.908000e-03
2.2913891,9.433300e-01,9.507000e-03
2.2914015,9.570380e-01,1.008000e-02
2.2914140,9.317860e-01,9.468000e-03
2.2914265,9.206850e-01,9.494000e-03
2.2914389,9.338010e-01,7.187000e-03
2.2914514,9.347600e-01,8.811000e-03
2.2914638,9.322340e-01,8.480000e-03
2.2914763,9.117790e-01,6.020000e-03
2.2914888,9.331610e-01,1.164500e-02
2.2915012,9.098770e-01,9.670000e-03
2.2915137,9.034570e-01,6.734000e-03
2.2915261,9.099990e-01,1.040100e-02
2.2915386,9.079490e-01,8.499000e-03
2.2915511,9.059710e-01,8.392000e-03
2.2915635,9.095350e-01,6.766000e-03
2.2915760,9.061050e-01,7.973000e-03
2.2915884,9.037540e-01,7.998000e-03
2.2916009,8.959760e-01,1.484600e-02
2.2916134,9.092730e-01,1.357000e-02
2.2916258,9.044080e-01,8.805000e-03
2.2916383,9.132710e-01,1.070900e-02
2.2916507,9.338950e-01,9.873000e-03
2.2916632,9.148050e-01,7.025000e-03
2.2916756,9.352770e-01,8.997000e-03
2.2916881,9.478920e-01,9.731000e-03
2.2917006,9.549750e-01,1.016700e-02
2.2917130,9.628410e-01,6.986000e-03
2.2917255,9.701380e-01,1.113500e-02
2.2917379,9.884510e-01,7.174000e-03
2.2917504,9.786440e-01,6.756000e-03
2.2917628,9.937620e-01,8.061000e-03
2.2917753,9.779720e-01,6.040000e-03
2.2917877,9.691680e-01,8.804000e-03
2.2918002,9.660070e-01,7.998000e-03
2.2918126,9.679550e-01,8.714000e-03
2.2918251,9.571400e-01,1.123000e-02
2.2918376,9.595400e-01,5.912000e-03
2.2918500,9.496010e-01,9.654000e-03
2.2918625,9.366540e-01,9.424000e-03
2.2918749,9.259330e-01,9.727000e-03
2.2918874,9.261500e-01,8.208000e-03
2.2918998,8.940740e-01,8.078000e-03
2.2919123,8.885010e-01,1.019400e-02
2.2919247,8.994810e-01,7.210000e-03
2.2919372,9.002270e-01,7.618000e-03
2.2919496,8.964830e-01,8.852000e-03
2.2919621,8.858380e-01,1.330300e-02
2.2919745,8.810000e-01,9.596000e-03
2.2919870,8.901000e-01,9.981000e-03
2.2919994,9.146310e-01,1.115200e-02
2.2920119,8.959130e-01,1.204900e-02
2.2920243,9.063360e-01,1.091600e-02
2.2920368,8.850010e-01,1.219700e-02
2.2920492,8.947300e-01,7.369000e-03
2.2920617,8.866170e-01,1.018300e-02
2.2920741,8.998480e-01,6.379000e-03
2.2920865,9.059330e-01,1.534300e-02
2.2920990,9.110390e-01,9.147000e-03
2.2921114,9.052860e-01,7.987000e-03
2.2921239,9.217790e-01,1.199000e-02
2.2921363,9.251840e-01,7.005000e-03
2.2921488,9.396870e-01,7.504000e-03
2.2921612,9.544820e-01,8.575000e-03
2.2921737,9.486240e-01,1.105400e-02
2.2921861,9.702550e-01,9.937000e-03
2.2921986,9.633380e-01,1.778200e-02
2.2922110,9.854500e-01,1.171200e-02
2.2922234,1.005130e+00,1.386800e-02
2.2922359,1.000109e+00,2.514900e-02
2.2922483,9.692440e-01,1.009800e-02
2.2922608,9.823590e-01,1.188400e-02
2.2922732,1.003276e+00,1.193200e-02
2.2922857,1.016869e+00,1.104200e-02
2.2922981,9.909650e-01,1.303100e-02
2.2923105,9.883770e-01,1.122800e-02
2.2923230,9.620750e-01,1.147000e-02
2.2923354,9.598380e-01,7.504000e-03
2.2923479,9.756300e-01,9.526000e-03
2.2923603,9.814180e-01,1.295600e-02
2.2923728,9.840450e-01,1.041000e-02
2.2923852,9.890410e-01,1.218300e-02
2.2923976,9.647400e-01,9.652000e-03
2.2924101,9.407290e-01,1.359400e-02
2.2924225,9.551570e-01,7.284000e-03
2.2924349,9.621710e-01,1.018700e-02
2.2924474,9.328110e-01,1.298000e-02
2.2924598,9.491210e-01,8.655000e-03
2.2924723,9.483810e-01,8.207000e-03
2.2924847,9.390220e-01,1.801600e-02
2.2924971,9.596680e-01,1.986100e-02
2.2925096,9.980330e-01,1.109200e-02
2.2925220,9.635320e-01,1.083200e-02
2.2925344,9.647040e-01,1.199100e-02
2.2925469,9.626930e-01,1.080900e-02
2.2925593,9.509200e-01,1.115700e-02
2.2925718,9.337740e-01,1.122800e-02
2.2925842,9.627630e-01,8.391000e-03
2.2925966,9.611610e-01,8.685000e-03
2.2926091,9.735240e-01,1.022100e-02
2.2926215,9.808780e-01,9.158000e-03
2.2926339,9.768150e-01,1.196300e-02
2.2926464,9.898920e-01,9.541000e-03
2.2926588,9.970900e-01,1.052600e-02
2.2926712,9.897520e-01,1.222000e-02
2.2926837,1.000262e+00,9.531000e-03
2.2926961,1.005139e+00,1.259200e-02
2.2927085,1.018860e+00,1.165600e-02
2.2927210,1.028543e+00,9.060000e-03
2.2927334,1.020914e+00,1.115800e-02
2.2927458,1.018337e+00,8.522000e-03
2.2927583,1.041009e+00,7.905000e-03
2.2927707,1.046959e+00,1.022200e-02
2.2927831,1.051996e+00,7.346000e-03
2.2927956,1.041863e+00,8.098000e-03
2.2928080,1.030100e+00,1.108200e-02
2.2928204,1.037431e+00,9.811000e-03
2.2928328,1.057040e+00,8.678000e-03
2.2928453,1.069990e+00,1.002600e-02
2.2928577,1.049973e+00,6.342000e-03
2.2928701,1.044589e+00,6.946000e-03
2.2928826,1.071368e+00,1.120200e-02
2.2928950,1.070466e+00,6.530000e-03
2.2929074,1.080113e+00,8.541000e-03
2.2929198,1.058379e+00,9.428000e-03
2.2929323,1.068425e+00,9.746000e-03
2.2929447,1.065686e+00,1.151500e-02
2.2929571,1.081046e+00,7.943000e-03
2.2929696,1.068932e+00,6.490000e-03
2.2929820,1.069858e+00,9.992000e-03
2.2929944,1.072819e+00,1.046600e-02
2.2930068,1.066320e+00,1.135000e-02
2.2930193,1.058883e+00,1.054400e-02
2.2930317,1.079920e+00,1.009200e-02
2.2930441,1.095244e+00,1.045600e-02
2.2930565,1.098867e+00,8.973000e-03
2.2930690,1.084295e+00,8.916000e-03
2.2930814,1.073173e+00,7.631000e-03
2.2930938,1.055306e+00,9.483000e-03
2.2931062,1.043649e+00,7.333000e-03
2.2931186,1.058287e+00,9.653000e-03
2.2931311,1.057333e+00,9.403000e-03
2.2931435,1.046133e+00,7.879000e-03
2.2931559,1.052055e+00,5.582000e-03
2.2931683,1.048632e+00,7.841000e-03
2.2931808,1.045964e+00,8.259000e-03
2.2931932,1.026044e+00,8.568000e-03
2.2932056,1.023522e+00,1.219600e-02
2.2932180,1.024816e+00,1.280300e-02
2.2932304,1.028087e+00,8.006000e-03
2.2932429,1.018243e+00,1.156400e-02
2.2932553,1.015454e+00,1.188200e-02
2.2932677,1.002660e+00,1.011100e-02
2.2932801,1.003869e+00,1.147600e-02
2.2932925,1.016682e+00,8.826000e-03
2.2933050,1.020899e+00,8.844000e-03
2.2933174,1.008764e+00,9.680000e-03
2.2933298,1.025840e+00,1.328700e-02
2.2933422,1.025226e+00,9.294000e-03
2.2933546,1.040009e+00,1.148800e-02
2.2933670,1.022589e+00,7.821000e-03
2.2933795,1.048455e+00,7.128000e-03
2.2933919,1.045113e+00,7.197000e-03
2.2934043,1.058945e+00,8.751000e-03
2.2934167,1.030139e+00,8.260000e-03
2.2934291,1.044414e+00,9.670000e-03
2.2934415,1.059043e+00,7.917000e-03
2.2934540,1.051990e+00,9.253000e-03
2.2934664,1.033027e+00,9.125000e-03
2.2934788,1.039861e+00,9.882000e-03
2.2934912,1.034575e+00,1.121400e-02
2.2935036,1.056290e+00,8.754000e-03
2.2935160,1.057669e+00,9.008000e-03
2.2935284,1.042152e+00,8.359000e-03
2.2935409,1.030166e+00,7.397000e-03
2.2935533,1.022907e+00,8.941000e-03
2.2935657,1.015516e+00,8.706000e-03
2.2935781,1.004352e+00,6.356000e-03
2.2935905,9.700920e-01,7.145000e-03
2.2936029,9.496490e-01,8.024000e-03
2.2936153,9.316710e-01,6.378000e-03
2.2936277,9.144610e-01,8.935000e-03
2.2936402,8.962640e-01,8.735000e-03
2.2936526,8.651460e-01,9.400000e-03
2.2936650,8.435380e-01,9.627000e-03
2.2936774,8.138860e-01,9.853000e-03
2.2936898,7.993090e-01,8.198000e-03
2.2937022,7.849960e-01,6.963000e-03
2.2937146,7.702760e-01,6.596000e-03
2.2937270,7.459340e-01,8.311000e-03
2.2937394,7.454500e-01,5.898000e-03
2.2937518,7.318120e-01,8.260000e-03
2.2937642,7.149130e-01,8.477000e-03
2.2937767,7.096720e-01,9.958000e-03
2.2937891,6.911620e-01,9.569000e-03
2.2938015,6.855550e-01,1.044000e-02
2.2938139,6.740320e-01,1.119800e-02
2.2938263,6.697710e-01,1.074000e-02
2.2938387,6.434880e-01,1.323900e-02
2.2938511,6.622430e-01,7.594000e-03
2.2938635,6.642100e-01,1.037300e-02
2.2938759,6.561080e-01,9.741000e-03
2.2938883,6.571410e-01,5.326000e-03
2.2939007,6.700710e-01,5.623000e-03
2.2939131,6.584850e-01,9.723000e-03
2.2939255,6.848970e-01,8.596000e-03
2.2939379,6.842730e-01,8.970000e-03
2.2939503,6.987600e-01,5.457000e-03
2.2939627,6.902730e-01,1.070800e-02
2.2939751,7.123280e-01,7.306000e-03
2.2939875,7.113900e-01,8.084000e-03
2.2939999,6.934880e-01,7.433000e-03
2.2940123,7.002230e-01,7.218000e-03
2.2940247,7.275950e-01,8.576000e-03
2.2940372,7.172260e-01,1.003500e-02
2.2940496,7.083770e-01,1.205200e-02
2.2940620,7.117690e-01,1.104700e-02
2.2940744,7.351190e-01,7.093000e-03
2.2940868,7.356020e-01,7.971000e-03
2.2940992,7.576970e-01,9.391000e-03
2.2941116,7.526940e-01,1.036500e-02
2.2941240,7.514290e-01,1.188300e-02
2.2941364,7.588230e-01,1.298000e-02
2.2941488,7.845100e-01,4.452000e-03
2.2941612,7.749570e-01,8.649000e-03
2.2941735,7.887030e-01,5.902000e-03
2.2941859,7.810780e-01,8.321000e-03
2.2941983,7.766220e-01,4.648000e-03
2.2942107,7.812590e-01,1.066100e-02
2.2942231,7.665410e-01,9.345000e-03
2.2942355,7.806860e-01,1.030800e-02
2.2942479,7.879280e-01,1.140000e-02
2.2942603,7.934930e-01,9.723000e-03
2.2942727,7.802250e-01,5.686000e-03
2.2942851,7.895900e-01,7.322000e-03
2.2942975,8.036470e-01,6.654000e-03
2.2943099,8.013060e-01,7.639000e-03
2.2943223,8.403350e-01,8.424000e-03
2.2943347,8.157890e-01,6.165000e-03
2.2943471,8.298170e-01,6.705000e-03
2.2943595,8.393450e-01,5.884000e-03
2.2943719,8.311280e-01,1.145200e-02
2.2943843,8.379390e-01,8.944000e-03
2.2943967,8.441450e-01,6.806000e-03
2.2944091,8.368130e-01,7.493000e-03
2.2944215,8.560900e-01,7.225000e-03
2.2944339,8.335790e-01,7.646000e-03
2.2944462,8.209110e-01,8.816000e-03
2.2944586,8.249520e-01,6.190000e-03
2.2944710,8.306840e-01,1.024700e-02
2.2944834,8.275460e-01,7.903000e-03
2.2944958,8.303410e-01,9.325000e-03
2.2945082,8.386550e-01,4.485000e-03
2.2945206,8.388240e-01,1.019000e-02
2.2945330,8.394700e-01,1.117100e-02
2.2945454,8.177860e-01,7.628000e-03
2.2945578,8.338350e-01,9.951000e-03
2.2945701,8.428770e-01,4.862000e-03
2.2945825,8.313590e-01,8.260000e-03
2.2945949,8.278400e-01,8.309000e-03
2.2946073,8.198020e-01,7.211000e-03
2.2946197,8.174140e-01,9.539000e-03
2.2946321,8.026650e-01,9.383000e-03
2.2946445,8.060280e-01,8.446000e-03
2.2946569,8.127340e-01,8.093000e-03
2.2946693,7.958110e-01,7.764000e-03
2.2946816,7.972160e-01,6.602000e-03
2.2946940,7.887410e-01,6.607000e-03
2.2947064,7.662640e-01,6.871000e-03
2.2947188,7.621930e-01,9.603000e-03
2.2947312,7.701260e-01,6.844000e-03
2.2947436,7.716180e-01,6.772000e-03
2.2947560,7.673080e-01,1.007400e-02
2.2947683,7.759010e-01,7.333000e-03
2.2947807,7.588000e-01,7.408000e-03
2.2947931,7.651150e-01,1.000700e-02
2.2948055,7.788160e-01,1.033000e-02
2.2948179,7.877730e-01,6.569000e-03
2.2948303,7.694320e-01,1.065000e-02
2.2948426,7.855010e-01,9.653000e-03
2.2948550,7.905250e-01,9.868000e-03
2.2948674,7.944970e-01,1.231100e-02
2.2948798,7.830870e-01,1.198700e-02
2.2948922,7.950940e-01,1.067700e-02
2.2949045,8.106470e-01,1.131400e-02
2.2949169,8.240740e-01,1.067500e-02
2.2949293,8.326760e-01,1.055100e-02
2.2949417,8.023730e-01,7.419000e-03
2.2949541,8.166680e-01,7.129000e-03
2.2949665,8.282290e-01,1.055200e-02
2.2949788,8.236770e-01,1.067200e-02
2.2949912,8.259900e-01,1.297000e-02
2.2950036,8.130630e-01,1.162400e-02
2.2950160,8.141990e-01,1.025900e-02
2.2950283,8.182350e-01,9.381000e-03
2.2950407,8.273680e-01,9.411000e-03
2.2950531,8.187050e-01,1.086200e-02
2.2950655,8.315990e-01,7.628000e-03
2.2950779,8.198830e-01,7.209000e-03
2.2950902,8.174370e-01,8.459000e-03
2.2951026,8.136740e-01,7.661000e-03
2.2951150,8.018130e-01,9.394000e-03
2.2951274,7.943450e-01,1.086000e-02
2.2951397,7.712650e-01,9.373000e-03
2.2951521,7.610060e-01,1.070300e-02
2.2951645,7.526340e-01,5.195000e-03
2.2951769,7.603170e-01,9.314000e-03
2.2951892,7.485940e-01,1.301200e-02
2.2952016,7.363560e-01,1.612100e-02
2.2952140,7.355310e-01,1.329600e-02
2.2952264,7.273970e-01,7.547000e-03
2.2952387,7.343480e-01,8.913000e-03
2.2952511,7.437460e-01,7.259000e-03
2.2952635,7.531000e-01,7.599000e-03
2.2952759,7.480170e-01,5.224000e-03
2.2952882,7.559010e-01,9.759000e-03
2.2953006,7.574500e-01,6.890000e-03
2.2953130,7.627140e-01,1.039100e-02
2.2953253,7.801610e-01,7.713000e-03
2.2953377,7.939340e-01,5.436000e-03
2.2953501,7.933480e-01,7.337000e-03
2.2953625,8.097800e-01,8.999000e-03
2.2953748,8.120650e-01,7.671000e-03
2.2953872,8.135010e-01,6.809000e-03
2.2953996,8.313080e-01,5.655000e-03
2.2954119,8.239130e-01,1.005500e-02
2.2954243,8.306420e-01,7.414000e-03
2.2954367,8.208310e-01,9.100000e-03
2.2954490,8.247910e-01,8.864000e-03
2.2954614,8.153660e-01,8.092000e-03
2.2954738,8.135710e-01,4.374000e-03
2.2954861,8.107150e-01,6.654000e-03
2.2954985,8.134470e-01,1.148200e-02
2.2955109,8.076660e-01,9.401000e-03
2.2955232,7.995550e-01,7.698000e-03
2.2955356,7.985930e-01,6.713000e-03
2.2955480,7.862300e-01,8.194000e-03
2.2955603,7.643440e-01,1.174700e-02
2.2955727,7.684850e-01,1.062800e-02
2.2955851,7.644350e-01,8.958000e-03
2.2955974,7.586860e-01,9.935000e-03
2.2956098,7.443280e-01,9.018000e-03
2.2956222,7.482040e-01,1.154800e-02
2.2956345,7.400760e-01,1.343000e-02
2.2956469,7.403940e-01,7.848000e-03
2.2956593,7.319700e-01,5.715000e-03
2.2956716,7.546870e-01,7.797000e-03
2.2956840,7.638640e-01,1.189800e-02
2.2956964,7.677810e-01,8.348000e-03
2.2957087,7.549290e-01,8.598000e-03
2.2957211,7.717960e-01,8.555000e-03
2.2957334,7.891350e-01,1.072900e-02
2.2957458,7.953780e-01,8.887000e-03
2.2957582,7.858300e-01,1.425800e-02
2.2957705,7.871830e-01,1.289300e-02
2.2957829,8.194900e-01,1.643300e-02
2.2957952,8.119630e-01,1.447700e-02
2.2958076,8.500330e-01,1.266900e-02
2.2958200,8.569580e-01,1.029800e-02
2.2958323,8.241380e-01,6.937000e-03
2.2958447,7.967330e-01,7.704000e-03
2.2958570,7.969890e-01,7.659000e-03
2.2958694,7.803460e-01,9.056000e-03
2.2958818,7.721640e-01,7.358000e-03
2.2958941,7.561930e-01,1.107000e-02
2.2959065,7.708080e-01,7.162000e-03
2.2959188,7.706740e-01,7.126000e-03
2.2959312,7.596880e-01,7.970000e-03
2.2959436,7.625960e-01,1.011600e-02
2.2959559,7.653870e-01,6.189000e-03
2.2959683,7.625990e-01,7.405000e-03
2.2959806,7.764000e-01,9.470000e-03
2.2959930,7.837570e-01,1.003600e-02
2.2960053,7.736350e-01,6.700000e-03
2.2960177,7.774710e-01,7.307000e-03
2.2960300,7.757530e-01,6.193000e-03
2.2960424,7.844250e-01,9.752000e-03
2.2960548,7.738550e-01,1.063000e-02
2.2960671,7.733860e-01,1.144100e-02
2.2960795,7.638320e-01,9.754000e-03
2.2960918,7.919300e-01,1.543500e-02
2.2961042,8.250540e-01,1.245000e-02
2.2961165,8.203570e-01,9.156000e-03
2.2961289,8.285680e-01,7.176000e-03
2.2961412,8.366140e-01,1.182700e-02
2.2961536,8.664750e-01,1.066000e-02
2.2961659,8.555250e-01,1.207200e-02
2.2961783,8.891440e-01,7.025000e-03
2.2961906,9.006630e-01,8.570000e-03
2.2962030,8.768670e-01,1.065700e-02
2.2962153,8.963320e-01,1.042500e-02
2.2962277,8.954320e-01,1.100100e-02
2.2962400,9.027720e-01,8.567000e-03
2.2962524,9.155500e-01,8.210000e-03
2.2962647,9.027540e-01,6.846000e-03
2.2962771,8.710320e-01,4.894000e-03
2.2962894,8.525050e-01,5.531000e-03
2.2963018,8.496370e-01,7.786000e-03
2.2963141,8.323030e-01,1.012700e-02
2.2963265,8.434590e-01,9.778000e-03
2.2963388,8.329230e-01,1.067800e-02
2.2963512,8.073970e-01,1.388600e-02
2.2963635,7.962800e-01,1.017100e-02
2.2963759,7.922470e-01,8.210000e-03
2.2963882,7.733740e-01,7.011000e-03
2.2964006,7.718970e-01,6.695000e-03
2.2964129,7.609180e-01,7.615000e-03
2.2964253,7.694770e-01,8.943000e-03
2.2964376,7.587660e-01,6.369000e-03
2.2964499,7.566760e-01,7.790000e-03
2.2964623,7.682710e-01,1.130700e-02
2.2964746,7.701840e-01,6.078000e-03
2.2964870,7.502640e-01,9.856000e-03
2.2964993,7.830940e-01,1.071100e-02
2.2965117,7.855680e-01,9.840000e-03
2.2965240,7.935210e-01,6.386000e-03
2.2965364,7.930190e-01,7.745000e-03
2.2965487,8.066970e-01,5.437000e-03
2.2965610,8.198090e-01,8.664000e-03
2.2965734,8.315780e-01,7.443000e-03
2.2965857,8.560150e-01,7.131000e-03
2.2965981,8.528830e-01,8.967000e-03
2.2966104,8.685780e-01,5.354000e-03
2.2966227,8.902940e-01,5.017000e-03
2.2966351,8.968030e-01,1.074200e-02
2.2966474,9.227420e-01,1.138300e-02
2.2966598,9.407960e-01,8.212000e-03
2.2966721,9.288450e-01,1.084600e-02
2.2966844,9.245280e-01,4.561000e-03
2.2966968,9.240470e-01,1.024400e-02
2.2967091,9.360840e-01,1.025000e-02
2.2967215,9.122410e-01,6.831000e-03
2.2967338,9.002480e-01,8.758000e-03
2.2967461,9.040000e-01,7.003000e-03
2.2967585,8.840000e-01,8.203000e-03
2.2967708,8.640390e-01,7.560000e-03
2.2967832,8.418240e-01,7.925000e-03
2.2967955,8.367990e-01,6.392000e-03
2.2968078,8.168430e-01,6.901000e-03
2.2968202,7.785230e-01,9.316000e-03
2.2968325,7.648910e-01,9.800000e-03
2.2968448,7.705400e-01,4.223000e-03
2.2968572,7.488650e-01,7.141000e-03
2.2968695,7.406080e-01,5.160000e-03
2.2968818,7.347560e-01,9.224000e-03
2.2968942,7.316520e-01,5.729000e-03
2.2969065,7.155520e-01,8.142000e-03
2.2969189,7.081320e-01,7.749000e-03
2.2969312,7.057210e-01,7.847000e-03
2.2969435,6.928780e-01,1.172100e-02
2.2969559,6.791380e-01,8.538000e-03
2.2969682,6.969540e-01,7.314000e-03
2.2969805,6.906020e-01,7.752000e-03
2.2969928,7.035620e-01,6.972000e-03
2.2970052,7.046060e-01,5.328000e-03
2.2970175,7.190180e-01,8.278000e-03
2.2970298,7.447900e-01,8.605000e-03
2.2970422,7.477420e-01,6.103000e-03
2.2970545,7.613920e-01,5.999000e-03
2.2970668,7.885420e-01,6.656000e-03
2.2970792,8.053560e-01,7.241000e-03
2.2970915,8.353580e-01,6.778000e-03
2.2971038,8.505190e-01,6.659000e-03
2.2971162,8.781990e-01,7.371000e-03
2.2971285,8.872030e-01,6.240000e-03
2.2971408,9.160680e-01,6.211000e-03
2.2971531,9.294550e-01,5.957000e-03
2.2971655,9.419870e-01,9.921000e-03
2.2971778,9.534770e-01,5.624000e-03
2.2971901,9.622030e-01,7.512000e-03
2.2972025,9.703010e-01,7.437000e-03
2.2972148,9.636700e-01,7.983000e-03
2.2972271,9.762410e-01,9.275000e-03
2.2972394,9.903060e-01,7.130000e-03
2.2972518,9.860660e-01,7.731000e-03
2.2972641,9.782030e-01,6.844000e-03
2.2972764,9.638280e-01,7.637000e-03
2.2972887,9.526120e-01,5.436000e-03
2.2973011,9.359090e-01,8.607000e-03
2.2973134,9.323210e-01,6.212000e-03
2.2973257,9.160410e-01,6.107000e-03
2.2973380,8.942400e-01,5.706000e-03
2.2973504,8.740620e-01,8.840000e-03
2.2973627,8.597460e-01,1.160000e-02
2.2973750,8.327840e-01,8.230000e-03
2.2973873,8.271080e-01,6.503000e-03
2.2973997,8.153620e-01,9.744000e-03
2.2974120,8.066910e-01,7.695000e-03
2.2974243,8.088500e-01,7.804000e-03
2.2974366,8.024190e-01,7.175000e-03
2.2974489,7.904190e-01,9.047000e-03
2.2974613,7.755110e-01,8.876000e-03
2.2974736,7.738200e-01,7.186000e-03
2.2974859,7.684450e-01,7.006000e-03
2.2974982,7.686520e-01,6.637000e-03
2.2975106,7.716150e-01,9.516000e-03
2.2975229,7.836080e-01,8.017000e-03
2.2975352,8.075510e-01,9.921000e-03
2.2975475,7.952810e-01,6.972000e-03
2.2975598,8.138110e-01,1.093800e-02
2.2975722,8.216380e-01,8.657000e-03
2.2975845,8.388460e-01,7.490000e-03
2.2975968,8.586620e-01,7.771000e-03
2.2976091,8.685310e-01,8.180000e-03
2.2976214,8.923210e-01,1.114600e-02
2.2976337,9.265510e-01,7.829000e-03
2.2976461,9.315380e-01,7.696000e-03
2.2976584,9.420260e-01,9.153000e-03
2.2976707,9.612900e-01,7.837000e-03
2.2976830,9.868850e-01,1.028400e-02
2.2976953,9.795130e-01,8.640000e-03
2.2977076,9.878320e-01,8.999000e-03
2.2977200,9.998590e-01,8.016000e-03
2.2977323,1.006671e+00,1.271300e-02
2.2977446,1.015485e+00,1.008700e-02
2.2977569,1.021356e+00,9.246000e-03
2.2977692,1.003502e+00,6.879000e-03
2.2977815,1.001566e+00,8.134000e-03
2.2977938,1.008624e+00,8.713000e-03
2.2978062,9.958360e-01,4.034000e-03
2.2978185,9.937040e-01,7.282000e-03
2.2978308,9.825700e-01,1.236100e-02
2.2978431,9.635880e-01,9.523000e-03
2.2978554,9.694730e-01,8.542000e-03
2.2978677,9.547910e-01,8.378000e-03
2.2978800,9.260760e-01,3.915000e-03
2.2978923,8.997320e-01,6.225000e-03
2.2979047,8.925290e-01,9.309000e-03
2.2979170,8.407400e-01,7.511000e-03
2.2979293,8.472510e-01,5.287000e-03
2.2979416,8.257610e-01,5.980000e-03
2.2979539,8.105080e-01,9.201000e-03
2.2979662,8.099460e-01,7.893000e-03
2.2979785,7.987840e-01,8.526000e-03
2.2979908,7.806530e-01,1.058200e-02
2.2980031,7.675900e-01,7.819000e-03
2.2980154,7.605410e-01,1.098100e-02
2.2980277,7.631640e-01,7.891000e-03
2.2980401,7.540990e-01,7.146000e-03
2.2980524,7.484510e-01,1.286600e-02
2.2980647,7.562780e-01,9.022000e-03
2.2980770,7.697950e-01,9.354000e-03
2.2980893,7.631480e-01,7.163000e-03
2.2981016,7.606060e-01,8.060000e-03
2.2981139,7.580570e-01,6.155000e-03
2.2981262,7.639300e-01,7.338000e-03
2.2981385,7.810940e-01,6.960000e-03
2.2981508,7.793380e-01,7.482000e-03
2.2981631,7.937540e-01,6.792000e-03
2.2981754,8.041480e-01,9.107000e-03
2.2981877,7.965410e-01,7.610000e-03
2.2982000,8.120140e-01,8.556000e-03
2.2982123,8.317290e-01,9.395000e-03
2.2982246,8.433330e-01,8.092000e-03
2.2982369,8.685780e-01,8.700000e-03
2.2982492,8.728040e-01,7.226000e-03
2.2982615,8.693400e-01,7.902000e-03
2.2982739,8.913590e-01,1.062300e-02
2.2982862,8.637370e-01,1.316800e-02
2.2982985,8.371590e-01,1.522200e-02
2.2983108,8.797370e-01,1.635400e-02
2.2983231,8.946860e-01,9.207000e-03
2.2983354,8.715730e-01,1.184600e-02
2.2983477,8.438390e-01,9.937000e-03
2.2983600,8.269710e-01,1.097400e-02
2.2983723,8.243840e-01,7.271000e-03
2.2983846,8.418250e-01,8.134000e-03
2.2983969,8.370480e-01,8.189000e-03
2.2984092,8.387920e-01,8.220000e-03
2.2984215,8.266480e-01,8.820000e-03
2.2984338,8.420310e-01,9.809000e-03
2.2984461,8.367250e-01,9.115000e-03
2.2984584,8.122700e-01,9.734000e-03
2.2984707,7.935390e-01,1.269200e-02
2.2984829,7.896860e-01,1.011900e-02
2.2984952,7.843100e-01,9.279000e-03
2.2985075,7.738480e-01,6.804000e-03
2.2985198,7.682230e-01,8.416000e-03
2.2985321,7.685500e-01,7.316000e-03
2.2985444,7.485130e-01,9.257000e-03
2.2985567,7.221230e-01,1.041700e-02
2.2985690,7.146040e-01,1.097700e-02
2.2985813,7.100950e-01,8.790000e-03
2.2985936,7.303280e-01,9.171000e-03
2.2986059,7.219200e-01,9.863000e-03
2.2986182,7.035860e-01,9.960000e-03
2.2986305,6.876040e-01,9.443000e-03
2.2986428,6.754990e-01,7.520000e-03
2.2986551,6.762800e-01,4.280000e-03
2.2986674,7.049090e-01,1.069600e-02
2.2986797,6.923960e-01,8.918000e-03
2.2986920,7.024260e-01,6.623000e-03
2.2987043,7.062460e-01,8.458000e-03
2.2987165,7.237030e-01,7.101000e-03
2.2987288,7.255270e-01,6.458000e-03
2.2987411,7.316260e-01,7.897000e-03
2.2987534,7.386300e-01,9.417000e-03
2.2987657,7.482800e-01,1.004700e-02
2.2987780,7.749710e-01,7.538000e-03
2.2987903,7.932640e-01,1.026400e-02
2.2988026,8.105020e-01,6.344000e-03
2.2988149,8.329380e-01,8.103000e-03
2.2988272,8.517950e-01,8.159000e-03
2.2988395,8.617120e-01,9.785000e-03
2.2988517,8.722600e-01,8.251000e-03
2.2988640,9.121160e-01,8.903000e-03
2.2988763,9.382870e-01,9.903000e-03
2.2988886,9.652890e-01,7.366000e-03
2.2989009,9.673820e-01,5.846000e-03
2.2989132,1.000666e+00,1.164100e-02
2.2989255,1.014769e+00,1.362600e-02
2.2989378,9.799600e-01,1.047700e-02
2.2989500,9.765200e-01,7.259000e-03
2.2989623,9.945210e-01,1.046700e-02
2.2989746,1.006999e+00,5.022000e-03
2.2989869,9.978470e-01,1.240000e-02
2.2989992,1.005438e+00,1.180500e-02
2.2990115,1.017377e+00,8.942000e-03
2.2990238,1.021363e+00,5.791000e-03
2.2990360,1.002987e+00,1.230600e-02
2.2990483,1.009494e+00,7.624000e-03
2.2990606,1.007622e+00,1.049500e-02
2.2990729,9.859390e-01,9.954000e-03
2.2990852,9.886250e-01,9.104000e-03
2.2990975,9.672400e-01,8.369000e-03
2.2991097,9.461990e-01,4.547000e-03
2.2991220,9.496650e-01,1.247400e-02
2.2991343,9.104280e-01,1.033500e-02
2.2991466,9.030660e-01,6.071000e-03
2.2991589,8.677430e-01,8.269000e-03
2.2991711,8.419020e-01,4.826000e-03
2.2991834,8.118590e-01,9.184000e-03
2.2991957,8.062700e-01,7.544000e-03
2.2992080,7.992110e-01,9.886000e-03
2.2992203,7.823990e-01,9.198000e-03
2.2992325,7.430550e-01,7.223000e-03
2.2992448,7.208010e-01,6.604000e-03
2.2992571,7.078750e-01,1.173100e-02
2.2992694,6.838870e-01,7.681000e-03
2.2992817,6.925110e-01,6.037000e-03
2.2992939,6.825200e-01,5.963000e-03
2.2993062,6.664290e-01,8.093000e-03
2.2993185,6.433690e-01,8.856000e-03
2.2993308,6.522190e-01,1.249800e-02
2.2993431,6.532740e-01,8.319000e-03
2.2993553,6.880760e-01,9.727000e-03
2.2993676,6.924780e-01,9.467000e-03
2.2993799,7.138500e-01,9.361000e-03
2.2993922,7.128180e-01,1.339000e-02
2.2994044,6.902000e-01,1.230700e-02
2.2994167,7.195690e-01,1.575400e-02
2.2994290,7.592290e-01,2.412900e-02
2.2994413,7.572470e-01,1.562500e-02
2.2994535,7.812680e-01,1.147900e-02
2.2994658,7.830140e-01,8.413000e-03
2.2994781,7.853400e-01,1.608100e-02
2.2994904,8.082510e-01,8.096000e-03
2.2995026,8.119220e-01,8.721000e-03
2.2995149,8.565450e-01,1.017200e-02
2.2995272,8.689440e-01,8.354000e-03
2.2995395,8.912230e-01,8.895000e-03
2.2995517,9.301830e-01,1.481800e-02
2.2995640,9.267240e-01,9.287000e-03
2.2995763,9.321370e-01,9.086000e-03
2.2995885,9.583050e-01,9.807000e-03
2.2996008,9.677090e-01,5.177000e-03
2.2996131,9.598880e-01,8.912000e-03
2.2996254,9.809080e-01,1.051600e-02
2.2996376,9.850520e-01,1.276500e-02
2.2996499,9.895210e-01,1.130200e-02
2.2996622,9.727560e-01,9.100000e-03
2.2996744,9.860080e-01,9.107000e-03
2.2996867,9.802590e-01,8.723000e-03
2.2996990,1.005213e+00,5.375000e-03
2.2997112,1.008801e+00,7.225000e-03
2.2997235,1.009340e+00,1.147700e-02
2.2997358,1.002744e+00,1.002600e-02
2.2997480,9.989430e-01,7.474000e-03
2.2997603,9.963800e-01,7.353000e-03
2.2997726,9.865570e-01,6.140000e-03
2.2997848,9.635470e-01,1.268500e-02
2.2997971,9.758490e-01,1.157400e-02
2.2998094,9.389380e-01,1.283100e-02
2.2998216,9.323310e-01,8.517000e-03
2.2998339,9.248520e-01,8.600000e-03
2.2998462,8.924100e-01,8.480000e-03
2.2998584,8.934920e-01,9.432000e-03
2.2998707,8.668470e-01,6.968000e-03
2.2998830,8.363180e-01,1.041900e-02
2.2998952,8.219800e-01,9.210000e-03
2.2999075,8.056780e-01,8.373000e-03
2.2999198,7.752280e-01,8.407000e-03
2.2999320,7.754770e-01,1.093100e-02
2.2999443,7.614130e-01,8.221000e-03
2.2999565,7.539380e-01,1.203000e-02
2.2999688,7.519180e-01,9.804000e-03
2.2999811,7.339520e-01,7.120000e-03
2.2999933,7.375840e-01,1.019000e-02
2.3000056,7.480190e-01,8.764000e-03
2.3000179,7.412850e-01,1.178200e-02
2.3000301,7.617230e-01,1.117400e-02
2.3000424,7.080630e-01,1.736100e-02
2.3000546,7.138800e-01,1.108700e-02
2.3000669,7.471600e-01,1.343600e-02
2.3000792,7.561510e-01,1.201300e-02
2.3000914,7.922180e-01,1.251500e-02
2.3001037,7.876320e-01,8.476000e-03
2.3001159,8.103890e-01,9.132000e-03
2.3001282,8.258600e-01,9.758000e-03
2.3001405,8.277410e-01,9.543000e-03
2.3001527,8.701530e-01,1.521100e-02
2.3001650,8.559720e-01,1.368100e-02
2.3001772,8.601140e-01,9.289000e-03
2.3001895,8.818860e-01,1.237500e-02
2.3002017,8.904250e-01,1.630500e-02
2.3002140,9.326220e-01,1.001800e-02
2.3038344,9.242550e-01,6.797000e-03
2.3038465,9.174730e-01,1.059700e-02
2.3038586,9.053680e-01,1.157900e-02
2.3038708,8.772500e-01,8.843000e-03
2.3038829,8.284720e-01,1.235600e-02
2.3038950,7.944000e-01,1.307300e-02
2.3039072,8.060200e-01,1.016900e-02
2.3039193,7.981760e-01,1.027800e-02
2.3039314,7.422560e-01,8.718000e-03
2.3039435,7.050830e-01,8.729000e-03
2.3039557,7.088920e-01,7.487000e-03
2.3039678,7.073050e-01,8.778000e-03
2.3039799,6.735230e-01,7.417000e-03
2.3039921,6.769760e-01,7.749000e-03
2.3040042,6.597650e-01,7.340000e-03
2.3040163,6.463510e-01,1.022100e-02
2.3040285,6.453330e-01,1.093700e-02
2.3040406,6.332330e-01,1.102200e-02
2.3040527,6.435780e-01,8.590000e-03
2.3040648,6.398040e-01,5.545000e-03
2.3040770,6.377570e-01,1.136800e-02
2.3040891,6.396190e-01,9.143000e-03
2.3041012,6.423300e-01,1.163800e-02
2.3041133,6.667650e-01,1.189100e-02
2.3041255,6.592650e-01,7.367000e-03
2.3041376,6.893780e-01,1.011000e-02
2.3041497,6.973570e-01,7.870000e-03
2.3041618,7.165710e-01,1.155300e-02
2.3041740,7.456010e-01,9.718000e-03
2.3041861,7.576810e-01,9.012000e-03
2.3041982,7.744480e-01,8.562000e-03
2.3042103,7.981820e-01,1.098900e-02
2.3042225,8.362200e-01,1.131600e-02
2.3042346,8.465560e-01,7.621000e-03
2.3042467,8.810210e-01,5.838000e-03
2.3042588,8.943800e-01,8.881000e-03
2.3042709,9.156230e-01,8.156000e-03
2.3042831,9.436340e-01,7.680000e-03
2.3042952,9.576740e-01,9.415000e-03
2.3043073,9.723800e-01,1.019600e-02
2.3043194,9.834530e-01,8.994000e-03
2.3043315,9.921260e-01,1.127200e-02
2.3043437,1.011738e+00,1.034500e-02
2.3043558,1.024336e+00,5.681000e-03
2.3043679,1.001150e+00,1.313500e-02
2.3043800,1.010922e+00,1.049000e-02
2.3043921,1.021200e+00,7.675000e-03
2.3044042,1.060227e+00,1.505800e-02
2.3044164,1.057795e+00,1.625400e-02
2.3044285,1.042656e+00,1.335000e-02
2.3044406,1.087629e+00,1.838700e-02
2.3044527,1.062018e+00,1.260300e-02
2.3044648,1.031269e+00,1.510700e-02
2.3044769,1.034985e+00,1.391100e-02
2.3044891,1.049593e+00,8.450000e-03
2.3045012,1.028971e+00,7.498000e-03
2.3045133,1.024930e+00,1.034500e-02
2.3045254,1.026170e+00,1.390500e-02
2.3045375,1.023530e+00,5.325000e-03
2.3045496,1.022555e+00,6.338000e-03
2.3045617,1.034222e+00,8.094000e-03
2.3045738,1.050962e+00,6.913000e-03
2.3045860,1.027090e+00,6.119000e-03
2.3045981,1.020977e+00,1.212900e-02
2.3046102,1.028663e+00,1.181500e-02
2.3046223,1.012618e+00,1.082400e-02
2.3046344,1.012401e+00,8.785000e-03
2.3046465,9.912200e-01,1.321600e-02
2.3046586,1.012547e+00,8.373000e-03
2.3046707,1.005597e+00,1.501000e-02
2.3046828,1.000100e+00,8.983000e-03
2.3046950,9.789820e-01,1.453900e-02
2.3047071,9.915280e-01,9.678000e-03
2.3047192,9.610840e-01,1.065800e-02
2.3047313,9.557130e-01,1.062900e-02
2.3047434,9.606560e-01,1.122600e-02
2.3047555,9.342970e-01,8.541000e-03
2.3047676,9.334200e-01,7.063000e-03
2.3047797,9.147330e-01,7.463000e-03
2.3047918,8.974350e-01,9.970000e-03
2.3048039,8.864250e-01,1.117800e-02
2.3048160,8.589000e-01,7.356000e-03
2.3048281,8.464520e-01,9.320000e-03
2.3048402,8.162760e-01,9.465000e-03
2.3048523,7.939420e-01,8.381000e-03
2.3048644,7.656620e-01,8.863000e-03
2.3048765,7.473050e-01,8.660000e-03
2.3048886,7.222070e-01,9.877000e-03
2.3049008,7.069170e-01,9.219000e-03
2.3049129,6.676280e-01,1.035000e-02
2.3049250,6.616750e-01,9.726000e-03
2.3049371,6.453760e-01,1.119800e-02
2.3049492,6.398030e-01,1.065700e-02
2.3049613,6.215250e-01,8.503000e-03
2.3049734,5.954480e-01,1.162300e-02
2.3049855,6.199090e-01,1.280300e-02
2.3049976,6.050210e-01,1.640300e-02
2.3050097,6.020840e-01,7.639000e-03
2.3050218,5.961470e-01,1.064000e-02
2.3050339,6.057690e-01,6.773000e-03
2.3050460,6.116310e-01,4.907000e-03
2.3050581,6.225660e-01,6.763000e-03
2.3050702,6.314470e-01,8.206000e-03
2.3050823,6.342880e-01,1.022600e-02
2.3050944,6.565810e-01,7.463000e-03
2.3051064,6.820350e-01,6.514000e-03
2.3051185,7.061020e-01,8.160000e-03
2.3051306,7.204770e-01,8.553000e-03
2.3051427,7.610100e-01,1.044600e-02
2.3051548,7.841690e-01,7.159000e-03
2.3051669,7.984010e-01,8.789000e-03
2.3051790,8.350430e-01,1.075800e-02
2.3051911,8.505280e-01,6.835000e-03
2.3052032,8.784910e-01,6.403000e-03
2.3052153,8.921970e-01,6.378000e-03
2.3052274,9.262620e-01,6.601000e-03
2.3052395,9.430540e-01,6.761000e-03
2.3052516,9.596940e-01,8.691000e-03
2.3052637,9.691360e-01,7.210000e-03
2.3052758,9.658830e-01,7.101000e-03
2.3052879,9.860500e-01,7.309000e-03
2.3053000,9.964460e-01,6.206000e-03
2.3053120,1.012564e+00,8.572000e-03
2.3053241,1.018421e+00,1.308400e-02
2.3053362,1.023475e+00,9.605000e-03
2.3053483,1.026811e+00,5.313000e-03
2.3053604,1.033765e+00,7.036000e-03
2.3053725,1.036413e+00,5.018000e-03
2.3053846,1.033652e+00,9.405000e-03
2.3053967,1.032581e+00,1.091800e-02
2.3054088,1.040192e+00,7.896000e-03
2.3054209,1.064012e+00,6.766000e-03
2.3054329,1.036249e+00,7.144000e-03
2.3054450,1.009730e+00,1.264500e-02
2.3054571,1.004905e+00,1.175400e-02
2.3054692,1.015409e+00,6.968000e-03
2.3054813,1.017899e+00,9.686000e-03
2.3054934,1.025512e+00,1.211500e-02
2.3055055,9.892660e-01,1.350500e-02
2.3055175,9.620010e-01,8.478000e-03
2.3055296,9.616090e-01,9.737000e-03
2.3055417,9.659480e-01,9.762000e-03
2.3055538,9.546740e-01,1.150400e-02
2.3055659,9.413380e-01,8.708000e-03
2.3055780,9.267640e-01,5.310000e-03
2.3055900,9.293210e-01,9.391000e-03
2.3056021,9.262320e-01,5.641000e-03
2.3056142,9.215720e-01,5.467000e-03
2.3056263,9.204420e-01,8.233000e-03
2.3056384,9.016280e-01,5.498000e-03
2.3056505,8.949790e-01,8.085000e-03
2.3056625,8.839970e-01,5.438000e-03
2.3056746,8.711680e-01,8.701000e-03
2.3056867,8.354260e-01,7.428000e-03
2.3056988,8.350810e-01,6.963000e-03
2.3057109,8.305450e-01,6.488000e-03
2.3057229,7.994120e-01,5.581000e-03
2.3057350,8.011700e-01,1.099000e-02
2.3057471,7.880980e-01,7.966000e-03
2.3057592,7.622360e-01,8.287000e-03
2.3057713,7.525970e-01,7.986000e-03
2.3057833,7.102820e-01,9.556000e-03
2.3057954,7.047730e-01,6.224000e-03
2.3058075,6.796700e-01,8.349000e-03
2.3058196,6.566810e-01,7.172000e-03
2.3058316,6.539930e-01,6.686000e-03
2.3058437,6.222620e-01,6.718000e-03
2.3058558,6.119420e-01,7.869000e-03
2.3058679,5.986000e-01,9.185000e-03
2.3058799,5.858390e-01,6.716000e-03
2.3058920,5.696890e-01,8.449000e-03
2.3059041,5.600730e-01,7.136000e-03
2.3059162,5.562100e-01,6.027000e-03
2.3059282,5.534810e-01,7.222000e-03
2.3059403,5.393400e-01,5.096000e-03
2.3059524,5.368850e-01,6.666000e-03
2.3059645,5.711440e-01,6.968000e-03
2.3059765,5.627770e-01,4.963000e-03
2.3059886,5.677100e-01,5.863000e-03
2.3060007,5.790780e-01,8.791000e-03
2.3060127,5.995000e-01,1.107500e-02
2.3060248,6.144200e-01,8.667000e-03
2.3060369,6.311150e-01,1.020600e-02
2.3060490,6.563760e-01,8.640000e-03
2.3060610,6.809550e-01,6.528000e-03
2.3060731,7.061110e-01,3.450000e-03
2.3060852,7.280630e-01,6.824000e-03
2.3060972,7.497790e-01,1.203300e-02
2.3061093,7.884040e-01,1.121500e-02
2.3061214,8.126930e-01,6.290000e-03
2.3061334,8.366920e-01,8.943000e-03
2.3061455,8.670190e-01,6.171000e-03
2.3061576,8.734340e-01,9.905000e-03
2.3061696,8.915220e-01,9.148000e-03
2.3061817,9.294990e-01,7.283000e-03
2.3061938,9.331440e-01,5.580000e-03
2.3062058,9.632160e-01,8.468000e-03
2.3062179,9.675130e-01,6.503000e-03
2.3062300,9.874910e-01,6.404000e-03
2.3062420,1.000035e+00,7.233000e-03
2.3062541,1.007350e+00,9.082000e-03
2.3062662,1.012636e+00,5.147000e-03
2.3062782,1.020479e+00,6.661000e-03
2.3062903,1.014358e+00,9.685000e-03
2.3063023,1.034455e+00,5.892000e-03
2.3063144,1.040569e+00,7.712000e-03
2.3063265,1.032723e+00,9.873000e-03
2.3063385,1.043480e+00,6.430000e-03
2.3063506,1.037470e+00,5.072000e-03
2.3063627,1.063333e+00,9.495000e-03
2.3063747,1.065587e+00,5.551000e-03
2.3063868,1.059684e+00,9.597000e-03
2.3063988,1.046923e+00,7.004000e-03
2.3064109,1.049490e+00,5.052000e-03
2.3064230,1.060276e+00,7.341000e-03
2.3064350,1.076169e+00,7.403000e-03
2.3064471,1.071893e+00,7.378000e-03
2.3064591,1.056603e+00,8.259000e-03
2.3064712,1.059337e+00,6.699000e-03
2.3064832,1.070382e+00,6.293000e-03
2.3064953,1.073096e+00,4.834000e-03
2.3065074,1.068444e+00,9.963000e-03
2.3065194,1.076736e+00,9.400000e-03
2.3065315,1.055791e+00,8.537000e-03
2.3065435,1.065131e+00,8.163000e-03
2.3065556,1.065438e+00,1.039300e-02
2.3065676,1.031192e+00,1.035300e-02
2.3065797,1.007136e+00,1.108700e-02
2.3065918,1.012208e+00,1.329700e-02
2.3066038,1.046482e+00,1.099400e-02
2.3066159,1.023090e+00,1.714700e-02
2.3066279,1.025219e+00,6.532000e-03
2.3066400,1.015976e+00,6.872000e-03
2.3066520,1.000746e+00,4.938000e-03
2.3066641,1.006609e+00,9.578000e-03
2.3066761,9.929020e-01,5.165000e-03
2.3066882,9.749340e-01,7.461000e-03
2.3067002,9.774250e-01,6.407000e-03
2.3067123,9.524690e-01,5.059000e-03
2.3067243,9.323090e-01,6.338000e-03
2.3067364,9.359070e-01,8.111000e-03
2.3067484,9.108640e-01,8.125000e-03
2.3067605,8.931160e-01,7.362000e-03
2.3067725,8.642460e-01,7.660000e-03
2.3067846,8.543770e-01,5.011000e-03
2.3067966,8.300420e-01,7.727000e-03
2.3068087,8.054300e-01,5.254000e-03
2.3068207,7.719080e-01,7.501000e-03
2.3068328,7.426240e-01,7.760000e-03
2.3068448,7.152580e-01,8.262000e-03
2.3068569,7.072010e-01,1.105700e-02
2.3068689,6.857390e-01,9.957000e-03
2.3068810,6.412560e-01,4.260000e-03
2.3068930,6.395740e-01,5.753000e-03
2.3069050,6.189200e-01,4.549000e-03
2.3069171,5.985310e-01,6.988000e-03
2.3069291,5.736440e-01,1.003000e-02
2.3069412,5.903770e-01,7.172000e-03
2.3069532,5.875130e-01,7.012000e-03
2.3069653,5.906110e-01,6.057000e-03
2.3069773,5.697680e-01,6.574000e-03
2.3069894,5.811650e-01,7.742000e-03
2.3070014,5.752240e-01,8.396000e-03
2.3070134,5.874690e-01,6.840000e-03
2.3070255,6.091290e-01,7.033000e-03
2.3070375,6.206210e-01,8.971000e-03
2.3070496,6.402330e-01,9.856000e-03
2.3070616,6.549180e-01,6.864000e-03
2.3070736,6.895990e-01,7.109000e-03
2.3070857,6.886890e-01,7.530000e-03
2.3070977,7.026980e-01,4.660000e-03
2.3071098,7.341840e-01,9.300000e-03
2.3071218,7.776260e-01,5.827000e-03
2.3071338,7.911260e-01,9.145000e-03
2.3071459,8.258190e-01,8.092000e-03
2.3071579,8.570340e-01,8.064000e-03
2.3071700,8.809800e-01,6.350000e-03
2.3071820,9.056440e-01,6.920000e-03
2.3071940,9.248310e-01,8.916000e-03
2.3072061,9.251170e-01,6.403000e-03
2.3072181,9.536490e-01,4.779000e-03
2.3072301,9.626070e-01,6.458000e-03
2.3072422,9.876900e-01,8.135000e-03
2.3072542,1.004200e+00,6.890000e-03
2.3072662,1.014838e+00,4.428000e-03
2.3072783,1.012701e+00,7.337000e-03
2.3072903,1.004789e+00,6.210000e-03
2.3073024,1.026502e+00,7.915000e-03
2.3073144,1.042525e+00,5.476000e-03
2.3073264,1.045864e+00,5.239000e-03
2.3073385,1.031168e+00,6.705000e-03
2.3073505,1.052847e+00,7.469000e-03
2.3073625,1.057424e+00,7.261000e-03
2.3073745,1.055233e+00,8.105000e-03
2.3073866,1.053504e+00,7.486000e-03
2.3073986,1.051593e+00,7.865000e-03
2.3074106,1.047398e+00,7.055000e-03
2.3074227,1.053007e+00,7.027000e-03
2.3074347,1.043870e+00,8.439000e-03
2.3074467,1.056883e+00,5.677000e-03
2.3074588,1.053374e+00,1.049300e-02
2.3074708,1.089950e+00,1.360000e-02
2.3074828,1.109630e+00,1.278200e-02
2.3074948,1.150648e+00,1.623800e-02
2.3075069,1.239113e+00,3.897900e-02
2.3075189,1.203655e+00,3.864200e-02
2.3075309,1.184445e+00,2.813300e-02
2.3075430,1.150706e+00,1.499900e-02
2.3075550,1.096092e+00,1.246000e-02
2.3075670,1.072533e+00,7.897000e-03
2.3075790,1.050305e+00,6.781000e-03
2.3075911,1.045180e+00,7.463000e-03
2.3076031,1.045647e+00,7.900000e-03
2.3076151,1.036306e+00,1.029600e-02
2.3076271,1.006533e+00,8.174000e-03
2.3076392,9.789790e-01,9.279000e-03
2.3076512,9.931400e-01,1.013500e-02
2.3076632,1.016690e+00,9.187000e-03
2.3076752,9.973080e-01,8.058000e-03
2.3076873,9.690950e-01,6.291000e-03
2.3076993,9.514820e-01,8.086000e-03
2.3077113,9.166190e-01,7.248000e-03
2.3077233,9.058700e-01,5.312000e-03
2.3077353,9.060880e-01,6.894000e-03
2.3077474,8.867430e-01,5.396000e-03
2.3077594,8.769350e-01,7.145000e-03
2.3077714,8.549810e-01,7.999000e-03
2.3077834,8.438950e-01,8.160000e-03
2.3077954,8.170670e-01,7.374000e-03
2.3078075,8.082880e-01,6.904000e-03
2.3078195,8.041050e-01,5.854000e-03
2.3078315,7.700410e-01,8.363000e-03
2.3078435,7.519450e-01,7.096000e-03
2.3078555,7.168440e-01,5.261000e-03
2.3078676,6.980990e-01,6.600000e-03
2.3078796,6.831240e-01,6.027000e-03
2.3078916,6.603290e-01,7.164000e-03
2.3079036,6.382700e-01,6.578000e-03
2.3079156,6.182500e-01,6.969000e-03
2.3079276,5.977890e-01,6.233000e-03
2.3079397,5.852720e-01,8.415000e-03
2.3079517,5.779880e-01,8.211000e-03
2.3079637,5.640530e-01,6.594000e-03
2.3079757,5.610820e-01,8.093000e-03
2.3079877,5.426870e-01,7.390000e-03
2.3079997,5.583390e-01,8.099000e-03
2.3080117,5.644030e-01,6.035000e-03
2.3080238,5.561570e-01,6.166000e-03
2.3080358,5.710510e-01,8.376000e-03
2.3080478,5.647760e-01,5.609000e-03
2.3080598,5.889880e-01,8.613000e-03
2.3080718,5.941580e-01,4.921000e-03
2.3080838,6.204570e-01,4.832000e-03
2.3080958,6.295170e-01,6.971000e-03
2.3081078,6.386670e-01,3.942000e-03
2.3081199,6.702680e-01,7.138000e-03
2.3081319,6.685240e-01,7.660000e-03
2.3081439,6.914500e-01,6.286000e-03
2.3081559,7.163030e-01,8.288000e-03
2.3081679,7.561680e-01,6.393000e-03
2.3081799,7.730060e-01,5.992000e-03
2.3081919,8.009990e-01,8.546000e-03
2.3082039,8.327260e-01,4.623000e-03
2.3082159,8.518460e-01,8.807000e-03
2.3082279,8.784380e-01,8.673000e-03
2.3082399,8.922890e-01,6.288000e-03
2.3082519,9.214470e-01,5.451000e-03
2.3082640,9.337620e-01,8.226000e-03
2.3082760,9.438810e-01,4.914000e-03
2.3082880,9.701890e-01,5.707000e-03
2.3083000,9.774350e-01,4.147000e-03
2.3083120,9.883030e-01,6.113000e-03
2.3083240,9.958240e-01,6.462000e-03
2.3083360,1.023893e+00,8.336000e-03
2.3083480,1.020205e+00,4.725000e-03
2.3083600,1.027590e+00,6.018000e-03
2.3083720,1.023604e+00,4.524000e-03
2.3083840,1.026140e+00,6.234000e-03
2.3083960,1.049078e+00,5.015000e-03
2.3084080,1.069237e+00,7.404000e-03
2.3084200,1.075406e+00,8.041000e-03
2.3084320,1.064173e+00,6.758000e-03
2.3084440,1.071292e+00,9.266000e-03
2.3084560,1.066375e+00,7.941000e-03
2.3084680,1.084219e+00,8.347000e-03
2.3084800,1.086633e+00,8.194000e-03
2.3084920,1.084858e+00,6.575000e-03
2.3085040,1.081155e+00,7.946000e-03
2.3085160,1.094291e+00,5.531000e-03
2.3085280,1.091607e+00,7.564000e-03
2.3085400,1.090216e+00,6.929000e-03
2.3085520,1.101713e+00,6.140000e-03
2.3085640,1.089692e+00,5.967000e-03
2.3085760,1.099461e+00,1.015300e-02
2.3085880,1.088742e+00,8.582000e-03
2.3086000,1.099645e+00,5.437000e-03
2.3086120,1.088153e+00,8.197000e-03
2.3086240,1.097440e+00,7.580000e-03
2.3086360,1.089552e+00,8.029000e-03
2.3086480,1.090810e+00,5.899000e-03
2.3086600,1.079221e+00,6.813000e-03
2.3086720,1.080309e+00,7.079000e-03
2.3086840,1.091294e+00,5.126000e-03
2.3086959,1.089561e+00,5.665000e-03
2.3087079,1.099253e+00,7.338000e-03
2.3087199,1.075905e+00,5.902000e-03
2.3087319,1.075185e+00,6.706000e-03
2.3087439,1.080029e+00,8.320000e-03
2.3087559,1.081402e+00,6.206000e-03
2.3087679,1.065918e+00,6.417000e-03
2.3087799,1.078314e+00,6.121000e-03
2.3087919,1.060931e+00,6.098000e-03
2.3088039,1.028193e+00,1.542300e-02
2.3088159,1.037437e+00,9.883000e-03
2.3088279,1.013756e+00,7.361000e-03
2.3088398,1.035839e+00,4.614000e-03
2.3088518,1.040721e+00,5.641000e-03
2.3088638,1.010076e+00,6.002000e-03
2.3088758,9.862160e-01,5.609000e-03
2.3088878,9.749530e-01,7.230000e-03
2.3088998,9.581980e-01,7.481000e-03
2.3089118,9.489780e-01,7.659000e-03
2.3089238,9.116890e-01,7.390000e-03
2.3089357,8.900140e-01,7.448000e-03
2.3089477,8.802530e-01,7.631000e-03
2.3089597,8.418770e-01,5.408000e-03
2.3089717,8.070810e-01,6.874000e-03
2.3089837,7.608140e-01,6.951000e-03
2.3089957,7.560420e-01,8.420000e-03
2.3090077,7.383770e-01,6.628000e-03
2.3090196,7.151500e-01,6.815000e-03
2.3090316,6.865390e-01,9.087000e-03
2.3090436,6.802070e-01,6.674000e-03
2.3090556,6.435730e-01,7.083000e-03
2.3090676,6.513420e-01,9.378000e-03
2.3090796,6.269120e-01,7.101000e-03
2.3090915,6.146780e-01,9.409000e-03
2.3091035,6.010750e-01,7.130000e-03
2.3091155,5.972690e-01,7.034000e-03
2.3091275,5.884070e-01,4.367000e-03
2.3091395,5.783130e-01,4.675000e-03
2.3091515,5.926880e-01,8.551000e-03
2.3091634,6.014640e-01,6.562000e-03
2.3091754,5.989360e-01,7.205000e-03
2.3091874,6.244200e-01,8.131000e-03
2.3091994,6.284830e-01,5.414000e-03
2.3092114,6.296350e-01,5.908000e-03
2.3092233,6.589040e-01,6.073000e-03
2.3092353,6.801440e-01,7.083000e-03
2.3092473,7.081640e-01,5.679000e-03
2.3092593,7.259130e-01,6.690000e-03
2.3092712,7.554650e-01,5.549000e-03
2.3092832,7.858000e-01,5.966000e-03
2.3092952,8.111220e-01,4.872000e-03
2.3093072,8.332180e-01,4.706000e-03
2.3093191,8.501500e-01,6.406000e-03
2.3093311,8.749060e-01,6.098000e-03
2.3093431,8.942930e-01,5.249000e-03
2.3093551,9.229940e-01,5.715000e-03
2.3093670,9.498310e-01,4.803000e-03
2.3093790,9.606640e-01,8.161000e-03
2.3093910,9.555570e-01,8.201000e-03
2.3094030,9.288910e-01,9.292000e-03
2.3094149,9.413100e-01,8.682000e-03
2.3094269,9.912260e-01,4.600000e-03
2.3094389,1.006530e+00,5.165000e-03
2.3094509,1.017143e+00,4.957000e-03
2.3094628,1.009690e+00,8.396000e-03
2.3094748,1.018374e+00,7.322000e-03
2.3094868,1.021178e+00,4.937000e-03
2.3094987,1.036296e+00,6.640000e-03
2.3095107,1.035690e+00,6.804000e-03
2.3095227,1.040758e+00,6.116000e-03
2.3095347,1.034455e+00,8.959000e-03
2.3095466,1.049143e+00,7.258000e-03
2.3095586,1.046882e+00,6.205000e-03
2.3095706,1.053444e+00,1.006900e-02
2.3095825,1.043834e+00,7.614000e-03
2.3095945,1.044070e+00,8.705000e-03
2.3096065,1.032599e+00,5.406000e-03
2.3096184,1.030383e+00,6.794000e-03
2.3096304,1.036608e+00,5.283000e-03
2.3096424,1.038604e+00,7.236000e-03
2.3096543,1.023555e+00,9.460000e-03
2.3096663,1.012912e+00,6.453000e-03
2.3096783,1.006729e+00,6.109000e-03
2.3096902,1.001064e+00,3.650000e-03
2.3097022,9.854530e-01,6.934000e-03
2.3097142,9.793690e-01,9.279000e-03
2.3097261,9.619290e-01,7.223000e-03
2.3097381,9.530840e-01,4.950000e-03
2.3097500,9.351190e-01,7.263000e-03
2.3097620,9.094160e-01,4.439000e-03
2.3097740,9.079580e-01,6.153000e-03
2.3097859,8.933940e-01,7.387000e-03
2.3097979,8.863330e-01,6.306000e-03
2.3098099,8.655220e-01,6.016000e-03
2.3098218,8.342620e-01,4.379000e-03
2.3098338,8.546560e-01,6.327000e-03
2.3098457,8.455220e-01,5.776000e-03
2.3098577,8.382120e-01,7.300000e-03
2.3098697,8.225030e-01,7.116000e-03
2.3098816,8.058440e-01,5.926000e-03
2.3098936,7.982320e-01,6.330000e-03
2.3099055,7.954480e-01,5.910000e-03
2.3099175,7.891550e-01,6.224000e-03
2.3099295,7.872860e-01,7.857000e-03
2.3099414,7.812670e-01,5.254000e-03
2.3099534,7.884200e-01,5.774000e-03
2.3099653,7.836940e-01,7.003000e-03
2.3099773,7.804620e-01,5.116000e-03
2.3099892,7.719240e-01,7.131000e-03
2.3100012,7.533810e-01,9.177000e-03
2.3100132,7.760200e-01,7.797000e-03
2.3100251,7.751040e-01,7.698000e-03
2.3100371,7.848310e-01,7.228000e-03
2.3100490,7.714370e-01,6.037000e-03
2.3100610,7.685740e-01,5.858000e-03
2.3100729,7.640460e-01,6.946000e-03
2.3100849,7.342200e-01,7.893000e-03
2.3100968,7.251960e-01,4.104000e-03
2.3101088,7.127760e-01,6.356000e-03
2.3101207,6.890820e-01,9.158000e-03
2.3101327,6.644660e-01,6.060000e-03
2.3101446,6.528940e-01,8.918000e-03
2.3101566,6.214450e-01,4.854000e-03
2.3101685,6.117730e-01,7.105000e-03
2.3101805,5.982390e-01,7.033000e-03
2.3101924,5.962590e-01,6.683000e-03
2.3102044,5.737950e-01,7.825000e-03
2.3102163,5.707410e-01,6.611000e-03
2.3102283,5.506080e-01,6.168000e-03
2.3102402,5.439540e-01,4.310000e-03
2.3102522,5.582370e-01,6.461000e-03
2.3102641,5.553750e-01,5.287000e-03
2.3102761,5.583750e-01,9.421000e-03
2.3102880,5.669200e-01,6.216000e-03
2.3103000,5.615530e-01,3.946000e-03
2.3103119,5.843950e-01,5.953000e-03
2.3103239,5.893570e-01,6.481000e-03
2.3103358,6.100040e-01,4.603000e-03
2.3103478,6.387790e-01,4.460000e-03
2.3103597,6.650660e-01,6.680000e-03
2.3103717,6.737260e-01,6.038000e-03
2.3103836,7.065300e-01,6.750000e-03
2.3103955,7.250570e-01,6.698000e-03
2.3104075,7.654410e-01,7.157000e-03
2.3104194,7.980460e-01,7.576000e-03
2.3104314,8.176750e-01,5.461000e-03
2.3104433,8.435120e-01,1.070700e-02
2.3104553,8.885200e-01,8.227000e-03
2.3104672,8.879490e-01,7.199000e-03
2.3104792,9.347180e-01,9.089000e-03
2.3104911,9.390490e-01,7.920000e-03
2.3105030,9.747030e-01,8.285000e-03
2.3105150,9.913590e-01,9.376000e-03
2.3105269,9.977610e-01,7.208000e-03
2.3105389,1.014949e+00,7.852000e-03
2.3105508,1.023030e+00,4.138000e-03
2.3105627,1.029319e+00,6.222000e-03
2.3105747,1.042365e+00,5.872000e-03
2.3105866,1.037932e+00,6.611000e-03
2.3105986,1.045758e+00,7.520000e-03
2.3106105,1.037922e+00,7.407000e-03
2.3106224,1.071888e+00,6.409000e-03
2.3106344,1.073780e+00,7.616000e-03
2.3106463,1.065421e+00,6.806000e-03
2.3106582,1.060528e+00,5.428000e-03
2.3106702,1.064444e+00,6.109000e-03
2.3106821,1.075329e+00,6.212000e-03
2.3106941,1.069418e+00,7.331000e-03
2.3107060,1.074101e+00,5.499000e-03
2.3107179,1.069413e+00,7.298000e-03
2.3107299,1.069010e+00,4.033000e-03
2.3107418,1.065823e+00,6.712000e-03
2.3107537,1.081266e+00,5.122000e-03
2.3107657,1.087704e+00,7.429000e-03
2.3107776,1.066392e+00,7.373000e-03
2.3107895,1.083319e+00,5.987000e-03
2.3108015,1.084802e+00,6.077000e-03
2.3108134,1.095671e+00,3.382000e-03
2.3108253,1.078819e+00,7.768000e-03
2.3108373,1.087729e+00,6.992000e-03
2.3108492,1.092437e+00,6.287000e-03
2.3108611,1.083577e+00,6.096000e-03
2.3108730,1.085531e+00,5.899000e-03
2.3108850,1.083715e+00,6.711000e-03
2.3108969,1.072279e+00,6.811000e-03
2.3109088,1.076533e+00,6.423000e-03
2.3109208,1.086508e+00,7.153000e-03
2.3109327,1.092828e+00,4.816000e-03
2.3109446,1.080312e+00,7.505000e-03
2.3109566,1.077372e+00,5.190000e-03
2.3109685,1.078387e+00,5.288000e-03
2.3109804,1.068101e+00,3.692000e-03
2.3109923,1.073594e+00,7.995000e-03
2.3110043,1.073123e+00,7.897000e-03
2.3110162,1.063103e+00,5.982000e-03
2.3110281,1.052811e+00,7.010000e-03
2.3110400,1.049246e+00,7.443000e-03
2.3110520,1.059004e+00,7.645000e-03
2.3110639,1.043488e+00,9.258000e-03
2.3110758,1.039215e+00,8.764000e-03
2.3110877,1.037087e+00,7.826000e-03
2.3110997,1.034424e+00,4.958000e-03
2.3111116,1.031894e+00,4.745000e-03
2.3111235,1.022795e+00,5.613000e-03
2.3111354,1.006081e+00,8.140000e-03
2.3111474,1.007940e+00,5.594000e-03
2.3111593,9.845380e-01,1.200700e-02
2.3111712,9.696920e-01,8.579000e-03
2.3111831,9.662150e-01,5.910000e-03
2.3111950,9.573940e-01,5.937000e-03
2.3112070,9.312900e-01,4.508000e-03
2.3112189,9.192100e-01,4.761000e-03
2.3112308,8.867310e-01,7.992000e-03
2.3112427,8.606060e-01,6.868000e-03
2.3112546,8.213230e-01,5.755000e-03
2.3112666,7.957080e-01,6.823000e-03
2.3112785,7.742720e-01,6.868000e-03
2.3112904,7.526860e-01,5.786000e-03
2.3113023,7.235780e-01,6.372000e-03
2.3113142,6.925180e-01,8.026000e-03
2.3113262,6.592580e-01,8.373000e-03
2.3113381,6.445740e-01,5.946000e-03
2.3113500,6.151840e-01,6.219000e-03
2.3113619,6.038670e-01,4.786000e-03
2.3113738,6.035090e-01,7.781000e-03
2.3113857,5.721770e-01,7.177000e-03
2.3113977,5.606280e-01,5.486000e-03
2.3114096,5.668170e-01,7.049000e-03
2.3114215,5.642320e-01,4.316000e-03
2.3114334,5.463300e-01,7.027000e-03
2.3114453,5.565510e-01,7.600000e-03
2.3114572,5.630320e-01,5.832000e-03
2.3114691,5.829160e-01,8.446000e-03
2.3114811,5.748380e-01,6.179000e-03
2.3114930,5.912930e-01,6.335000e-03
2.3115049,6.080750e-01,6.429000e-03
2.3115168,6.158910e-01,7.158000e-03
2.3115287,6.324720e-01,6.247000e-03
2.3115406,6.695760e-01,5.799000e-03
2.3115525,6.880010e-01,5.962000e-03
2.3115644,7.039540e-01,6.251000e-03
2.3115763,7.207310e-01,4.838000e-03
2.3115883,7.409070e-01,6.774000e-03
2.3116002,7.667650e-01,5.571000e-03
2.3116121,7.897660e-01,6.341000e-03
2.3116240,8.160520e-01,6.411000e-03
2.3116359,8.226490e-01,6.655000e-03
2.3116478,8.381380e-01,6.087000e-03
2.3116597,8.408920e-01,5.140000e-03
2.3116716,8.519450e-01,8.313000e-03
2.3116835,8.417510e-01,5.688000e-03
2.3116954,8.529260e-01,8.183000e-03
2.3117073,8.594690e-01,5.927000e-03
2.3117192,8.535430e-01,7.065000e-03
2.3117312,8.479520e-01,6.122000e-03
2.3117431,8.633390e-01,7.004000e-03
2.3117550,8.543340e-01,2.398000e-03
2.3117669,8.638240e-01,6.984000e-03
2.3117788,8.680390e-01,4.062000e-03
2.3117907,8.810600e-01,5.611000e-03
2.3118026,8.611310e-01,7.389000e-03
2.3118145,8.662070e-01,6.437000e-03
2.3118264,8.875210e-01,8.273000e-03
2.3118383,8.803500e-01,4.907000e-03
2.3118502,8.857760e-01,5.437000e-03
2.3118621,9.057800e-01,4.544000e-03
2.3118740,9.127070e-01,8.670000e-03
2.3118859,9.229630e-01,6.062000e-03
2.3118978,9.191940e-01,5.653000e-03
2.3119097,9.208760e-01,8.858000e-03
2.3119216,9.311790e-01,1.026800e-02
2.3119335,9.507000e-01,6.520000e-03
2.3119454,9.534030e-01,5.838000e-03
2.3119573,9.553320e-01,6.440000e-03
2.3119692,9.707360e-01,6.150000e-03
2.3119811,9.877050e-01,7.239000e-03
2.3119930,9.855030e-01,7.697000e-03
2.3120049,9.990120e-01,5.308000e-03
2.3120168,1.012503e+00,6.181000e-03
2.3120287,1.017050e+00,5.620000e-03
2.3120406,1.018537e+00,5.087000e-03
2.3120525,1.040121e+00,6.507000e-03
2.3120644,1.027995e+00,7.038000e-03
2.3120763,1.048326e+00,5.643000e-03
2.3120882,1.041852e+00,6.222000e-03
2.3121001,1.037786e+00,6.669000e-03
2.3121120,1.030462e+00,8.346000e-03
2.3121238,1.045842e+00,9.165000e-03
2.3121357,1.048409e+00,6.559000e-03
2.3121476,1.052946e+00,8.115000e-03
2.3121595,1.022729e+00,7.333000e-03
2.3121714,9.818990e-01,8.822000e-03
2.3121833,9.921600e-01,9.884000e-03
2.3121952,1.028060e+00,7.895000e-03
2.3122071,1.040397e+00,8.480000e-03
2.3122190,1.035836e+00,7.783000e-03
2.3122309,1.025889e+00,6.554000e-03
2.3122428,1.036908e+00,5.974000e-03
2.3122547,1.029782e+00,4.221000e-03
2.3122666,1.024910e+00,6.201000e-03
2.3122784,1.018608e+00,4.226000e-03
2.3122903,1.022969e+00,4.591000e-03
2.3123022,1.023286e+00,9.935000e-03
2.3123141,1.015897e+00,7.111000e-03
2.3123260,1.012951e+00,6.896000e-03
2.3123379,1.009943e+00,7.665000e-03
2.3123498,9.980240e-01,6.107000e-03
2.3123617,1.008861e+00,6.052000e-03
2.3123735,9.829160e-01,5.859000e-03
2.3123854,9.788780e-01,4.385000e-03
2.3123973,9.618690e-01,6.501000e-03
2.3124092,9.514290e-01,4.684000e-03
2.3124211,9.349970e-01,6.432000e-03
2.3124330,9.288000e-01,8.307000e-03
2.3124449,8.927340e-01,3.673000e-03
2.3124567,8.619870e-01,7.003000e-03
2.3124686,8.345690e-01,5.642000e-03
2.3124805,8.107090e-01,6.707000e-03
2.3124924,7.736060e-01,4.871000e-03
2.3125043,7.562990e-01,4.921000e-03
2.3125162,7.059130e-01,4.027000e-03
2.3125280,6.963870e-01,5.692000e-03
2.3125399,6.789580e-01,7.721000e-03
2.3125518,6.568300e-01,6.769000e-03
2.3125637,6.441260e-01,5.148000e-03
2.3125756,6.250170e-01,5.602000e-03
2.3125875,5.953640e-01,4.890000e-03
2.3125993,6.002620e-01,3.961000e-03
2.3126112,5.785040e-01,8.105000e-03
2.3126231,5.705160e-01,1.017000e-02
2.3126350,5.725640e-01,4.644000e-03
2.3126469,5.613060e-01,6.723000e-03
2.3126587,5.687880e-01,7.819000e-03
2.3126706,5.666250e-01,5.085000e-03
2.3126825,5.770890e-01,5.486000e-03
2.3126944,5.884490e-01,6.210000e-03
2.3127062,5.942380e-01,5.253000e-03
2.3127181,6.127560e-01,6.290000e-03
2.3127300,6.220460e-01,5.489000e-03
2.3127419,6.509490e-01,8.169000e-03
2.3127538,6.644060e-01,5.892000e-03
2.3127656,6.910430e-01,6.335000e-03
2.3127775,7.146410e-01,6.686000e-03
2.3127894,7.369400e-01,6.487000e-03
2.3128013,7.648500e-01,6.667000e-03
2.3128131,8.099220e-01,3.241000e-03
2.3128250,8.242920e-01,5.916000e-03
2.3128369,8.532480e-01,7.220000e-03
2.3128487,8.786320e-01,6.571000e-03
2.3128606,9.073570e-01,6.955000e-03
2.3128725,9.176950e-01,4.438000e-03
2.3128844,9.400180e-01,6.811000e-03
2.3128962,9.564850e-01,6.432000e-03
2.3129081,9.761040e-01,6.089000e-03
2.3129200,9.924000e-01,5.991000e-03
2.3129318,9.892900e-01,7.532000e-03
2.3129437,9.994490e-01,6.304000e-03
2.3129556,1.015713e+00,4.983000e-03
2.3129675,1.024137e+00,3.217000e-03
2.3129793,1.044194e+00,7.645000e-03
2.3129912,1.034389e+00,1.011200e-02
2.3130031,1.042596e+00,8.413000e-03
2.3130149,1.052794e+00,5.563000e-03
2.3130268,1.066971e+00,6.283000e-03
2.3130387,1.062257e+00,5.546000e-03
2.3130505,1.072249e+00,6.324000e-03
2.3130624,1.065255e+00,4.614000e-03
2.3130743,1.077935e+00,5.641000e-03
2.3130861,1.065377e+00,4.753000e-03
2.3130980,1.072559e+00,9.470000e-03
2.3131099,1.071258e+00,6.091000e-03
2.3131217,1.077983e+00,6.894000e-03
2.3131336,1.072978e+00,4.480000e-03
2.3131455,1.067593e+00,6.560000e-03
2.3131573,1.065949e+00,7.110000e-03
2.3131692,1.050590e+00,8.755000e-03
2.3131811,1.073050e+00,5.994000e-03
2.3131929,1.061873e+00,4.203000e-03
2.3132048,1.052185e+00,6.129000e-03
2.3132166,1.040659e+00,5.861000e-03
2.3132285,1.045265e+00,4.598000e-03
2.3132404,1.049458e+00,6.075000e-03
2.3132522,1.048716e+00,4.909000e-03
2.3132641,1.046840e+00,5.953000e-03
2.3132760,1.041529e+00,6.530000e-03
2.3132878,1.035177e+00,8.928000e-03
2.3132997,1.041088e+00,8.281000e-03
2.3133115,1.037462e+00,6.377000e-03
2.3133234,1.044534e+00,5.985000e-03
2.3133352,1.052563e+00,6.434000e-03
2.3133471,1.036157e+00,7.186000e-03
2.3133590,1.044067e+00,7.701000e-03
2.3133708,1.056654e+00,8.559000e-03
2.3133827,1.037239e+00,5.182000e-03
2.3133945,1.043371e+00,3.803000e-03
2.3134064,1.045841e+00,6.563000e-03
2.3134183,1.037643e+00,8.305000e-03
2.3134301,1.041141e+00,1.222300e-02
2.3134420,1.052114e+00,6.952000e-03
2.3134538,1.047243e+00,7.394000e-03
2.3134657,1.056428e+00,7.721000e-03
2.3134775,1.067934e+00,7.045000e-03
2.3134894,1.059232e+00,5.433000e-03
2.3135012,1.058707e+00,7.153000e-03
2.3135131,1.059131e+00,5.030000e-03
2.3135249,1.048599e+00,8.066000e-03
2.3135368,1.058102e+00,7.917000e-03
2.3135487,1.050012e+00,9.140000e-03
2.3135605,1.034800e+00,1.024200e-02
2.3135724,1.023649e+00,8.577000e-03
2.3135842,1.032906e+00,7.405000e-03
2.3135961,1.024480e+00,1.177700e-02
2.3136079,1.019672e+00,3.648000e-03
2.3136198,1.024225e+00,5.196000e-03
2.3136316,1.012539e+00,8.547000e-03
2.3136435,9.968080e-01,3.214000e-03
2.3136553,9.778830e-01,8.583000e-03
2.3136672,9.571070e-01,8.309000e-03
2.3136790,9.412850e-01,9.496000e-03
2.3136909,9.338020e-01,3.983000e-03
2.3137027,8.909080e-01,7.521000e-03
2.3137146,8.698170e-01,8.465000e-03
2.3137264,8.433690e-01,4.151000e-03
2.3137382,8.044710e-01,5.271000e-03
2.3137501,7.793030e-01,6.124000e-03
2.3137619,7.618430e-01,5.640000e-03
2.3137738,7.269610e-01,6.424000e-03
2.3137856,6.970940e-01,6.149000e-03
2.3137975,6.640980e-01,8.658000e-03
2.3138093,6.511160e-01,6.484000e-03
2.3138212,6.288880e-01,6.013000e-03
2.3138330,6.169430e-01,7.054000e-03
2.3138449,6.019130e-01,7.315000e-03
2.3138567,5.783410e-01,8.182000e-03
2.3138685,5.765210e-01,7.622000e-03
2.3138804,5.787360e-01,6.962000e-03
2.3138922,5.650740e-01,7.327000e-03
2.3139041,5.625390e-01,6.017000e-03
2.3139159,5.611180e-01,5.303000e-03
2.3139278,5.699080e-01,7.052000e-03
2.3139396,5.773760e-01,4.792000e-03
2.3139514,5.869490e-01,4.363000e-03
2.3139633,5.842650e-01,5.446000e-03
2.3139751,6.084760e-01,7.342000e-03
2.3139870,6.248420e-01,4.222000e-03
2.3139988,6.392110e-01,6.085000e-03
2.3140106,6.589510e-01,4.195000e-03
2.3140225,6.826190e-01,6.340000e-03
2.3140343,7.044030e-01,7.198000e-03
2.3140462,7.412710e-01,5.046000e-03
2.3140580,7.550290e-01,7.731000e-03
2.3140698,7.872870e-01,5.099000e-03
2.3140817,8.157450e-01,4.957000e-03
2.3140935,8.307790e-01,5.507000e-03
2.3141053,8.551730e-01,5.154000e-03
2.3141172,8.750670e-01,6.703000e-03
2.3141290,8.787150e-01,4.924000e-03
2.3141408,9.074380e-01,6.006000e-03
2.3141527,9.026630e-01,6.729000e-03
2.3141645,9.169590e-01,4.905000e-03
2.3141764,9.218950e-01,7.909000e-03
2.3141882,9.382600e-01,5.511000e-03
2.3142000,9.483130e-01,4.545000e-03
2.3142119,9.578690e-01,4.371000e-03
2.3142237,9.556410e-01,7.019000e-03
2.3142355,9.757370e-01,4.406000e-03
2.3142474,9.634250e-01,8.421000e-03
2.3142592,9.754650e-01,5.656000e-03
2.3142710,9.755960e-01,6.920000e-03
2.3142828,9.818680e-01,6.772000e-03
2.3142947,9.910750e-01,6.778000e-03
2.3143065,9.871700e-01,8.067000e-03
2.3143183,9.853590e-01,6.244000e-03
2.3143302,9.902330e-01,8.530000e-03
2.3143420,9.960590e-01,8.032000e-03
2.3143538,1.024981e+00,7.213000e-03
2.3143657,1.032218e+00,1.088700e-02
2.3143775,1.030563e+00,9.057000e-03
2.3143893,1.022459e+00,5.576000e-03
2.3144011,1.040044e+00,5.281000e-03
2.3144130,1.048652e+00,5.899000e-03
2.3144248,1.057166e+00,8.024000e-03
2.3144366,1.045447e+00,7.358000e-03
2.3144484,1.049935e+00,1.166000e-02
2.3144603,1.058197e+00,7.965000e-03
2.3144721,1.079359e+00,6.844000e-03
2.3144839,1.082886e+00,5.962000e-03
2.3144957,1.091336e+00,5.193000e-03
2.3145076,1.078493e+00,6.986000e-03
2.3145194,1.083729e+00,5.424000e-03
2.3145312,1.091035e+00,6.905000e-03
2.3145430,1.091226e+00,7.683000e-03
2.3145549,1.084940e+00,9.960000e-03
2.3145667,1.077394e+00,6.057000e-03
2.3145785,1.087560e+00,6.355000e-03
2.3145903,1.080603e+00,5.447000e-03
2.3146022,1.078751e+00,5.760000e-03
2.3146140,1.092126e+00,6.039000e-03
2.3146258,1.063464e+00,1.210700e-02
2.3146376,1.072774e+00,9.517000e-03
2.3146494,1.070827e+00,7.497000e-03
2.3146613,1.051745e+00,7.966000e-03
2.3146731,1.053449e+00,6.561000e-03
2.3146849,1.031120e+00,1.106100e-02
2.3146967,1.030455e+00,1.138100e-02
2.3147085,1.015756e+00,9.083000e-03
2.3147204,9.827070e-01,4.263000e-03
2.3147322,9.708410e-01,5.031000e-03
2.3147440,9.655530e-01,8.185000e-03
2.3147558,9.512010e-01,6.165000e-03
2.3147676,9.387710e-01,6.276000e-03
2.3147794,9.251190e-01,4.223000e-03
2.3147913,9.174550e-01,3.190000e-03
2.3148031,9.022880e-01,5.330000e-03
2.3148149,8.987370e-01,8.417000e-03
2.3148267,9.031890e-01,9.600000e-03
2.3148385,8.815320e-01,5.333000e-03
2.3148503,8.730360e-01,2.909000e-03
2.3148622,8.704230e-01,4.237000e-03
2.3148740,8.633510e-01,6.813000e-03
2.3148858,8.588840e-01,5.757000e-03
2.3148976,8.529770e-01,5.538000e-03
2.3149094,8.386100e-01,4.183000e-03
2.3149212,8.158580e-01,5.159000e-03
2.3149330,8.260370e-01,7.665000e-03
2.3149448,8.116570e-01,5.835000e-03
2.3149567,7.924240e-01,3.460000e-03
2.3149685,7.768030e-01,3.947000e-03
2.3149803,7.648590e-01,8.420000e-03
2.3149921,7.526490e-01,4.946000e-03
2.3150039,7.436720e-01,4.976000e-03
2.3150157,7.286500e-01,7.767000e-03
2.3150275,7.165680e-01,5.622000e-03
2.3150393,6.970700e-01,8.505000e-03
2.3150511,6.794540e-01,5.282000e-03
2.3150629,6.690580e-01,8.185000e-03
2.3150748,6.455810e-01,5.835000e-03
2.3150866,6.087270e-01,6.415000e-03
2.3150984,6.183300e-01,8.119000e-03
2.3151102,5.911900e-01,5.844000e-03
2.3151220,5.775440e-01,5.324000e-03
2.3151338,5.693630e-01,9.110000e-03
2.3151456,5.528770e-01,7.140000e-03
2.3151574,5.425090e-01,6.202000e-03
2.3151692,5.240230e-01,6.700000e-03
2.3151810,5.254100e-01,6.789000e-03
2.3151928,5.252400e-01,4.957000e-03
2.3152046,5.340180e-01,6.882000e-03
2.3152164,5.362870e-01,6.446000e-03
2.3152282,5.365670e-01,6.168000e-03
2.3152400,5.588220e-01,7.225000e-03
2.3152518,5.639580e-01,5.282000e-03
2.3152636,5.802670e-01,6.760000e-03
2.3152754,5.929530e-01,7.127000e-03
2.3152872,6.182580e-01,5.353000e-03
2.3152990,6.266720e-01,9.490000e-03
2.3153108,6.474390e-01,6.125000e-03
2.3153226,6.582060e-01,6.439000e-03
2.3153344,6.818150e-01,9.120000e-03
2.3153462,7.166080e-01,5.068000e-03
2.3153580,7.465790e-01,7.161000e-03
2.3153698,7.719350e-01,8.624000e-03
2.3153816,7.892610e-01,7.408000e-03
2.3153934,8.168290e-01,6.289000e-03
2.3154052,8.506980e-01,8.432000e-03
2.3154170,8.506680e-01,6.120000e-03
2.3154288,8.598420e-01,8.748000e-03
2.3154406,8.821530e-01,7.908000e-03
2.3154524,8.995330e-01,6.889000e-03
2.3154642,9.072880e-01,7.384000e-03
2.3154760,9.347320e-01,6.583000e-03
2.3154878,9.394270e-01,7.459000e-03
2.3154996,9.466130e-01,6.734000e-03
2.3155114,9.703600e-01,4.319000e-03
2.3155232,9.747210e-01,8.113000e-03
2.3155350,9.798380e-01,4.723000e-03
2.3155468,9.978700e-01,7.521000e-03
2.3155586,9.912540e-01,7.740000e-03
2.3155704,1.000384e+00,6.248000e-03
2.3155822,1.013821e+00,5.384000e-03
2.3155940,1.021122e+00,6.104000e-03
2.3156058,1.031991e+00,6.118000e-03
2.3156175,1.041284e+00,5.989000e-03
2.3156293,1.039224e+00,7.365000e-03
2.3156411,1.050190e+00,7.175000e-03
2.3156529,1.064980e+00,9.008000e-03
2.3156647,1.069148e+00,6.477000e-03
2.3156765,1.074846e+00,6.958000e-03
2.3156883,1.081810e+00,8.989000e-03
2.3157001,1.099692e+00,3.354000e-03
2.3157119,1.099453e+00,5.419000e-03
2.3157237,1.096250e+00,6.126000e-03
2.3157354,1.092085e+00,5.814000e-03
2.3157472,1.095197e+00,9.801000e-03
2.3157590,1.110248e+00,7.420000e-03
2.3157708,1.101095e+00,7.862000e-03
2.3157826,1.117343e+00,9.156000e-03
2.3157944,1.099205e+00,6.486000e-03
2.3158062,1.089117e+00,6.819000e-03
2.3158180,1.097016e+00,7.296000e-03
2.3158297,1.094229e+00,7.589000e-03
2.3158415,1.092310e+00,7.679000e-03
2.3158533,1.101316e+00,6.942000e-03
2.3158651,1.091678e+00,6.596000e-03
2.3158769,1.084411e+00,5.742000e-03
2.3158887,1.097413e+00,5.411000e-03
2.3159005,1.095354e+00,9.225000e-03
2.3159122,1.079851e+00,7.874000e-03
2.3159240,1.065939e+00,7.804000e-03
2.3159358,1.070984e+00,5.674000e-03
2.3159476,1.057948e+00,5.796000e-03
2.3159594,1.054691e+00,9.150000e-03
2.3159711,1.058140e+00,6.843000e-03
2.3159829,1.060084e+00,8.154000e-03
2.3193271,5.514730e-01,1.148700e-02
2.3193387,5.449810e-01,1.011800e-02
2.3193504,5.494440e-01,7.367000e-03
2.3193620,5.545420e-01,7.753000e-03
2.3193737,5.639570e-01,7.318000e-03
2.3193853,5.626270e-01,9.174000e-03
2.3193970,5.912750e-01,7.362000e-03
2.3194086,5.934630e-01,7.512000e-03
2.3194203,5.927080e-01,8.499000e-03
2.3194319,6.194940e-01,1.025900e-02
2.3194436,6.606160e-01,7.228000e-03
2.3194552,6.792140e-01,6.789000e-03
2.3194669,7.055530e-01,7.277000e-03
2.3194785,7.425600e-01,5.574000e-03
2.3194901,7.578970e-01,9.107000e-03
2.3195018,7.844410e-01,8.502000e-03
2.3195134,8.171800e-01,9.140000e-03
2.3195251,8.492960e-01,7.983000e-03
2.3195367,8.942880e-01,1.193700e-02
2.3195484,9.302860e-01,8.681000e-03
2.3195600,9.503400e-01,1.495600e-02
2.3195716,9.410460e-01,1.628800e-02
2.3195833,9.225170e-01,1.078700e-02
2.3195949,9.721410e-01,1.520300e-02
2.3196066,9.718640e-01,1.452000e-02
2.3196182,9.382440e-01,1.023700e-02
2.3196299,9.449730e-01,8.284000e-03
2.3196415,9.698720e-01,1.091500e-02
2.3196531,9.576300e-01,7.397000e-03
2.3196648,9.554190e-01,5.308000e-03
2.3196764,9.674350e-01,9.147000e-03
2.3196880,9.689670e-01,7.247000e-03
2.3196997,9.643650e-01,6.488000e-03
2.3197113,9.907160e-01,6.222000e-03
2.3197230,9.818750e-01,7.258000e-03
2.3197346,9.865560e-01,9.222000e-03
2.3197462,9.920050e-01,5.915000e-03
2.3197579,9.930370e-01,7.427000e-03
2.3197695,9.873340e-01,9.080000e-03
2.3197811,9.922160e-01,6.281000e-03
2.3197928,1.000615e+00,8.863000e-03
2.3198044,9.969080e-01,6.259000e-03
2.3198161,9.927030e-01,8.651000e-03
2.3198277,9.915160e-01,5.289000e-03
2.3198393,1.006801e+00,8.398000e-03
2.3198510,1.034300e+00,7.441000e-03
2.3198626,1.044111e+00,1.324700e-02
2.3198742,1.056488e+00,8.822000e-03
2.3198859,1.025002e+00,6.572000e-03
2.3198975,1.026762e+00,1.286300e-02
2.3199091,1.024690e+00,1.066700e-02
2.3199208,1.040902e+00,1.026300e-02
2.3199324,1.067493e+00,9.913000e-03
2.3199440,1.050995e+00,6.569000e-03
2.3199557,1.055852e+00,8.429000e-03
2.3199673,1.051186e+00,1.118800e-02
2.3199789,1.071195e+00,6.484000e-03
2.3199905,1.065649e+00,8.734000e-03
2.3200022,1.074998e+00,7.699000e-03
2.3200138,1.065427e+00,5.350000e-03
2.3200254,1.069907e+00,6.256000e-03
2.3200371,1.071284e+00,8.099000e-03
2.3200487,1.067287e+00,7.390000e-03
2.3200603,1.063229e+00,7.650000e-03
2.3200720,1.061140e+00,7.482000e-03
2.3200836,1.056145e+00,5.563000e-03
2.3200952,1.044495e+00,7.590000e-03
2.3201068,1.058570e+00,7.371000e-03
2.3201185,1.056592e+00,7.803000e-03
2.3201301,1.047458e+00,6.633000e-03
2.3201417,1.051161e+00,7.959000e-03
2.3201533,1.041676e+00,7.035000e-03
2.3201650,1.051484e+00,5.817000e-03
2.3201766,1.060763e+00,5.504000e-03
2.3201882,1.043856e+00,8.322000e-03
2.3201998,1.022293e+00,9.274000e-03
2.3202115,1.025122e+00,7.070000e-03
2.3202231,1.057181e+00,5.904000e-03
2.3202347,1.039940e+00,7.556000e-03
2.3202463,1.046252e+00,7.078000e-03
2.3202580,1.032259e+00,5.331000e-03
2.3202696,1.036459e+00,7.061000e-03
2.3202812,1.042427e+00,8.711000e-03
2.3202928,1.020695e+00,7.678000e-03
2.3203044,1.021289e+00,6.565000e-03
2.3203161,1.023770e+00,1.008100e-02
2.3203277,1.049841e+00,7.068000e-03
2.3203393,1.024248e+00,9.499000e-03
2.3203509,9.841890e-01,1.131500e-02
2.3203626,1.004760e+00,8.578000e-03
2.3203742,1.002766e+00,7.943000e-03
2.3203858,9.915040e-01,8.534000e-03
2.3203974,9.938950e-01,7.329000e-03
2.3204090,9.932400e-01,6.152000e-03
2.3204206,9.796440e-01,7.578000e-03
2.3204323,9.617990e-01,6.296000e-03
2.3204439,9.659870e-01,8.130000e-03
2.3204555,9.709570e-01,7.005000e-03
2.3204671,9.332190e-01,6.280000e-03
2.3204787,9.324090e-01,7.648000e-03
2.3204904,9.147890e-01,8.225000e-03
2.3205020,9.163090e-01,7.812000e-03
2.3205136,9.147350e-01,5.303000e-03
2.3205252,8.949510e-01,7.145000e-03
2.3205368,8.851220e-01,9.158000e-03
2.3205484,8.505180e-01,7.705000e-03
2.3205600,8.336490e-01,5.169000e-03
2.3205717,8.166060e-01,7.752000e-03
2.3205833,7.871990e-01,8.157000e-03
2.3205949,7.685200e-01,8.137000e-03
2.3206065,7.536220e-01,8.830000e-03
2.3206181,7.234580e-01,1.003400e-02
2.3206297,6.992690e-01,6.857000e-03
2.3206413,6.726410e-01,1.243200e-02
2.3206529,6.561600e-01,5.895000e-03
2.3206646,6.220540e-01,8.260000e-03
2.3206762,5.967810e-01,7.611000e-03
2.3206878,5.939860e-01,1.161700e-02
2.3206994,5.837540e-01,8.757000e-03
2.3207110,5.315240e-01,9.738000e-03
2.3207226,5.062770e-01,9.853000e-03
2.3207342,4.916510e-01,7.726000e-03
2.3207458,4.956430e-01,1.275200e-02
2.3207574,4.983680e-01,7.016000e-03
2.3207690,4.952160e-01,9.059000e-03
2.3207807,5.080140e-01,6.895000e-03
2.3207923,4.929800e-01,6.938000e-03
2.3208039,5.097110e-01,7.766000e-03
2.3208155,5.418790e-01,6.427000e-03
2.3208271,5.384380e-01,7.174000e-03
2.3208387,5.539280e-01,5.365000e-03
2.3208503,6.002780e-01,8.867000e-03
2.3208619,6.128440e-01,7.979000e-03
2.3208735,6.099690e-01,1.113800e-02
2.3208851,6.472090e-01,8.720000e-03
2.3208967,6.715410e-01,7.722000e-03
2.3209083,6.864170e-01,9.082000e-03
2.3209199,7.110140e-01,6.389000e-03
2.3209315,7.371750e-01,8.479000e-03
2.3209431,7.698050e-01,6.962000e-03
2.3209547,8.024280e-01,4.211000e-03
2.3209663,8.310350e-01,6.716000e-03
2.3209779,8.694190e-01,6.548000e-03
2.3209896,8.917690e-01,7.429000e-03
2.3210012,9.129000e-01,4.430000e-03
2.3210128,9.350570e-01,8.258000e-03
2.3210244,9.722020e-01,9.614000e-03
2.3210360,9.790790e-01,9.345000e-03
2.3210476,9.901450e-01,8.745000e-03
2.3210592,1.001127e+00,8.801000e-03
2.3210708,9.918510e-01,8.170000e-03
2.3210824,1.007836e+00,6.323000e-03
2.3210940,1.020486e+00,7.211000e-03
2.3211056,1.036477e+00,5.000000e-03
2.3211172,1.050464e+00,7.411000e-03
2.3211288,1.057654e+00,7.709000e-03
2.3211404,1.050527e+00,1.127200e-02
2.3211520,1.066129e+00,7.589000e-03
2.3211635,1.080900e+00,6.463000e-03
2.3211751,1.072534e+00,8.759000e-03
2.3211867,1.052603e+00,4.629000e-03
2.3211983,1.062913e+00,8.615000e-03
2.3212099,1.052817e+00,5.747000e-03
2.3212215,1.064911e+00,6.503000e-03
2.3212331,1.044020e+00,5.781000e-03
2.3212447,1.043742e+00,8.724000e-03
2.3212563,1.038319e+00,5.337000e-03
2.3212679,1.041925e+00,5.223000e-03
2.3212795,1.042430e+00,1.021500e-02
2.3212911,1.049389e+00,6.071000e-03
2.3213027,1.034604e+00,7.133000e-03
2.3213143,1.031484e+00,7.757000e-03
2.3213259,1.023815e+00,5.727000e-03
2.3213375,1.022935e+00,7.828000e-03
2.3213491,1.021358e+00,6.880000e-03
2.3213607,1.018604e+00,6.851000e-03
2.3213723,1.016738e+00,6.599000e-03
2.3213838,1.016537e+00,6.986000e-03
2.3213954,1.015102e+00,8.049000e-03
2.3214070,1.020980e+00,4.851000e-03
2.3214186,1.013187e+00,1.090400e-02
2.3214302,1.006911e+00,6.799000e-03
2.3214418,1.004368e+00,4.561000e-03
2.3214534,1.025881e+00,8.239000e-03
2.3214650,1.034507e+00,1.104900e-02
2.3214766,1.010606e+00,1.046300e-02
2.3214881,1.008926e+00,8.039000e-03
2.3214997,1.054910e+00,7.767000e-03
2.3215113,1.044875e+00,6.449000e-03
2.3215229,1.035565e+00,5.730000e-03
2.3215345,1.042335e+00,5.298000e-03
2.3215461,1.050117e+00,7.020000e-03
2.3215577,1.066684e+00,6.016000e-03
2.3215693,1.068786e+00,4.980000e-03
2.3215808,1.063837e+00,5.386000e-03
2.3215924,1.092278e+00,7.561000e-03
2.3216040,1.098896e+00,6.272000e-03
2.3216156,1.099452e+00,5.753000e-03
2.3216272,1.101079e+00,8.142000e-03
2.3216388,1.091676e+00,7.292000e-03
2.3216504,1.092436e+00,5.863000e-03
2.3216619,1.078048e+00,6.675000e-03
2.3216735,1.088630e+00,5.626000e-03
2.3216851,1.107025e+00,6.626000e-03
2.3216967,1.104154e+00,4.690000e-03
2.3217083,1.109052e+00,4.555000e-03
2.3217198,1.116562e+00,5.842000e-03
2.3217314,1.104948e+00,6.434000e-03
2.3217430,1.117822e+00,5.817000e-03
2.3217546,1.111992e+00,8.275000e-03
2.3217662,1.109024e+00,7.767000e-03
2.3217778,1.107154e+00,4.340000e-03
2.3217893,1.081674e+00,1.039300e-02
2.3218009,1.086080e+00,6.781000e-03
2.3218125,1.071664e+00,6.890000e-03
2.3218241,1.074465e+00,7.111000e-03
2.3218357,1.094016e+00,9.798000e-03
2.3218472,1.086926e+00,6.920000e-03
2.3218588,1.075459e+00,9.206000e-03
2.3218704,1.063129e+00,7.009000e-03
2.3218820,1.064137e+00,6.473000e-03
2.3218935,1.046172e+00,8.178000e-03
2.3219051,1.031151e+00,8.736000e-03
2.3219167,1.043017e+00,6.048000e-03
2.3219283,1.030218e+00,1.009300e-02
2.3219398,9.828860e-01,1.364200e-02
2.3219514,9.582550e-01,7.517000e-03
2.3219630,9.104530e-01,1.351400e-02
2.3219746,9.838250e-01,1.083900e-02
2.3219861,9.775590e-01,8.852000e-03
2.3219977,9.500700e-01,7.883000e-03
2.3220093,9.310860e-01,5.538000e-03
2.3220209,9.195220e-01,7.810000e-03
2.3220324,8.909470e-01,8.848000e-03
2.3220440,8.847180e-01,9.736000e-03
2.3220556,8.509590e-01,6.867000e-03
2.3220672,8.248140e-01,7.638000e-03
2.3220787,7.938230e-01,6.161000e-03
2.3220903,7.715290e-01,8.639000e-03
2.3221019,7.558150e-01,8.193000e-03
2.3221134,7.007910e-01,5.729000e-03
2.3221250,6.761920e-01,9.005000e-03
2.3221366,6.328410e-01,7.056000e-03
2.3221482,6.379700e-01,7.649000e-03
2.3221597,6.117880e-01,8.653000e-03
2.3221713,5.864460e-01,6.274000e-03
2.3221829,5.620310e-01,8.961000e-03
2.3221944,5.392970e-01,9.735000e-03
2.3222060,5.227460e-01,9.188000e-03
2.3222176,5.233450e-01,7.710000e-03
2.3222291,5.033930e-01,5.991000e-03
2.3222407,4.947810e-01,8.440000e-03
2.3222523,4.940070e-01,8.651000e-03
2.3222638,4.967770e-01,4.912000e-03
2.3222754,4.922150e-01,7.953000e-03
2.3222870,4.900800e-01,7.107000e-03
2.3222985,5.097590e-01,7.896000e-03
2.3223101,5.176760e-01,7.866000e-03
2.3223217,5.405460e-01,9.515000e-03
2.3223332,5.597300e-01,6.415000e-03
2.3223448,5.722220e-01,7.083000e-03
2.3223564,5.955070e-01,6.001000e-03
2.3223679,6.070970e-01,4.526000e-03
2.3223795,6.374920e-01,8.276000e-03
2.3223910,6.567270e-01,4.849000e-03
2.3224026,6.782950e-01,5.382000e-03
2.3224142,7.238930e-01,7.611000e-03
2.3224257,7.374850e-01,7.913000e-03
2.3224373,7.658350e-01,6.796000e-03
2.3224489,7.980710e-01,7.744000e-03
2.3224604,8.270140e-01,8.252000e-03
2.3224720,8.515150e-01,7.858000e-03
2.3224835,8.556810e-01,6.429000e-03
2.3224951,8.869290e-01,8.427000e-03
2.3225067,9.260890e-01,6.609000e-03
2.3225182,9.575150e-01,6.140000e-03
2.3225298,9.656850e-01,7.441000e-03
2.3225413,9.733440e-01,7.376000e-03
2.3225529,9.901300e-01,6.499000e-03
2.3225644,9.760730e-01,7.097000e-03
2.3225760,9.790420e-01,4.349000e-03
2.3225876,9.742640e-01,7.205000e-03
2.3225991,1.004302e+00,5.811000e-03
2.3226107,1.019210e+00,9.219000e-03
2.3226222,1.021570e+00,7.372000e-03
2.3226338,9.933570e-01,1.042600e-02
2.3226453,9.812510e-01,8.452000e-03
2.3226569,9.696160e-01,7.860000e-03
2.3226685,9.539330e-01,7.558000e-03
2.3226800,9.526310e-01,7.536000e-03
2.3226916,9.639900e-01,9.184000e-03
2.3227031,9.405960e-01,7.413000e-03
2.3227147,9.325620e-01,4.859000e-03
2.3227262,9.142310e-01,5.609000e-03
2.3227378,9.143800e-01,8.283000e-03
2.3227493,8.844060e-01,6.527000e-03
2.3227609,8.726040e-01,5.318000e-03
2.3227724,8.683390e-01,9.927000e-03
2.3227840,8.681040e-01,9.571000e-03
2.3227955,8.634430e-01,8.262000e-03
2.3228071,8.570130e-01,4.513000e-03
2.3228186,8.276880e-01,6.308000e-03
2.3228302,8.330150e-01,5.538000e-03
2.3228417,8.318150e-01,8.559000e-03
2.3228533,8.218780e-01,6.226000e-03
2.3228648,8.210160e-01,6.237000e-03
2.3228764,8.082590e-01,7.539000e-03
2.3228879,8.290500e-01,5.157000e-03
2.3228995,8.128210e-01,6.384000e-03
2.3229110,8.287980e-01,7.738000e-03
2.3229226,8.262890e-01,4.797000e-03
2.3229341,8.347210e-01,5.989000e-03
2.3229457,8.175130e-01,4.682000e-03
2.3229572,8.419160e-01,8.147000e-03
2.3229688,8.463590e-01,5.968000e-03
2.3229803,8.584590e-01,7.116000e-03
2.3229919,8.700530e-01,5.137000e-03
2.3230034,8.691090e-01,3.864000e-03
2.3230150,8.793890e-01,5.799000e-03
2.3230265,8.946070e-01,7.001000e-03
2.3230380,8.916140e-01,7.099000e-03
2.3230496,9.139900e-01,6.519000e-03
2.3230611,9.078610e-01,5.281000e-03
2.3230727,9.118690e-01,6.236000e-03
2.3230842,9.204160e-01,6.256000e-03
2.3230958,9.191410e-01,6.204000e-03
2.3231073,9.133310e-01,6.096000e-03
2.3231189,8.973260e-01,7.214000e-03
2.3231304,9.004590e-01,6.150000e-03
2.3231419,9.013060e-01,6.513000e-03
2.3231535,8.890650e-01,6.899000e-03
2.3231650,8.644960e-01,6.425000e-03
2.3231766,8.816960e-01,9.720000e-03
2.3231881,8.715280e-01,5.792000e-03
2.3231996,8.701670e-01,7.092000e-03
2.3232112,8.594650e-01,7.038000e-03
2.3232227,8.492810e-01,7.916000e-03
2.3232343,8.331420e-01,6.762000e-03
2.3232458,8.276670e-01,7.845000e-03
2.3232573,8.145790e-01,7.463000e-03
2.3232689,8.153970e-01,9.075000e-03
2.3232804,7.913270e-01,7.138000e-03
2.3232919,8.064890e-01,5.972000e-03
2.3233035,8.036670e-01,1.012700e-02
2.3233150,8.015750e-01,7.480000e-03
2.3233266,7.958620e-01,5.234000e-03
2.3233381,7.978180e-01,7.950000e-03
2.3233496,7.789050e-01,7.678000e-03
2.3233612,7.717040e-01,4.901000e-03
2.3233727,7.839550e-01,5.747000e-03
2.3233842,7.807980e-01,4.787000e-03
2.3233958,7.794200e-01,6.234000e-03
2.3234073,7.821320e-01,6.429000e-03
2.3234188,7.786740e-01,5.543000e-03
2.3234304,7.921790e-01,4.554000e-03
2.3234419,8.062000e-01,5.564000e-03
2.3234534,8.087690e-01,7.302000e-03
2.3234650,7.974720e-01,4.585000e-03
2.3234765,8.116470e-01,5.507000e-03
2.3234880,8.232600e-01,6.778000e-03
2.3234996,8.179120e-01,6.229000e-03
2.3235111,8.278910e-01,5.214000e-03
2.3235226,8.457630e-01,5.280000e-03
2.3235342,8.453860e-01,7.107000e-03
2.3235457,8.551850e-01,7.296000e-03
2.3235572,8.442970e-01,6.808000e-03
2.3235688,8.674620e-01,4.591000e-03
2.3235803,8.501010e-01,4.839000e-03
2.3235918,8.370610e-01,5.688000e-03
2.3236033,8.273460e-01,5.235000e-03
2.3236149,8.042840e-01,1.028500e-02
2.3236264,7.956850e-01,7.012000e-03
2.3236379,7.728670e-01,9.406000e-03
2.3236495,7.553980e-01,5.977000e-03
2.3236610,7.340710e-01,6.349000e-03
2.3236725,7.058670e-01,6.304000e-03
2.3236840,6.940740e-01,4.466000e-03
2.3236956,6.613870e-01,8.421000e-03
2.3237071,6.400080e-01,6.761000e-03
2.3237186,6.256790e-01,7.958000e-03
2.3237301,5.998190e-01,4.968000e-03
2.3237417,5.877460e-01,5.599000e-03
2.3237532,5.656520e-01,5.605000e-03
2.3237647,5.399840e-01,5.987000e-03
2.3237762,5.334290e-01,7.937000e-03
2.3237878,5.405660e-01,6.257000e-03
2.3237993,5.253640e-01,9.072000e-03
2.3238108,5.181760e-01,6.406000e-03
2.3238223,5.088580e-01,5.360000e-03
2.3238338,5.084840e-01,5.371000e-03
2.3238454,5.177790e-01,6.168000e-03
2.3238569,5.178460e-01,6.791000e-03
2.3238684,5.459170e-01,7.861000e-03
2.3238799,5.612080e-01,9.709000e-03
2.3238915,5.567820e-01,9.279000e-03
2.3239030,5.634080e-01,7.260000e-03
2.3239145,5.973240e-01,6.463000e-03
2.3239260,6.271770e-01,8.477000e-03
2.3239375,6.377370e-01,5.567000e-03
2.3239490,6.596030e-01,4.824000e-03
2.3239606,6.739060e-01,8.079000e-03
2.3239721,7.094440e-01,4.918000e-03
2.3239836,7.442660e-01,9.915000e-03
2.3239951,7.470290e-01,6.717000e-03
2.3240066,7.921580e-01,5.382000e-03
2.3240182,7.908310e-01,9.618000e-03
2.3240297,8.160060e-01,7.403000e-03
2.3240412,8.159960e-01,6.020000e-03
2.3240527,8.313620e-01,7.219000e-03
2.3240642,8.444210e-01,7.701000e-03
2.3240757,8.445030e-01,6.913000e-03
2.3240873,8.350340e-01,8.577000e-03
2.3240988,8.507530e-01,8.025000e-03
2.3241103,8.358820e-01,6.310000e-03
2.3241218,8.469080e-01,5.559000e-03
2.3241333,8.492610e-01,6.752000e-03
2.3241448,8.625230e-01,7.221000e-03
2.3241563,8.397210e-01,6.894000e-03
2.3241678,8.631080e-01,5.243000e-03
2.3241794,8.477520e-01,6.957000e-03
2.3241909,8.528070e-01,6.150000e-03
2.3242024,8.670200e-01,7.451000e-03
2.3242139,8.710090e-01,4.914000e-03
2.3242254,8.722340e-01,6.195000e-03
2.3242369,8.867410e-01,5.872000e-03
2.3242484,8.896960e-01,7.645000e-03
2.3242599,8.739440e-01,6.445000e-03
2.3242714,8.820450e-01,7.471000e-03
2.3242830,8.779130e-01,5.051000e-03
2.3242945,8.919300e-01,4.160000e-03
2.3243060,9.008730e-01,5.843000e-03
2.3243175,8.958770e-01,6.007000e-03
2.3243290,9.072150e-01,6.643000e-03
2.3243405,8.995730e-01,8.256000e-03
2.3243520,9.275490e-01,6.164000e-03
2.3243635,9.307010e-01,4.862000e-03
2.3243750,9.424630e-01,7.061000e-03
2.3243865,9.470420e-01,6.940000e-03
2.3243980,9.626600e-01,5.662000e-03
2.3244095,9.672510e-01,7.159000e-03
2.3244210,9.794660e-01,5.897000e-03
2.3244325,9.855130e-01,7.459000e-03
2.3244441,9.998490e-01,8.529000e-03
2.3244556,9.903190e-01,4.158000e-03
2.3244671,9.885570e-01,4.867000e-03
2.3244786,9.925720e-01,6.479000e-03
2.3244901,9.839920e-01,8.271000e-03
2.3245016,9.825820e-01,5.396000e-03
2.3245131,9.701220e-01,5.363000e-03
2.3245246,9.844290e-01,7.732000e-03
2.3245361,9.765090e-01,8.277000e-03
2.3245476,9.841960e-01,6.361000e-03
2.3245591,9.730580e-01,4.635000e-03
2.3245706,9.743530e-01,4.056000e-03
2.3245821,9.820250e-01,5.025000e-03
2.3245936,9.823480e-01,5.304000e-03
2.3246051,9.878320e-01,9.246000e-03
2.3246166,9.674000e-01,4.995000e-03
2.3246281,9.884110e-01,6.937000e-03
2.3246396,9.894030e-01,5.811000e-03
2.3246511,9.826210e-01,7.989000e-03
2.3246626,9.897110e-01,9.457000e-03
2.3246741,9.946470e-01,8.975000e-03
2.3246856,9.977520e-01,6.749000e-03
2.3246971,1.002433e+00,4.708000e-03
2.3247086,9.966940e-01,5.639000e-03
2.3247201,1.000972e+00,5.797000e-03
2.3247316,1.005489e+00,4.804000e-03
2.3247431,1.011920e+00,6.969000e-03
2.3247546,1.008883e+00,5.908000e-03
2.3247661,1.021210e+00,5.372000e-03
2.3247776,1.004969e+00,6.962000e-03
2.3247891,1.014608e+00,5.092000e-03
2.3248005,1.017890e+00,6.919000e-03
2.3248120,9.941260e-01,4.777000e-03
2.3248235,1.002428e+00,7.427000e-03
2.3248350,9.946310e-01,5.502000e-03
2.3248465,9.885060e-01,6.270000e-03
2.3248580,9.819150e-01,6.140000e-03
2.3248695,9.561530e-01,7.290000e-03
2.3248810,9.593120e-01,8.588000e-03
2.3248925,9.634490e-01,1.062800e-02
2.3249040,9.559920e-01,5.954000e-03
2.3249155,9.524700e-01,5.888000e-03
2.3249270,9.368920e-01,4.587000e-03
2.3249385,9.361940e-01,5.341000e-03
2.3249499,9.353720e-01,6.777000e-03
2.3249614,9.293970e-01,8.597000e-03
2.3249729,9.176000e-01,6.062000e-03
2.3249844,9.196390e-01,5.923000e-03
2.3249959,9.152640e-01,6.156000e-03
2.3250074,9.242340e-01,5.877000e-03
2.3250189,9.186440e-01,5.395000e-03
2.3250304,9.182610e-01,7.427000e-03
2.3250419,9.136320e-01,5.097000e-03
2.3250533,9.063650e-01,5.756000e-03
2.3250648,8.993120e-01,7.009000e-03
2.3250763,9.021280e-01,6.147000e-03
2.3250878,9.179440e-01,5.731000e-03
2.3250993,9.060930e-01,6.998000e-03
2.3251108,9.131150e-01,5.692000e-03
2.3251223,9.037630e-01,7.211000e-03
2.3251338,8.854950e-01,6.575000e-03
2.3251452,8.932510e-01,8.252000e-03
2.3251567,8.797900e-01,6.744000e-03
2.3251682,8.984630e-01,9.136000e-03
2.3251797,8.527420e-01,5.704000e-03
2.3251912,8.550140e-01,6.357000e-03
2.3252027,8.280250e-01,9.077000e-03
2.3252141,8.242390e-01,5.170000e-03
2.3252256,8.029830e-01,4.509000e-03
2.3252371,7.621090e-01,6.510000e-03
2.3252486,7.463950e-01,6.518000e-03
2.3252601,7.155380e-01,6.805000e-03
2.3252716,6.765340e-01,6.806000e-03
2.3252830,6.719910e-01,5.955000e-03
2.3252945,6.314800e-01,6.667000e-03
2.3253060,6.148110e-01,6.873000e-03
2.3253175,5.940450e-01,8.540000e-03
2.3253290,5.788240e-01,7.383000e-03
2.3253404,5.639150e-01,7.040000e-03
2.3253519,5.543080e-01,5.186000e-03
2.3253634,5.471000e-01,8.479000e-03
2.3253749,5.487250e-01,1.246100e-02
2.3253863,5.418690e-01,8.829000e-03
2.3253978,5.622180e-01,9.006000e-03
2.3254093,5.743970e-01,6.864000e-03
2.3254208,5.408520e-01,7.362000e-03
2.3254323,5.482650e-01,6.450000e-03
2.3254437,5.488790e-01,5.253000e-03
2.3254552,5.620190e-01,4.755000e-03
2.3254667,5.716260e-01,9.676000e-03
2.3254782,6.082310e-01,4.939000e-03
2.3254896,6.131290e-01,4.302000e-03
2.3255011,6.263860e-01,5.732000e-03
2.3255126,6.437830e-01,5.667000e-03
2.3255241,6.731200e-01,7.622000e-03
2.3255355,6.908020e-01,8.069000e-03
2.3255470,7.148820e-01,9.856000e-03
2.3255585,7.406720e-01,7.923000e-03
2.3255700,8.154860e-01,3.858000e-03
2.3255814,8.537400e-01,6.250000e-03
2.3255929,8.579920e-01,5.845000e-03
2.3256044,8.773670e-01,6.109000e-03
2.3256158,8.844010e-01,7.986000e-03
2.3256273,9.103920e-01,7.416000e-03
2.3256388,9.462130e-01,5.088000e-03
2.3256503,9.426390e-01,8.789000e-03
2.3256617,9.500400e-01,6.486000e-03
2.3256732,9.703970e-01,9.435000e-03
2.3256847,9.572820e-01,6.793000e-03
2.3256961,9.664470e-01,6.700000e-03
2.3257076,9.840150e-01,9.228000e-03
2.3257191,1.027525e+00,8.390000e-03
2.3257305,1.015175e+00,7.564000e-03
2.3257420,9.902770e-01,8.133000e-03
2.3257535,1.001112e+00,4.773000e-03
2.3257649,9.961970e-01,4.362000e-03
2.3257764,9.824310e-01,6.173000e-03
2.3257879,9.813490e-01,6.044000e-03
2.3257993,9.765470e-01,4.757000e-03
2.3258108,9.669960e-01,4.414000e-03
2.3258223,9.786990e-01,4.392000e-03
2.3258337,9.649420e-01,7.560000e-03
2.3258452,9.663360e-01,6.670000e-03
2.3258567,9.663390e-01,6.158000e-03
2.3258681,9.708490e-01,4.855000e-03
2.3258796,9.523180e-01,6.033000e-03
2.3258911,9.525420e-01,6.485000e-03
2.3259025,9.614430e-01,6.574000e-03
2.3259140,9.520990e-01,6.289000e-03
2.3259255,9.548090e-01,5.187000e-03
2.3259369,9.609570e-01,5.602000e-03
2.3259484,9.553120e-01,7.033000e-03
2.3259598,9.530850e-01,7.039000e-03
2.3259713,9.573880e-01,8.106000e-03
2.3259828,9.636360e-01,9.088000e-03
2.3259942,9.603340e-01,5.631000e-03
2.3260057,9.569960e-01,4.644000e-03
2.3260171,9.760540e-01,6.485000e-03
2.3260286,9.784150e-01,6.273000e-03
2.3260401,9.890030e-01,5.063000e-03
2.3260515,9.937740e-01,4.728000e-03
2.3260630,1.000115e+00,5.249000e-03
2.3260744,1.001098e+00,5.938000e-03
2.3260859,1.024536e+00,4.137000e-03
2.3260974,1.031693e+00,6.194000e-03
2.3261088,1.041450e+00,6.643000e-03
2.3261203,1.044849e+00,6.753000e-03
2.3261317,1.061567e+00,6.929000e-03
2.3261432,1.084622e+00,7.791000e-03
2.3261546,1.058198e+00,8.148000e-03
2.3261661,1.090613e+00,4.617000e-03
2.3261776,1.082372e+00,7.471000e-03
2.3261890,1.084778e+00,6.193000e-03
2.3262005,1.074869e+00,6.320000e-03
2.3262119,1.082704e+00,2.465000e-03
2.3262234,1.079150e+00,7.867000e-03
2.3262348,1.088234e+00,6.164000e-03
2.3262463,1.076592e+00,6.275000e-03
2.3262577,1.068805e+00,4.492000e-03
2.3262692,1.076452e+00,8.385000e-03
2.3262806,1.054573e+00,7.366000e-03
2.3262921,1.050751e+00,2.947000e-03
2.3263035,1.049387e+00,7.257000e-03
2.3263150,1.029167e+00,6.134000e-03
2.3263264,1.011670e+00,3.685000e-03
2.3263379,1.014775e+00,7.732000e-03
2.3263493,1.001480e+00,6.570000e-03
2.3263608,9.860750e-01,7.286000e-03
2.3263722,9.790180e-01,5.352000e-03
2.3263837,9.541710e-01,6.229000e-03
2.3263951,9.556830e-01,9.410000e-03
2.3264066,9.772800e-01,4.637000e-03
2.3264180,9.688620e-01,5.189000e-03
2.3264295,9.445300e-01,7.285000e-03
2.3264409,9.633680e-01,7.125000e-03
2.3264524,9.666620e-01,7.713000e-03
2.3264638,9.595890e-01,6.467000e-03
2.3264753,9.452700e-01,7.837000e-03
2.3264867,9.553750e-01,6.845000e-03
2.3264982,9.533010e-01,4.875000e-03
2.3265096,9.417290e-01,4.095000e-03
2.3265211,9.429160e-01,4.445000e-03
2.3265325,9.496250e-01,6.699000e-03
2.3265440,9.490020e-01,6.012000e-03
2.3265554,9.628550e-01,6.506000e-03
2.3265668,9.668750e-01,5.421000e-03
2.3265783,9.891910e-01,6.342000e-03
2.3265897,9.761700e-01,6.285000e-03
2.3266012,9.889070e-01,1.137100e-02
2.3266126,9.946900e-01,5.180000e-03
2.3266241,9.913740e-01,7.857000e-03
2.3266355,1.011021e+00,7.287000e-03
2.3266470,1.012361e+00,5.745000e-03
2.3266584,1.014369e+00,4.439000e-03
2.3266698,1.016171e+00,6.370000e-03
2.3266813,1.019296e+00,4.772000e-03
2.3266927,1.016901e+00,7.654000e-03
2.3267042,1.022524e+00,6.113000e-03
2.3267156,1.015748e+00,5.023000e-03
2.3267270,1.000382e+00,6.171000e-03
2.3267385,9.939670e-01,6.723000e-03
2.3267499,9.821250e-01,5.255000e-03
2.3267614,9.711820e-01,6.235000e-03
2.3267728,9.525410e-01,7.116000e-03
2.3267842,9.454650e-01,6.676000e-03
2.3267957,9.240930e-01,4.783000e-03
2.3268071,9.167990e-01,5.116000e-03
2.3268185,8.998130e-01,6.754000e-03
2.3268300,8.672580e-01,5.730000e-03
2.3268414,8.429290e-01,6.168000e-03
2.3268529,8.012590e-01,6.671000e-03
2.3268643,7.620340e-01,5.814000e-03
2.3268757,7.344350e-01,6.370000e-03
2.3268872,7.103760e-01,1.067000e-02
2.3268986,6.759990e-01,7.594000e-03
2.3269100,6.530750e-01,5.249000e-03
2.3269215,6.289260e-01,6.593000e-03
2.3269329,6.086980e-01,5.034000e-03
2.3269443,5.849430e-01,4.171000e-03
2.3269558,5.913390e-01,6.038000e-03
2.3269672,5.740470e-01,4.956000e-03
2.3269786,5.609460e-01,6.972000e-03
2.3269901,5.452820e-01,6.812000e-03
2.3270015,5.607250e-01,5.670000e-03
2.3270129,5.630500e-01,6.481000e-03
2.3270244,5.494640e-01,7.827000e-03
2.3270358,5.644050e-01,6.410000e-03
2.3270472,5.517130e-01,7.678000e-03
2.3270587,5.573950e-01,6.283000e-03
2.3270701,5.788010e-01,6.164000e-03
2.3270815,5.929560e-01,7.505000e-03
2.3270929,6.052730e-01,3.608000e-03
2.3271044,6.140000e-01,8.971000e-03
2.3271158,6.391510e-01,6.508000e-03
2.3271272,6.578930e-01,6.027000e-03
2.3271387,6.838310e-01,4.774000e-03
2.3271501,7.059180e-01,4.776000e-03
2.3271615,7.329580e-01,4.584000e-03
2.3271729,7.572270e-01,5.570000e-03
2.3271844,7.753980e-01,5.621000e-03
2.3271958,8.044220e-01,6.147000e-03
2.3272072,8.278130e-01,6.004000e-03
2.3272187,8.621150e-01,8.778000e-03
2.3272301,8.621570e-01,3.780000e-03
2.3272415,8.822510e-01,5.785000e-03
2.3272529,9.183970e-01,5.421000e-03
2.3272644,9.222370e-01,5.206000e-03
2.3272758,9.417770e-01,7.068000e-03
2.3272872,9.485730e-01,5.776000e-03
2.3272986,9.481870e-01,5.225000e-03
2.3273100,9.718240e-01,6.758000e-03
2.3273215,9.854620e-01,6.755000e-03
2.3273329,9.845940e-01,6.006000e-03
2.3273443,9.990920e-01,8.015000e-03
2.3273557,1.008127e+00,8.534000e-03
2.3273672,1.007650e+00,8.101000e-03
2.3273786,1.013270e+00,7.055000e-03
2.3273900,1.006112e+00,5.846000e-03
2.3274014,1.010254e+00,3.540000e-03
2.3274128,1.008553e+00,4.994000e-03
2.3274243,1.002173e+00,5.624000e-03
2.3274357,1.010329e+00,6.772000e-03
2.3274471,1.000298e+00,4.387000e-03
2.3274585,1.001322e+00,6.247000e-03
2.3274699,1.000892e+00,7.450000e-03
2.3274814,9.760770e-01,5.382000e-03
2.3274928,9.777520e-01,6.510000e-03
2.3275042,9.754440e-01,3.865000e-03
2.3275156,9.786670e-01,6.065000e-03
2.3275270,9.610530e-01,7.301000e-03
2.3275384,9.687380e-01,3.583000e-03
2.3275499,9.507010e-01,7.315000e-03
2.3275613,9.571590e-01,6.720000e-03
2.3275727,9.570110e-01,7.802000e-03
2.3275841,9.560710e-01,5.735000e-03
2.3275955,9.527630e-01,5.678000e-03
2.3276069,9.618760e-01,6.389000e-03
2.3276184,9.603580e-01,5.870000e-03
2.3276298,9.595770e-01,6.626000e-03
2.3276412,9.700850e-01,6.100000e-03
2.3276526,9.608150e-01,5.978000e-03
2.3276640,9.491630e-01,6.124000e-03
2.3276754,9.578410e-01,7.340000e-03
2.3276868,9.707880e-01,6.030000e-03
2.3276982,9.720450e-01,6.951000e-03
2.3277097,9.707090e-01,5.788000e-03
2.3277211,9.646230e-01,6.846000e-03
2.3277325,9.879220e-01,4.622000e-03
2.3277439,9.890950e-01,4.756000e-03
2.3277553,9.955310e-01,6.935000e-03
2.3277667,1.003050e+00,6.898000e-03
2.3277781,1.026476e+00,4.368000e-03
2.3277895,1.030383e+00,7.365000e-03
2.3278009,1.049070e+00,6.325000e-03
2.3278124,1.047404e+00,6.298000e-03
2.3278238,1.059418e+00,7.112000e-03
2.3278352,1.070802e+00,6.271000e-03
2.3278466,1.066652e+00,6.245000e-03
2.3278580,1.063260e+00,6.197000e-03
2.3278694,1.054953e+00,6.490000e-03
2.3278808,1.055965e+00,5.706000e-03
2.3278922,1.037467e+00,5.188000e-03
2.3279036,1.047433e+00,6.071000e-03
2.3279150,1.027873e+00,6.821000e-03
2.3279264,1.016835e+00,5.135000e-03
2.3279378,1.008955e+00,5.480000e-03
2.3279492,9.902340e-01,3.760000e-03
2.3279606,9.793670e-01,8.027000e-03
2.3279720,9.744490e-01,3.634000e-03
2.3279834,9.422960e-01,5.153000e-03
2.3279948,9.364480e-01,7.237000e-03
2.3280063,9.275530e-01,6.776000e-03
2.3280177,9.176830e-01,5.476000e-03
2.3280291,9.031200e-01,5.846000e-03
2.3280405,8.955100e-01,4.048000e-03
2.3280519,8.987750e-01,5.715000e-03
2.3280633,8.792640e-01,6.118000e-03
2.3280747,8.618300e-01,4.672000e-03
2.3280861,8.673740e-01,6.905000e-03
2.3280975,8.499410e-01,6.296000e-03
2.3281089,8.318340e-01,5.690000e-03
2.3281203,8.251200e-01,5.137000e-03
2.3281317,8.186090e-01,4.245000e-03
2.3281431,8.039410e-01,7.919000e-03
2.3281545,7.960130e-01,7.425000e-03
2.3281659,7.940760e-01,5.386000e-03
2.3281773,7.918450e-01,5.483000e-03
2.3281887,7.938280e-01,4.122000e-03
2.3282001,8.007090e-01,4.826000e-03
2.3282115,8.102100e-01,6.600000e-03
2.3282229,8.107880e-01,3.600000e-03
2.3282343,8.183730e-01,6.600000e-03
2.3282457,8.337510e-01,4.067000e-03
2.3282570,8.305830e-01,7.211000e-03
2.3282684,8.348810e-01,9.250000e-03
2.3282798,8.395290e-01,7.416000e-03
2.3282912,8.432410e-01,4.584000e-03
2.3283026,8.595090e-01,7.652000e-03
2.3283140,8.640510e-01,3.874000e-03
2.3283254,8.604900e-01,6.201000e-03
2.3283368,8.628990e-01,7.847000e-03
2.3283482,8.793600e-01,5.033000e-03
2.3283596,8.752940e-01,5.136000e-03
2.3283710,8.951510e-01,5.487000e-03
2.3283824,8.850300e-01,5.658000e-03
2.3283938,8.778290e-01,5.580000e-03
2.3284052,8.730200e-01,7.016000e-03
2.3284166,8.860740e-01,4.347000e-03
2.3284280,8.681100e-01,4.584000e-03
2.3284393,8.774880e-01,3.749000e-03
2.3284507,8.746320e-01,6.597000e-03
2.3284621,8.765580e-01,8.287000e-03
2.3284735,8.763370e-01,8.574000e-03
2.3284849,8.741230e-01,7.476000e-03
2.3284963,8.729790e-01,1.627700e-02
2.3285077,9.321240e-01,1.560800e-02
2.3285191,9.364180e-01,2.451700e-02
2.3285305,9.979990e-01,4.513800e-02
2.3285418,9.646480e-01,3.616000e-02
2.3285532,8.196970e-01,2.089600e-02
2.3285646,7.410920e-01,1.585700e-02
2.3285760,6.998270e-01,1.384600e-02
2.3285874,6.790500e-01,1.044000e-02
2.3285988,6.047880e-01,7.804000e-03
2.3286102,5.966890e-01,8.604000e-03
2.3286216,5.732670e-01,5.309000e-03
2.3286329,5.675980e-01,4.465000e-03
2.3286443,5.447570e-01,6.653000e-03
2.3286557,5.333260e-01,5.423000e-03
2.3286671,5.285900e-01,5.501000e-03
2.3286785,5.220470e-01,6.249000e-03
2.3286899,5.260520e-01,7.015000e-03
2.3287012,5.246100e-01,5.730000e-03
2.3287126,5.129610e-01,6.270000e-03
2.3287240,5.357580e-01,4.649000e-03
2.3287354,5.311920e-01,6.961000e-03
2.3287468,5.459210e-01,4.952000e-03
2.3287582,5.613220e-01,5.572000e-03
2.3287695,5.696720e-01,5.312000e-03
2.3287809,5.712050e-01,5.316000e-03
2.3287923,5.895150e-01,6.494000e-03
2.3288037,6.037850e-01,5.402000e-03
2.3288151,6.217540e-01,4.576000e-03
2.3288264,6.319720e-01,6.511000e-03
2.3288378,6.497710e-01,7.659000e-03
2.3288492,6.499990e-01,5.580000e-03
2.3288606,6.671280e-01,4.698000e-03
2.3288720,6.926150e-01,1.030200e-02
2.3288833,7.092470e-01,4.782000e-03
2.3288947,7.260620e-01,4.719000e-03
2.3289061,7.472330e-01,5.317000e-03
2.3289175,7.651930e-01,6.964000e-03
2.3289288,7.782760e-01,6.328000e-03
2.3289402,7.925530e-01,4.941000e-03
2.3289516,7.923660e-01,4.948000e-03
2.3289630,8.216980e-01,6.188000e-03
2.3289744,8.223740e-01,9.389000e-03
2.3289857,8.451130e-01,5.024000e-03
2.3289971,8.465330e-01,6.240000e-03
2.3290085,8.552740e-01,5.809000e-03
2.3290199,8.726580e-01,7.335000e-03
2.3290312,8.972030e-01,6.816000e-03
2.3290426,8.950180e-01,9.432000e-03
2.3290540,8.879310e-01,7.926000e-03
2.3290653,8.879680e-01,6.217000e-03
2.3290767,9.237280e-01,6.033000e-03
2.3290881,9.409000e-01,5.739000e-03
2.3290995,9.357400e-01,7.254000e-03
2.3291108,9.626120e-01,8.207000e-03
2.3291222,9.832900e-01,5.532000e-03
2.3291336,9.915510e-01,6.343000e-03
2.3291450,1.003814e+00,5.066000e-03
2.3291563,1.012867e+00,6.981000e-03
2.3291677,1.020610e+00,8.654000e-03
2.3291791,1.025940e+00,6.166000e-03
2.3291904,1.050681e+00,4.802000e-03
2.3292018,1.055634e+00,5.447000e-03
2.3292132,1.049963e+00,5.895000e-03
2.3292245,1.060326e+00,4.737000e-03
2.3292359,1.041837e+00,6.829000e-03
2.3292473,1.050168e+00,7.503000e-03
2.3292586,1.027945e+00,7.367000e-03
2.3292700,1.044160e+00,5.707000e-03
2.3292814,1.033776e+00,6.496000e-03
2.3292927,1.028981e+00,5.272000e-03
2.3293041,1.036010e+00,7.739000e-03
2.3293155,1.022322e+00,6.888000e-03
2.3293268,1.010658e+00,7.363000e-03
2.3293382,1.007292e+00,6.730000e-03
2.3293496,9.979150e-01,7.725000e-03
2.3293609,1.012640e+00,7.607000e-03
2.3293723,1.011834e+00,5.645000e-03
2.3293837,1.008618e+00,6.073000e-03
2.3293950,1.012347e+00,6.551000e-03
2.3294064,9.919980e-01,5.042000e-03
2.3294178,9.949500e-01,4.836000e-03
2.3294291,1.003917e+00,7.131000e-03
2.3294405,1.003348e+00,5.194000e-03
2.3294518,1.000614e+00,6.766000e-03
2.3294632,1.008520e+00,6.091000e-03
2.3294746,1.009007e+00,6.407000e-03
2.3294859,1.010012e+00,7.967000e-03
2.3294973,1.004473e+00,7.103000e-03
2.3295086,9.882630e-01,9.573000e-03
2.3295200,9.811930e-01,6.307000e-03
2.3295314,9.808170e-01,5.532000e-03
2.3295427,9.692070e-01,5.354000e-03
2.3295541,9.564540e-01,5.741000e-03
2.3295654,9.574650e-01,6.395000e-03
2.3295768,9.345110e-01,5.846000e-03
2.3295882,9.351150e-01,6.936000e-03
2.3295995,9.389760e-01,4.558000e-03
2.3296109,9.458880e-01,5.166000e-03
2.3296222,9.274880e-01,8.509000e-03
2.3296336,9.188170e-01,7.201000e-03
2.3296449,9.148420e-01,5.323000e-03
2.3296563,9.229660e-01,5.680000e-03
2.3296677,9.158150e-01,4.987000e-03
2.3296790,9.123580e-01,5.521000e-03
2.3296904,9.116290e-01,3.641000e-03
2.3297017,9.118690e-01,8.380000e-03
2.3297131,9.110180e-01,6.002000e-03
2.3297244,9.250090e-01,5.676000e-03
2.3297358,9.315480e-01,5.973000e-03
2.3297471,9.336890e-01,4.687000e-03
2.3297585,9.324150e-01,7.025000e-03
2.3297698,9.386480e-01,6.165000e-03
2.3297812,9.412030e-01,6.625000e-03
2.3297925,9.575530e-01,6.522000e-03
2.3298039,9.697610e-01,3.621000e-03
2.3298153,9.650840e-01,6.835000e-03
2.3298266,9.750310e-01,7.930000e-03
2.3298380,9.853040e-01,5.032000e-03
2.3298493,9.974580e-01,5.203000e-03
2.3298607,1.000616e+00,5.243000e-03
2.3298720,1.020445e+00,7.306000e-03
2.3298834,1.034035e+00,7.249000e-03
2.3298947,1.035609e+00,8.084000e-03
2.3299061,1.037637e+00,8.077000e-03
2.3299174,1.046512e+00,5.983000e-03
2.3299287,1.054782e+00,5.440000e-03
2.3299401,1.067543e+00,4.137000e-03
2.3299514,1.076569e+00,4.648000e-03
2.3299628,1.082813e+00,6.420000e-03
2.3299741,1.074731e+00,7.325000e-03
2.3299855,1.067962e+00,9.048000e-03
2.3299968,1.072466e+00,6.186000e-03
2.3300082,1.063841e+00,5.156000e-03
2.3300195,1.060665e+00,5.525000e-03
2.3300309,1.045472e+00,5.739000e-03
2.3300422,1.041158e+00,5.539000e-03
2.3300536,1.037244e+00,9.174000e-03
2.3300649,1.033783e+00,5.207000e-03
2.3300762,1.023783e+00,6.427000e-03
2.3300876,1.009989e+00,5.949000e-03
2.3300989,1.000917e+00,7.537000e-03
2.3301103,9.880610e-01,5.119000e-03
2.3301216,9.798650e-01,5.562000e-03
2.3301330,9.585030e-01,5.966000e-03
2.3301443,9.584310e-01,7.232000e-03
2.3301556,9.351740e-01,6.080000e-03
2.3301670,9.145690e-01,6.168000e-03
2.3301783,8.986370e-01,7.541000e-03
2.3301897,8.765680e-01,6.700000e-03
2.3302010,8.583830e-01,5.985000e-03
2.3302124,8.185760e-01,5.878000e-03
2.3302237,7.904610e-01,4.991000e-03
2.3302350,7.503280e-01,3.310000e-03
2.3302464,7.377860e-01,6.502000e-03
2.3302577,7.072580e-01,7.668000e-03
2.3302690,6.788130e-01,8.107000e-03
2.3302804,6.432640e-01,6.537000e-03
2.3302917,6.330860e-01,8.047000e-03
2.3303031,5.830760e-01,8.134000e-03
2.3303144,5.776280e-01,6.702000e-03
2.3303257,5.733690e-01,9.130000e-03
2.3303371,5.441000e-01,5.087000e-03
2.3303484,5.266800e-01,7.897000e-03
2.3303597,5.131920e-01,6.223000e-03
2.3303711,5.165330e-01,4.815000e-03
2.3303824,5.159340e-01,6.369000e-03
2.3303937,4.999310e-01,4.334000e-03
2.3304051,5.074010e-01,5.804000e-03
2.3304164,5.169980e-01,7.156000e-03
2.3304278,5.204130e-01,7.107000e-03
2.3304391,5.392640e-01,9.045000e-03
2.3304504,5.442570e-01,7.146000e-03
2.3304618,5.522870e-01,5.429000e-03
2.3304731,5.513700e-01,7.662000e-03
2.3304844,5.966210e-01,5.483000e-03
2.3304957,6.108880e-01,6.446000e-03
2.3305071,6.186190e-01,6.300000e-03
2.3305184,6.462790e-01,7.398000e-03
2.3305297,6.648680e-01,6.401000e-03
2.3305411,6.860770e-01,8.533000e-03
2.3305524,6.992010e-01,7.709000e-03
2.3305637,7.136520e-01,5.242000e-03
2.3305751,7.401150e-01,6.543000e-03
2.3305864,7.584450e-01,7.303000e-03
2.3305977,7.594630e-01,6.869000e-03
2.3306091,7.701730e-01,9.447000e-03
2.3306204,7.802590e-01,6.284000e-03
2.3306317,7.870470e-01,7.160000e-03
2.3306430,7.739970e-01,4.116000e-03
2.3306544,7.877710e-01,5.756000e-03
2.3306657,7.921500e-01,7.657000e-03
2.3306770,7.985550e-01,9.044000e-03
2.3306883,7.946460e-01,7.658000e-03
2.3306997,8.113850e-01,7.564000e-03
2.3307110,7.929480e-01,5.531000e-03
2.3307223,8.010990e-01,7.746000e-03
2.3307336,7.970520e-01,7.198000e-03
2.3307450,8.087050e-01,5.798000e-03
2.3307563,8.104330e-01,7.786000e-03
2.3307676,8.007700e-01,5.472000e-03
2.3307789,7.917520e-01,8.491000e-03
2.3307903,7.982610e-01,4.277000e-03
2.3308016,7.893160e-01,6.312000e-03
2.3308129,7.957190e-01,5.963000e-03
2.3308242,8.149660e-01,5.211000e-03
2.3308356,8.305540e-01,5.436000e-03
2.3308469,8.464780e-01,1.028200e-02
2.3308582,8.703690e-01,9.559000e-03
2.3308695,8.575080e-01,1.137500e-02
2.3308808,8.230250e-01,1.261800e-02
2.3308922,8.068730e-01,1.428100e-02
2.3309035,8.435260e-01,1.094300e-02
2.3309148,8.628180e-01,7.105000e-03
2.3309261,8.747410e-01,1.334500e-02
2.3309374,8.845260e-01,8.337000e-03
2.3309488,8.956160e-01,7.516000e-03
2.3309601,9.023930e-01,8.059000e-03
2.3309714,9.114600e-01,6.754000e-03
2.3309827,9.397110e-01,5.611000e-03
2.3309940,9.581680e-01,8.736000e-03
2.3310054,9.543620e-01,7.587000e-03
2.3341517,8.794340e-01,6.404000e-03
2.3341629,8.852570e-01,7.162000e-03
2.3341741,9.171980e-01,6.091000e-03
2.3341853,9.048560e-01,5.287000e-03
2.3341965,9.226660e-01,3.480000e-03
2.3342077,9.139750e-01,7.548000e-03
2.3342189,9.255370e-01,5.287000e-03
2.3342301,9.328670e-01,4.628000e-03
2.3342413,9.398370e-01,4.504000e-03
2.3342525,9.306530e-01,6.233000e-03
2.3342637,9.439460e-01,6.546000e-03
2.3342749,9.395900e-01,8.034000e-03
2.3342861,9.387360e-01,6.656000e-03
2.3342973,9.516900e-01,6.394000e-03
2.3343084,9.578850e-01,4.926000e-03
2.3343196,9.439090e-01,4.189000e-03
2.3343308,9.496090e-01,8.157000e-03
2.3343420,9.413400e-01,9.811000e-03
2.3343532,9.385780e-01,8.630000e-03
2.3343644,9.485070e-01,6.428000e-03
2.3343756,9.560570e-01,5.035000e-03
2.3343868,9.443800e-01,8.436000e-03
2.3343980,9.527270e-01,6.129000e-03
2.3344091,9.483380e-01,4.931000e-03
2.3344203,9.377750e-01,5.057000e-03
2.3344315,9.373650e-01,3.633000e-03
2.3344427,9.356600e-01,5.675000e-03
2.3344539,9.032800e-01,7.254000e-03
2.3344651,9.326650e-01,7.794000e-03
2.3344763,9.571830e-01,6.579000e-03
2.3344874,9.939760e-01,8.408000e-03
2.3344986,9.835040e-01,6.225000e-03
2.3345098,9.759340e-01,5.927000e-03
2.3345210,9.722730e-01,7.932000e-03
2.3345322,9.861080e-01,6.207000e-03
2.3345433,9.868440e-01,4.757000e-03
2.3345545,9.969600e-01,8.147000e-03
2.3345657,9.895620e-01,6.296000e-03
2.3345769,1.006218e+00,7.788000e-03
2.3345881,1.006338e+00,6.030000e-03
2.3345993,1.010304e+00,4.502000e-03
2.3346104,1.011188e+00,7.267000e-03
2.3346216,1.013418e+00,5.532000e-03
2.3346328,1.006714e+00,4.487000e-03
2.3346440,1.004484e+00,6.341000e-03
2.3346551,1.004201e+00,5.193000e-03
2.3346663,1.002639e+00,7.098000e-03
2.3346775,1.013354e+00,6.166000e-03
2.3346887,1.003023e+00,5.871000e-03
2.3346999,9.988070e-01,8.614000e-03
2.3347110,9.997140e-01,5.797000e-03
2.3347222,9.972540e-01,6.910000e-03
2.3347334,9.999550e-01,7.286000e-03
2.3347446,9.851240e-01,5.427000e-03
2.3347557,9.761940e-01,6.621000e-03
2.3347669,9.511670e-01,4.748000e-03
2.3347781,9.359470e-01,8.579000e-03
2.3347892,9.265680e-01,6.362000e-03
2.3348004,9.242500e-01,9.029000e-03
2.3348116,8.969070e-01,6.555000e-03
2.3348228,8.891770e-01,1.018000e-02
2.3348339,8.656220e-01,8.622000e-03
2.3348451,8.328610e-01,5.219000e-03
2.3348563,8.167410e-01,7.286000e-03
2.3348674,8.115150e-01,5.735000e-03
2.3348786,8.061340e-01,1.068800e-02
2.3348898,8.066920e-01,7.096000e-03
2.3349009,8.069130e-01,9.865000e-03
2.3349121,8.071730e-01,4.695000e-03
2.3349233,7.876500e-01,6.818000e-03
2.3349345,7.749000e-01,5.557000e-03
2.3349456,7.761920e-01,7.800000e-03
2.3349568,7.720280e-01,6.402000e-03
2.3349680,7.673170e-01,7.461000e-03
2.3349791,7.659230e-01,6.421000e-03
2.3349903,7.606670e-01,6.306000e-03
2.3350014,7.652730e-01,5.889000e-03
2.3350126,7.606640e-01,5.877000e-03
2.3350238,7.736930e-01,4.376000e-03
2.3350349,7.787870e-01,5.184000e-03
2.3350461,7.745520e-01,6.459000e-03
2.3350573,7.752840e-01,4.474000e-03
2.3350684,7.936140e-01,5.876000e-03
2.3350796,8.291000e-01,6.843000e-03
2.3350907,8.362090e-01,4.355000e-03
2.3351019,8.277570e-01,5.637000e-03
2.3351131,8.374550e-01,4.888000e-03
2.3351242,8.463990e-01,5.809000e-03
2.3351354,8.654270e-01,4.647000e-03
2.3351466,8.690970e-01,5.749000e-03
2.3351577,8.787860e-01,6.043000e-03
2.3351689,9.049730e-01,5.541000e-03
2.3351800,8.995310e-01,4.044000e-03
2.3351912,8.996030e-01,4.166000e-03
2.3352023,9.008680e-01,5.597000e-03
2.3352135,8.993250e-01,4.318000e-03
2.3352247,9.107130e-01,6.154000e-03
2.3352358,9.090000e-01,4.441000e-03
2.3352470,8.919950e-01,5.609000e-03
2.3352581,9.049490e-01,5.676000e-03
2.3352693,9.122310e-01,4.969000e-03
2.3352804,9.108580e-01,7.134000e-03
2.3352916,9.316480e-01,6.687000e-03
2.3353027,9.369100e-01,5.021000e-03
2.3353139,9.461850e-01,6.478000e-03
2.3353250,9.556270e-01,5.713000e-03
2.3353362,9.590890e-01,4.483000e-03
2.3353473,9.592270e-01,4.814000e-03
2.3353585,9.553600e-01,4.574000e-03
2.3353696,9.583450e-01,5.927000e-03
2.3353808,9.592060e-01,5.770000e-03
2.3353919,9.567920e-01,6.864000e-03
2.3354031,9.631420e-01,4.034000e-03
2.3354142,9.627470e-01,4.179000e-03
2.3354254,9.650830e-01,7.004000e-03
2.3354365,9.581680e-01,5.109000e-03
2.3354477,9.540990e-01,5.013000e-03
2.3354588,9.509250e-01,4.487000e-03
2.3354700,9.573590e-01,5.596000e-03
2.3354811,9.529270e-01,4.698000e-03
2.3354923,9.653360e-01,4.633000e-03
2.3355034,9.497050e-01,6.725000e-03
2.3355146,9.532940e-01,5.619000e-03
2.3355257,9.286500e-01,4.350000e-03
2.3355369,9.104540e-01,7.889000e-03
2.3355480,8.944120e-01,5.469000e-03
2.3355592,8.897320e-01,6.136000e-03
2.3355703,8.620460e-01,6.395000e-03
2.3355814,8.376810e-01,5.897000e-03
2.3355926,7.993900e-01,4.909000e-03
2.3356037,7.711900e-01,5.648000e-03
2.3356149,7.582400e-01,4.705000e-03
2.3356260,7.384550e-01,9.253000e-03
2.3356371,7.095120e-01,5.511000e-03
2.3356483,6.920690e-01,4.801000e-03
2.3356594,6.733830e-01,5.879000e-03
2.3356706,6.604220e-01,5.784000e-03
2.3356817,6.403090e-01,1.038700e-02
2.3356928,6.310650e-01,5.710000e-03
2.3357040,6.100870e-01,5.787000e-03
2.3357151,6.039060e-01,5.937000e-03
2.3357263,6.006720e-01,7.131000e-03
2.3357374,5.803620e-01,4.362000e-03
2.3357485,5.721650e-01,4.619000e-03
2.3357597,5.547570e-01,6.857000e-03
2.3357708,5.597220e-01,6.288000e-03
2.3357819,5.579700e-01,5.675000e-03
2.3357931,5.485150e-01,4.001000e-03
2.3358042,5.473820e-01,6.004000e-03
2.3358153,5.391080e-01,5.979000e-03
2.3358265,5.506340e-01,4.777000e-03
2.3358376,5.528360e-01,5.091000e-03
2.3358487,5.489460e-01,3.809000e-03
2.3358599,5.526520e-01,8.176000e-03
2.3358710,5.713510e-01,4.966000e-03
2.3358821,5.715340e-01,5.528000e-03
2.3358933,5.992010e-01,6.798000e-03
2.3359044,6.070810e-01,6.940000e-03
2.3359155,6.224160e-01,6.309000e-03
2.3359267,6.330640e-01,6.661000e-03
2.3359378,6.648930e-01,7.938000e-03
2.3359489,6.668600e-01,5.344000e-03
2.3359601,6.767250e-01,4.971000e-03
2.3359712,6.801440e-01,4.491000e-03
2.3359823,6.889660e-01,7.492000e-03
2.3359934,7.277560e-01,6.253000e-03
2.3360046,7.667060e-01,4.981000e-03
2.3360157,7.590830e-01,5.276000e-03
2.3360268,7.670400e-01,5.658000e-03
2.3360379,7.633440e-01,4.697000e-03
2.3360491,7.675390e-01,7.745000e-03
2.3360602,7.817670e-01,4.772000e-03
2.3360713,7.823010e-01,5.350000e-03
2.3360824,8.034310e-01,8.492000e-03
2.3360936,8.532040e-01,7.646000e-03
2.3361047,8.864380e-01,5.370000e-03
2.3361158,8.932810e-01,6.700000e-03
2.3361269,8.953510e-01,6.758000e-03
2.3361381,8.935100e-01,6.436000e-03
2.3361492,9.176510e-01,5.993000e-03
2.3361603,9.448540e-01,6.673000e-03
2.3361714,9.599730e-01,6.958000e-03
2.3361825,9.640070e-01,9.629000e-03
2.3361937,9.786990e-01,8.694000e-03
2.3362048,9.841750e-01,6.636000e-03
2.3362159,9.998270e-01,5.172000e-03
2.3362270,1.014406e+00,8.816000e-03
2.3362381,1.027846e+00,6.752000e-03
2.3362493,1.013155e+00,5.009000e-03
2.3362604,1.034884e+00,7.771000e-03
2.3362715,1.024554e+00,6.104000e-03
2.3362826,1.024655e+00,6.389000e-03
2.3362937,1.037768e+00,5.252000e-03
2.3363048,1.035134e+00,4.801000e-03
2.3363160,1.039221e+00,4.993000e-03
2.3363271,1.030368e+00,7.248000e-03
2.3363382,1.046544e+00,6.556000e-03
2.3363493,1.052780e+00,4.939000e-03
2.3363604,1.047461e+00,5.465000e-03
2.3363715,1.047863e+00,6.264000e-03
2.3363826,1.047265e+00,3.985000e-03
2.3363938,1.053366e+00,6.447000e-03
2.3364049,1.055133e+00,5.667000e-03
2.3364160,1.048795e+00,7.041000e-03
2.3364271,1.052925e+00,4.465000e-03
2.3364382,1.050952e+00,6.656000e-03
2.3364493,1.041537e+00,6.690000e-03
2.3364604,1.024110e+00,5.722000e-03
2.3364715,1.036763e+00,4.900000e-03
2.3364826,1.025192e+00,4.074000e-03
2.3364937,1.027883e+00,4.206000e-03
2.3365049,1.023801e+00,6.265000e-03
2.3365160,1.007295e+00,7.010000e-03
2.3365271,1.005118e+00,4.978000e-03
2.3365382,1.014822e+00,7.582000e-03
2.3365493,9.938040e-01,5.376000e-03
2.3365604,1.008791e+00,7.656000e-03
2.3365715,9.999960e-01,5.450000e-03
2.3365826,9.900850e-01,6.547000e-03
2.3365937,9.695200e-01,6.094000e-03
2.3366048,9.689930e-01,6.381000e-03
2.3366159,9.827070e-01,4.800000e-03
2.3366270,1.000643e+00,5.736000e-03
2.3366381,9.910580e-01,7.507000e-03
2.3366492,9.992230e-01,3.791000e-03
2.3366603,9.822070e-01,4.561000e-03
2.3366714,9.914040e-01,4.882000e-03
2.3366825,9.737780e-01,4.221000e-03
2.3366936,9.902440e-01,5.894000e-03
2.3367047,9.955940e-01,5.903000e-03
2.3367158,1.017436e+00,6.920000e-03
2.3367269,1.005156e+00,6.556000e-03
2.3367380,1.011133e+00,5.650000e-03
2.3367491,1.009553e+00,7.419000e-03
2.3367602,1.005786e+00,5.874000e-03
2.3367713,9.942390e-01,5.592000e-03
2.3367824,9.961260e-01,6.669000e-03
2.3367935,9.950340e-01,5.770000e-03
2.3368046,9.911700e-01,5.301000e-03
2.3368157,9.823310e-01,7.088000e-03
2.3368268,9.772510e-01,7.177000e-03
2.3368379,9.637600e-01,5.494000e-03
2.3368490,9.467830e-01,5.362000e-03
2.3368601,9.366560e-01,5.650000e-03
2.3368712,9.336050e-01,6.904000e-03
2.3368823,9.065290e-01,5.917000e-03
2.3368934,8.946970e-01,4.376000e-03
2.3369045,8.713430e-01,7.929000e-03
2.3369156,8.741180e-01,6.642000e-03
2.3369267,8.605080e-01,3.988000e-03
2.3369378,8.485710e-01,5.224000e-03
2.3369488,8.379880e-01,6.399000e-03
2.3369599,8.207050e-01,6.192000e-03
2.3369710,8.058440e-01,5.989000e-03
2.3369821,7.983220e-01,6.341000e-03
2.3369932,7.887670e-01,4.221000e-03
2.3370043,7.907860e-01,6.373000e-03
2.3370154,7.920250e-01,5.801000e-03
2.3370265,7.846240e-01,5.088000e-03
2.3370376,7.659190e-01,4.231000e-03
2.3370486,7.656590e-01,6.221000e-03
2.3370597,7.773380e-01,5.150000e-03
2.3370708,7.859950e-01,4.982000e-03
2.3370819,7.855850e-01,7.440000e-03
2.3370930,7.974600e-01,8.505000e-03
2.3371041,8.051580e-01,3.854000e-03
2.3371152,8.421040e-01,7.208000e-03
2.3371263,8.272490e-01,5.639000e-03
2.3371373,8.464210e-01,3.943000e-03
2.3371484,8.579730e-01,4.212000e-03
2.3371595,8.847600e-01,7.841000e-03
2.3371706,8.847750e-01,7.602000e-03
2.3371817,9.081640e-01,6.457000e-03
2.3371928,9.174600e-01,5.356000e-03
2.3372038,9.457280e-01,6.089000e-03
2.3372149,9.670170e-01,5.895000e-03
2.3372260,9.734100e-01,7.048000e-03
2.3372371,9.890980e-01,8.138000e-03
2.3372482,1.019740e+00,4.515000e-03
2.3372592,1.018778e+00,4.573000e-03
2.3372703,1.037740e+00,4.870000e-03
2.3372814,1.014874e+00,6.903000e-03
2.3372925,1.043731e+00,6.538000e-03
2.3373036,1.029803e+00,5.472000e-03
2.3373146,1.046377e+00,6.308000e-03
2.3373257,1.040829e+00,4.226000e-03
2.3373368,1.037791e+00,5.097000e-03
2.3373479,1.021220e+00,4.912000e-03
2.3373589,1.025991e+00,8.394000e-03
2.3373700,1.019259e+00,6.383000e-03
2.3373811,1.004778e+00,4.767000e-03
2.3373922,9.997420e-01,6.049000e-03
2.3374032,9.631210e-01,5.866000e-03
2.3374143,9.464000e-01,6.747000e-03
2.3374254,9.466980e-01,7.563000e-03
2.3374365,9.201670e-01,3.465000e-03
2.3374475,8.856470e-01,4.779000e-03
2.3374586,8.562680e-01,4.042000e-03
2.3374697,8.257280e-01,9.687000e-03
2.3374807,7.993490e-01,7.338000e-03
2.3374918,7.805570e-01,6.186000e-03
2.3375029,7.623930e-01,6.742000e-03
2.3375140,7.479590e-01,4.958000e-03
2.3375250,7.272220e-01,7.334000e-03
2.3375361,7.007870e-01,5.001000e-03
2.3375472,6.867060e-01,5.925000e-03
2.3375582,6.627860e-01,4.822000e-03
2.3375693,6.573780e-01,4.360000e-03
2.3375804,6.609340e-01,4.169000e-03
2.3375914,6.637960e-01,5.692000e-03
2.3376025,6.556810e-01,5.773000e-03
2.3376136,6.416790e-01,5.262000e-03
2.3376246,6.523080e-01,6.394000e-03
2.3376357,6.410110e-01,4.221000e-03
2.3376468,6.598900e-01,3.916000e-03
2.3376578,6.715040e-01,5.423000e-03
2.3376689,6.790960e-01,5.205000e-03
2.3376800,6.773770e-01,5.129000e-03
2.3376910,7.117790e-01,5.991000e-03
2.3377021,7.148810e-01,4.031000e-03
2.3377132,7.435870e-01,4.110000e-03
2.3377242,7.481910e-01,3.917000e-03
2.3377353,7.781880e-01,6.441000e-03
2.3377463,7.904620e-01,4.096000e-03
2.3377574,8.122230e-01,4.899000e-03
2.3377685,8.320840e-01,4.718000e-03
2.3377795,8.539750e-01,4.083000e-03
2.3377906,8.707920e-01,4.635000e-03
2.3378016,9.000320e-01,5.248000e-03
2.3378127,9.187620e-01,3.939000e-03
2.3378238,9.382880e-01,5.214000e-03
2.3378348,9.417530e-01,4.646000e-03
2.3378459,9.664190e-01,7.417000e-03
2.3378569,9.679970e-01,5.184000e-03
2.3378680,9.916890e-01,6.367000e-03
2.3378790,9.785400e-01,6.371000e-03
2.3378901,9.867310e-01,4.893000e-03
2.3379012,9.764990e-01,8.360000e-03
2.3379122,9.935590e-01,5.998000e-03
2.3379233,9.837990e-01,4.385000e-03
2.3379343,9.793460e-01,4.554000e-03
2.3379454,9.608410e-01,5.513000e-03
2.3379564,9.686270e-01,6.278000e-03
2.3379675,9.390440e-01,4.413000e-03
2.3379785,9.216000e-01,3.444000e-03
2.3379896,9.109620e-01,4.458000e-03
2.3380006,9.222310e-01,5.135000e-03
2.3380117,9.019530e-01,4.185000e-03
2.3380227,8.903040e-01,6.540000e-03
2.3380338,8.684990e-01,6.910000e-03
2.3380448,8.668960e-01,2.965000e-03
2.3380559,8.629640e-01,5.538000e-03
2.3380669,8.468660e-01,6.409000e-03
2.3380780,8.360260e-01,6.939000e-03
2.3380890,8.423310e-01,6.391000e-03
2.3381001,8.276510e-01,8.010000e-03
2.3381111,8.441870e-01,4.262000e-03
2.3381222,8.276830e-01,4.950000e-03
2.3381332,8.306710e-01,3.406000e-03
2.3381443,8.123030e-01,8.757000e-03
2.3381553,8.352870e-01,6.200000e-03
2.3381664,8.325710e-01,8.987000e-03
2.3381774,8.424800e-01,6.444000e-03
2.3381885,8.380120e-01,5.480000e-03
2.3381995,8.334900e-01,6.626000e-03
2.3382105,8.295820e-01,4.879000e-03
2.3382216,8.478890e-01,7.155000e-03
2.3382326,8.489800e-01,4.539000e-03
2.3382437,8.392380e-01,5.849000e-03
2.3382547,8.532870e-01,6.341000e-03
2.3382658,8.973450e-01,8.825000e-03
2.3382768,8.677760e-01,4.540000e-03
2.3382878,8.634220e-01,7.600000e-03
2.3382989,8.864410e-01,6.118000e-03
2.3383099,8.999010e-01,7.511000e-03
2.3383210,8.958380e-01,7.531000e-03
2.3383320,9.236790e-01,4.641000e-03
2.3383430,9.151230e-01,6.552000e-03
2.3383541,9.183200e-01,3.800000e-03
2.3383651,9.051520e-01,6.758000e-03
2.3383762,9.144110e-01,6.267000e-03
2.3383872,9.082670e-01,6.306000e-03
2.3383982,9.069740e-01,6.537000e-03
2.3384093,9.237280e-01,4.626000e-03
2.3384203,9.262540e-01,2.415000e-03
2.3384313,9.282830e-01,6.088000e-03
2.3384424,9.328470e-01,5.952000e-03
2.3384534,9.307320e-01,6.066000e-03
2.3384644,9.357310e-01,4.593000e-03
2.3384755,9.379100e-01,5.379000e-03
2.3384865,9.407390e-01,5.132000e-03
2.3384975,9.400690e-01,3.372000e-03
2.3385086,9.507860e-01,2.438000e-03
2.3385196,9.486240e-01,5.361000e-03
2.3385306,9.712720e-01,4.825000e-03
2.3385417,9.501620e-01,5.118000e-03
2.3385527,9.780510e-01,4.238000e-03
2.3385637,9.714050e-01,7.839000e-03
2.3385748,9.825190e-01,4.364000e-03
2.3385858,9.869270e-01,5.507000e-03
2.3385968,9.976880e-01,5.815000e-03
2.3386079,9.905980e-01,8.723000e-03
2.3386189,9.915500e-01,9.777000e-03
2.3386299,1.046892e+00,6.986000e-03
2.3386409,1.057541e+00,6.454000e-03
2.3386520,1.043742e+00,5.341000e-03
2.3386630,1.053404e+00,5.227000e-03
2.3386740,1.053417e+00,6.373000e-03
2.3386850,1.054665e+00,7.488000e-03
2.3386961,1.043025e+00,4.411000e-03
2.3387071,1.052696e+00,5.443000e-03
2.3387181,1.062085e+00,6.245000e-03
2.3387291,1.073488e+00,7.042000e-03
2.3387402,1.059055e+00,6.391000e-03
2.3387512,1.061911e+00,5.776000e-03
2.3387622,1.054236e+00,5.424000e-03
2.3387732,1.068994e+00,5.753000e-03
2.3387843,1.036658e+00,4.569000e-03
2.3387953,1.040574e+00,5.273000e-03
2.3388063,1.030755e+00,6.737000e-03
2.3388173,1.058760e+00,4.662000e-03
2.3388283,1.036713e+00,4.672000e-03
2.3388394,1.041709e+00,5.876000e-03
2.3388504,1.012832e+00,7.599000e-03
2.3388614,1.006139e+00,6.339000e-03
2.3388724,9.763380e-01,5.578000e-03
2.3388834,9.977180e-01,5.281000e-03
2.3388945,1.001243e+00,4.705000e-03
2.3389055,1.027731e+00,5.503000e-03
2.3389165,1.019237e+00,5.985000e-03
2.3389275,1.029462e+00,5.295000e-03
2.3389385,1.021416e+00,4.817000e-03
2.3389495,1.033977e+00,5.124000e-03
2.3389606,1.021182e+00,3.372000e-03
2.3389716,1.029183e+00,3.869000e-03
2.3389826,1.012951e+00,4.879000e-03
2.3389936,1.018240e+00,5.675000e-03
2.3390046,1.004463e+00,3.306000e-03
2.3390156,1.012786e+00,3.757000e-03
2.3390266,9.953450e-01,5.419000e-03
2.3390377,1.016776e+00,4.765000e-03
2.3390487,9.935640e-01,5.647000e-03
2.3390597,9.951180e-01,7.273000e-03
2.3390707,9.814550e-01,5.176000e-03
2.3390817,9.747740e-01,4.317000e-03
2.3390927,9.558660e-01,8.355000e-03
2.3391037,9.394070e-01,5.374000e-03
2.3391147,9.231870e-01,5.405000e-03
2.3391257,9.360940e-01,4.528000e-03
2.3391367,8.915060e-01,7.751000e-03
2.3391478,8.954020e-01,6.166000e-03
2.3391588,8.679480e-01,5.337000e-03
2.3391698,8.685610e-01,6.251000e-03
2.3391808,8.440860e-01,5.120000e-03
2.3391918,8.325660e-01,4.258000e-03
2.3392028,8.163070e-01,4.621000e-03
2.3392138,8.188200e-01,4.170000e-03
2.3392248,7.960290e-01,4.495000e-03
2.3392358,7.913220e-01,8.194000e-03
2.3392468,7.740850e-01,4.714000e-03
2.3392578,7.690450e-01,4.739000e-03
2.3392688,7.452360e-01,6.309000e-03
2.3392798,7.539310e-01,4.508000e-03
2.3392908,7.375270e-01,4.742000e-03
2.3393018,7.406730e-01,6.011000e-03
2.3393128,7.267440e-01,2.667000e-03
2.3393238,7.279080e-01,4.802000e-03
2.3393348,7.013040e-01,5.455000e-03
2.3393458,6.789310e-01,5.098000e-03
2.3393568,6.538960e-01,4.136000e-03
2.3393678,6.389940e-01,3.096000e-03
2.3393788,6.297570e-01,6.285000e-03
2.3393898,6.216570e-01,6.099000e-03
2.3394008,6.159860e-01,5.179000e-03
2.3394118,6.150560e-01,3.865000e-03
2.3394228,6.118550e-01,6.270000e-03
2.3394338,6.179870e-01,5.031000e-03
2.3394448,6.228260e-01,7.294000e-03
2.3394558,6.259330e-01,5.047000e-03
2.3394668,6.218370e-01,4.955000e-03
2.3394778,6.358910e-01,5.984000e-03
2.3394888,6.379620e-01,7.755000e-03
2.3394998,6.486880e-01,3.952000e-03
2.3395108,6.499280e-01,4.321000e-03
2.3395218,6.586030e-01,6.054000e-03
2.3395328,6.706140e-01,8.582000e-03
2.3395438,6.803180e-01,6.396000e-03
2.3395548,6.778460e-01,4.910000e-03
2.3395658,7.041870e-01,6.937000e-03
2.3395768,7.034180e-01,7.160000e-03
2.3395878,7.108980e-01,5.056000e-03
2.3395987,7.242130e-01,5.444000e-03
2.3396097,7.542480e-01,5.031000e-03
2.3396207,7.676040e-01,4.916000e-03
2.3396317,7.749590e-01,9.752000e-03
2.3396427,7.893730e-01,4.426000e-03
2.3396537,8.257040e-01,6.018000e-03
2.3396647,8.325860e-01,4.568000e-03
2.3396757,8.618470e-01,4.605000e-03
2.3396867,8.751500e-01,7.617000e-03
2.3396976,8.989400e-01,9.281000e-03
2.3397086,9.062590e-01,6.859000e-03
2.3397196,9.399410e-01,1.166200e-02
2.3397306,9.666270e-01,1.276400e-02
2.3397416,9.763750e-01,6.818000e-03
2.3397526,9.895840e-01,7.897000e-03
2.3397636,1.019853e+00,7.301000e-03
2.3397745,1.013447e+00,6.661000e-03
2.3397855,1.030392e+00,4.959000e-03
2.3397965,1.023071e+00,9.647000e-03
2.3398075,1.029066e+00,8.222000e-03
2.3398185,1.009138e+00,9.923000e-03
2.3398295,1.041321e+00,1.001400e-02
2.3398404,1.050638e+00,6.341000e-03
2.3398514,1.059957e+00,1.851000e-02
2.3398624,1.076251e+00,2.555400e-02
2.3398734,1.027309e+00,1.046900e-02
2.3398844,1.048493e+00,9.168000e-03
2.3398954,1.023476e+00,5.292000e-03
2.3399063,9.932250e-01,7.814000e-03
2.3399173,9.867590e-01,4.157000e-03
2.3399283,9.632660e-01,5.249000e-03
2.3399393,9.588000e-01,4.640000e-03
2.3399502,9.526290e-01,6.428000e-03
2.3399612,9.489240e-01,9.769000e-03
2.3399722,9.303650e-01,5.948000e-03
2.3399832,9.108580e-01,8.124000e-03
2.3399942,8.685230e-01,8.144000e-03
2.3400051,8.943570e-01,8.762000e-03
2.3400161,8.964390e-01,5.622000e-03
2.3400271,8.907600e-01,4.626000e-03
2.3400381,8.595820e-01,7.129000e-03
2.3400490,8.584910e-01,5.139000e-03
2.3400600,8.323720e-01,3.668000e-03
2.3400710,8.582500e-01,8.289000e-03
2.3400819,8.414080e-01,8.680000e-03
2.3400929,8.770290e-01,7.070000e-03
2.3401039,8.695070e-01,9.745000e-03
2.3401149,8.803030e-01,1.309800e-02
2.3401258,8.848440e-01,1.801900e-02
2.3401368,8.886220e-01,6.318000e-03
2.3401478,8.600200e-01,7.394000e-03
2.3401587,8.392170e-01,8.770000e-03
2.3401697,8.160090e-01,5.170000e-03
2.3401807,8.244740e-01,4.398000e-03
2.3401917,8.251310e-01,4.516000e-03
2.3402026,8.285950e-01,4.954000e-03
2.3402136,8.304990e-01,6.182000e-03
2.3402246,8.402390e-01,5.996000e-03
2.3402355,8.298350e-01,4.980000e-03
2.3402465,8.533480e-01,5.474000e-03
2.3402575,8.358140e-01,5.521000e-03
2.3402684,8.529260e-01,4.458000e-03
2.3402794,8.526990e-01,7.403000e-03
2.3402904,8.654970e-01,6.291000e-03
2.3403013,8.354000e-01,6.214000e-03
2.3403123,8.489800e-01,7.728000e-03
2.3403232,8.356040e-01,7.660000e-03
2.3403342,8.245690e-01,4.949000e-03
2.3403452,8.343300e-01,9.012000e-03
2.3403561,8.961670e-01,1.202700e-02
2.3403671,9.268560e-01,2.406800e-02
2.3403781,9.658080e-01,3.948500e-02
2.3403890,8.946850e-01,8.212000e-03
2.3404000,8.626480e-01,1.102500e-02
2.3404109,8.027180e-01,8.079000e-03
2.3404219,7.966170e-01,7.110000e-03
2.3404329,7.764440e-01,6.016000e-03
2.3404438,7.576000e-01,7.507000e-03
2.3404548,7.655810e-01,6.030000e-03
2.3404657,7.609500e-01,6.019000e-03
2.3404767,7.589980e-01,6.565000e-03
2.3404877,7.703860e-01,6.139000e-03
2.3404986,7.719980e-01,7.656000e-03
2.3405096,7.880370e-01,4.719000e-03
2.3405205,7.762640e-01,5.076000e-03
2.3405315,7.953150e-01,5.353000e-03
2.3405424,7.905010e-01,3.929000e-03
2.3405534,8.151780e-01,6.090000e-03
2.3405643,8.041330e-01,6.093000e-03
2.3405753,8.145810e-01,6.318000e-03
2.3405862,8.096140e-01,4.231000e-03
2.3405972,8.294870e-01,6.254000e-03
2.3406082,8.382980e-01,3.193000e-03
2.3406191,8.664150e-01,4.906000e-03
2.3406301,8.765720e-01,7.033000e-03
2.3406410,9.000830e-01,6.363000e-03
2.3406520,8.959160e-01,6.984000e-03
2.3406629,9.302930e-01,5.916000e-03
2.3406739,9.158830e-01,8.043000e-03
2.3406848,9.435930e-01,8.021000e-03
2.3406958,9.341750e-01,4.549000e-03
2.3407067,9.664930e-01,5.151000e-03
2.3407177,9.545370e-01,4.673000e-03
2.3407286,9.684800e-01,5.798000e-03
2.3407396,9.536170e-01,6.425000e-03
2.3407505,9.922470e-01,5.109000e-03
2.3407615,9.753760e-01,4.837000e-03
2.3407724,9.898310e-01,4.992000e-03
2.3407833,9.891620e-01,4.460000e-03
2.3407943,1.009675e+00,4.628000e-03
2.3408052,9.937170e-01,7.797000e-03
2.3408162,1.003761e+00,7.315000e-03
2.3408271,9.908110e-01,6.170000e-03
2.3408381,1.025879e+00,7.574000e-03
2.3408490,1.000212e+00,4.612000e-03
2.3408600,1.018359e+00,5.214000e-03
2.3408709,1.012851e+00,6.362000e-03
2.3408818,1.019978e+00,4.064000e-03
2.3408928,9.950180e-01,5.450000e-03
2.3409037,1.010881e+00,5.462000e-03
2.3409147,1.014737e+00,5.000000e-03
2.3409256,1.029202e+00,5.635000e-03
2.3409365,9.987830e-01,7.308000e-03
2.3409475,1.001347e+00,6.604000e-03
2.3409584,1.025805e+00,7.113000e-03
2.3409694,1.039381e+00,6.286000e-03
2.3409803,1.028628e+00,4.049000e-03
2.3409912,1.033089e+00,4.123000e-03
2.3410022,1.018250e+00,5.279000e-03
2.3410131,1.015018e+00,3.684000e-03
2.3410241,1.010768e+00,7.232000e-03
2.3410350,1.038567e+00,5.738000e-03
2.3410459,1.025102e+00,5.635000e-03
2.3410569,1.028458e+00,8.595000e-03
2.3410678,1.009705e+00,4.628000e-03
2.3410787,1.037606e+00,7.156000e-03
2.3410897,1.021514e+00,6.325000e-03
2.3411006,1.013091e+00,5.450000e-03
2.3411115,9.912670e-01,4.469000e-03
2.3411225,9.732880e-01,5.918000e-03
2.3411334,9.681670e-01,5.424000e-03
2.3411443,9.448740e-01,5.967000e-03
2.3411553,9.133580e-01,8.351000e-03
2.3411662,9.244300e-01,7.790000e-03
2.3411771,9.028770e-01,5.914000e-03
2.3411881,9.116370e-01,5.955000e-03
2.3411990,8.825660e-01,5.023000e-03
2.3412099,8.691620e-01,4.569000e-03
2.3412208,8.425010e-01,4.336000e-03
2.3412318,8.429430e-01,5.597000e-03
2.3412427,8.297560e-01,4.561000e-03
2.3412536,8.092710e-01,6.602000e-03
2.3412646,7.869000e-01,7.617000e-03
2.3412755,7.788770e-01,4.537000e-03
2.3412864,7.550850e-01,6.310000e-03
2.3412973,7.243080e-01,4.610000e-03
2.3413083,6.803020e-01,4.811000e-03
2.3413192,6.840910e-01,6.646000e-03
2.3413301,6.519420e-01,6.950000e-03
2.3413410,6.562430e-01,7.593000e-03
2.3413520,6.292280e-01,6.548000e-03
2.3413629,6.209930e-01,7.603000e-03
2.3413738,5.942570e-01,9.129000e-03
2.3413847,5.831660e-01,8.860000e-03
2.3413957,5.698610e-01,5.239000e-03
2.3414066,5.718610e-01,4.563000e-03
2.3414175,5.494460e-01,6.796000e-03
2.3414284,5.521270e-01,4.298000e-03
2.3414393,5.321600e-01,4.525000e-03
2.3414503,5.513270e-01,6.572000e-03
2.3414612,5.399180e-01,7.188000e-03
2.3414721,5.634340e-01,5.570000e-03
2.3414830,5.654450e-01,6.024000e-03
2.3414939,5.543180e-01,4.928000e-03
2.3415049,5.463290e-01,6.094000e-03
2.3415158,5.537270e-01,5.231000e-03
2.3415267,5.459430e-01,7.620000e-03
2.3415376,5.518230e-01,7.259000e-03
2.3415485,5.492610e-01,5.229000e-03
2.3415595,5.578020e-01,7.232000e-03
2.3415704,5.617330e-01,6.503000e-03
2.3415813,5.715320e-01,5.718000e-03
2.3415922,5.714480e-01,6.238000e-03
2.3416031,5.785940e-01,6.101000e-03
2.3416140,5.959390e-01,5.045000e-03
2.3416249,6.160510e-01,7.076000e-03
2.3416359,6.156100e-01,4.453000e-03
2.3416468,6.431480e-01,5.509000e-03
2.3416577,6.496750e-01,7.971000e-03
2.3416686,6.793100e-01,5.955000e-03
2.3416795,6.859350e-01,5.151000e-03
2.3416904,7.104690e-01,4.724000e-03
2.3417013,7.152390e-01,5.561000e-03
2.3417122,7.449260e-01,3.760000e-03
2.3417232,7.575340e-01,7.978000e-03
2.3417341,7.667120e-01,5.611000e-03
2.3417450,7.744720e-01,6.372000e-03
2.3417559,7.875540e-01,4.526000e-03
2.3417668,7.950890e-01,5.542000e-03
2.3417777,8.104360e-01,4.279000e-03
2.3417886,8.172710e-01,7.062000e-03
2.3417995,8.489060e-01,3.578000e-03
2.3418104,8.551700e-01,5.454000e-03
2.3418213,8.787350e-01,6.705000e-03
2.3418322,8.821200e-01,4.012000e-03
2.3418431,9.126290e-01,4.943000e-03
2.3418540,9.277850e-01,3.651000e-03
2.3418649,9.427080e-01,6.160000e-03
2.3418758,9.545990e-01,4.265000e-03
2.3418868,9.825550e-01,3.419000e-03
2.3418977,9.887610e-01,5.229000e-03
2.3419086,1.007928e+00,7.540000e-03
2.3419195,1.006259e+00,5.526000e-03
2.3419304,1.022550e+00,6.131000e-03
2.3419413,1.016533e+00,4.049000e-03
2.3419522,1.035254e+00,4.361000e-03
2.3419631,1.031415e+00,5.472000e-03
2.3419740,1.046131e+00,8.737000e-03
2.3419849,1.034013e+00,5.731000e-03
2.3419958,1.030184e+00,6.008000e-03
2.3420067,1.036915e+00,5.802000e-03
2.3420176,1.010714e+00,6.011000e-03
2.3420285,1.020894e+00,8.583000e-03
2.3420394,1.003421e+00,9.148000e-03
2.3420503,9.689430e-01,1.016200e-02
2.3420612,9.982330e-01,7.214000e-03
2.3420721,9.852220e-01,1.031700e-02
2.3420830,9.966960e-01,1.046000e-02
2.3420938,9.706600e-01,5.030000e-03
2.3421047,9.779690e-01,5.908000e-03
2.3421156,9.541240e-01,7.112000e-03
2.3421265,9.555800e-01,5.245000e-03
2.3421374,9.382470e-01,5.508000e-03
2.3421483,9.464680e-01,4.023000e-03
2.3421592,9.329620e-01,6.128000e-03
2.3421701,9.364900e-01,5.920000e-03
2.3421810,9.194130e-01,3.880000e-03
2.3421919,9.308700e-01,4.738000e-03
2.3422028,9.189520e-01,6.366000e-03
2.3422137,9.189550e-01,6.541000e-03
2.3422246,9.085040e-01,4.994000e-03
2.3422355,9.180110e-01,4.412000e-03
2.3422463,9.111150e-01,5.675000e-03
2.3422572,9.220440e-01,6.838000e-03
2.3422681,9.231310e-01,5.210000e-03
2.3422790,9.351860e-01,4.890000e-03
2.3422899,9.363770e-01,8.237000e-03
2.3423008,9.386670e-01,5.050000e-03
2.3423117,9.306990e-01,4.553000e-03
2.3423226,9.520320e-01,6.884000e-03
2.3423335,9.445240e-01,3.877000e-03
2.3423443,9.694930e-01,3.683000e-03
2.3423552,9.746650e-01,3.283000e-03
2.3423661,9.724130e-01,4.608000e-03
2.3423770,9.921610e-01,9.404000e-03
2.3423879,9.996720e-01,6.005000e-03
2.3423988,1.008870e+00,4.900000e-03
2.3424097,1.030734e+00,3.093000e-03
2.3424205,1.028873e+00,4.489000e-03
2.3424314,1.063235e+00,6.117000e-03
2.3424423,1.058965e+00,5.827000e-03
2.3424532,1.084284e+00,7.548000e-03
2.3424641,1.080124e+00,7.083000e-03
2.3424749,1.086594e+00,4.054000e-03
2.3424858,1.053136e+00,7.067000e-03
2.3424967,1.097696e+00,6.593000e-03
2.3425076,1.086084e+00,7.344000e-03
2.3425185,1.079262e+00,6.175000e-03
2.3425293,1.062928e+00,5.967000e-03
2.3425402,1.086968e+00,3.675000e-03
2.3425511,1.071200e+00,5.097000e-03
2.3425620,1.075937e+00,4.371000e-03
2.3425729,1.051145e+00,5.530000e-03
2.3425837,1.054430e+00,5.937000e-03
2.3425946,1.046128e+00,7.212000e-03
2.3426055,1.053209e+00,6.542000e-03
2.3426164,1.037086e+00,5.597000e-03
2.3426272,1.046152e+00,4.613000e-03
2.3426381,1.035248e+00,7.985000e-03
2.3426490,1.038240e+00,6.317000e-03
2.3426599,1.030327e+00,7.198000e-03
2.3426707,1.035400e+00,3.626000e-03
2.3426816,1.027298e+00,4.307000e-03
2.3426925,1.033133e+00,6.375000e-03
2.3427034,1.015534e+00,5.665000e-03
2.3427142,1.022537e+00,4.747000e-03
2.3427251,9.992290e-01,5.917000e-03
2.3427360,9.955990e-01,6.697000e-03
2.3427468,9.876450e-01,4.606000e-03
2.3427577,9.808050e-01,3.609000e-03
2.3427686,9.598900e-01,4.024000e-03
2.3427795,9.480450e-01,7.576000e-03
2.3427903,9.359630e-01,6.230000e-03
2.3428012,9.282980e-01,5.349000e-03
2.3428121,8.932680e-01,7.110000e-03
2.3428229,8.895790e-01,5.445000e-03
2.3428338,8.788430e-01,8.358000e-03
2.3428447,8.795870e-01,6.803000e-03
2.3428555,8.677800e-01,4.258000e-03
2.3428664,8.687440e-01,4.555000e-03
2.3428773,8.485020e-01,3.092000e-03
2.3428881,8.487450e-01,5.622000e-03
2.3428990,8.246560e-01,4.246000e-03
2.3429099,8.317020e-01,5.332000e-03
2.3429207,8.243640e-01,7.283000e-03
2.3429316,8.287380e-01,5.370000e-03
2.3429424,8.155870e-01,4.988000e-03
2.3429533,8.345310e-01,6.518000e-03
2.3429642,8.226390e-01,5.715000e-03
2.3429750,8.174960e-01,5.047000e-03
2.3429859,8.197860e-01,5.626000e-03
2.3429968,8.233440e-01,4.999000e-03
2.3430076,8.336660e-01,6.197000e-03
2.3430185,8.345370e-01,5.658000e-03
2.3430293,8.307470e-01,5.291000e-03
2.3430402,8.591240e-01,7.087000e-03
2.3430511,8.499710e-01,3.538000e-03
2.3430619,8.829550e-01,5.383000e-03
2.3430728,8.760970e-01,5.865000e-03
2.3430836,9.054070e-01,9.332000e-03
2.3430945,9.123030e-01,3.437000e-03
2.3431054,9.182100e-01,5.427000e-03
2.3431162,9.277060e-01,4.894000e-03
2.3431271,9.610180e-01,4.764000e-03
2.3431379,9.609310e-01,4.654000e-03
2.3431488,9.812830e-01,4.773000e-03
2.3431596,9.897850e-01,4.275000e-03
2.3431705,1.002526e+00,3.239000e-03
2.3431813,1.008960e+00,5.031000e-03
2.3431922,1.020161e+00,4.042000e-03
2.3432030,1.004146e+00,5.082000e-03
2.3432139,1.020579e+00,4.911000e-03
2.3432248,1.006205e+00,5.332000e-03
2.3432356,1.012897e+00,5.743000e-03
2.3432465,9.932110e-01,6.689000e-03
2.3432573,9.920740e-01,8.553000e-03
2.3432682,9.556710e-01,6.623000e-03
2.3432790,9.548970e-01,6.810000e-03
2.3432899,9.456080e-01,7.050000e-03
2.3433007,9.137260e-01,7.104000e-03
2.3433116,8.890720e-01,6.113000e-03
2.3433224,9.020080e-01,8.305000e-03
2.3433333,8.718070e-01,6.590000e-03
2.3433441,8.406490e-01,3.384000e-03
2.3433549,8.223440e-01,3.753000e-03
2.3433658,8.242630e-01,4.093000e-03
2.3433766,7.978800e-01,3.858000e-03
2.3433875,7.954530e-01,6.111000e-03
2.3433983,7.836660e-01,4.309000e-03
2.3434092,7.775480e-01,5.028000e-03
2.3434200,7.719420e-01,4.763000e-03
2.3434309,7.719690e-01,6.342000e-03
2.3434417,7.781160e-01,7.322000e-03
2.3434526,7.754830e-01,7.451000e-03
2.3434634,7.716450e-01,5.640000e-03
2.3434742,7.773050e-01,6.458000e-03
2.3434851,7.691390e-01,4.949000e-03
2.3434959,7.512640e-01,6.733000e-03
2.3435068,7.557000e-01,5.712000e-03
2.3435176,7.891240e-01,6.747000e-03
2.3435285,7.792430e-01,8.039000e-03
2.3435393,7.756260e-01,5.845000e-03
2.3435501,7.880880e-01,4.360000e-03
2.3435610,7.892870e-01,4.630000e-03
2.3435718,8.064540e-01,5.828000e-03
2.3435827,8.059000e-01,8.388000e-03
2.3435935,8.222610e-01,4.966000e-03
2.3436043,8.419850e-01,4.461000e-03
2.3436152,8.554670e-01,8.203000e-03
2.3436260,8.815300e-01,3.989000e-03
2.3436368,8.788240e-01,3.840000e-03
2.3436477,8.938310e-01,7.147000e-03
2.3436585,9.163560e-01,5.571000e-03
2.3436693,9.375950e-01,5.847000e-03
2.3436802,9.330330e-01,8.293000e-03
2.3436910,9.340600e-01,8.006000e-03
2.3437018,9.179700e-01,4.536000e-03
2.3437127,9.135290e-01,6.048000e-03
2.3437235,9.050330e-01,7.407000e-03
2.3437343,9.094750e-01,6.380000e-03
2.3437452,8.915450e-01,5.318000e-03
2.3437560,8.920180e-01,6.729000e-03
2.3437668,8.942990e-01,5.100000e-03
2.3437777,8.854530e-01,5.581000e-03
2.3437885,8.802440e-01,6.099000e-03
2.3437993,8.852930e-01,5.787000e-03
2.3438102,9.024150e-01,6.832000e-03
2.3438210,9.188090e-01,7.843000e-03
2.3438318,8.843210e-01,4.632000e-03
2.3438427,8.685220e-01,7.692000e-03
2.3438535,8.651140e-01,7.383000e-03
2.3438643,8.955370e-01,6.635000e-03
2.3438751,9.105400e-01,8.429000e-03
2.3438860,8.871130e-01,7.076000e-03
2.3438968,8.908130e-01,5.822000e-03
2.3439076,8.805040e-01,6.229000e-03
2.3439184,8.810560e-01,6.395000e-03
2.3439293,8.813100e-01,4.498000e-03
2.3439401,8.925770e-01,4.225000e-03
2.3439509,8.963790e-01,5.719000e-03
2.3439617,8.902040e-01,5.049000e-03
2.3439726,9.032570e-01,6.699000e-03
2.3439834,9.040960e-01,7.073000e-03
2.3439942,9.013790e-01,4.717000e-03
2.3440050,9.030090e-01,7.156000e-03
2.3440159,9.255500e-01,5.400000e-03
2.3440267,9.164790e-01,5.009000e-03
2.3440375,9.264380e-01,5.771000e-03
2.3440483,9.125150e-01,5.888000e-03
2.3440591,9.139260e-01,3.981000e-03
2.3440700,9.101870e-01,4.444000e-03
2.3440808,9.049190e-01,4.730000e-03
2.3440916,8.881990e-01,4.443000e-03
2.3441024,8.803990e-01,7.037000e-03
2.3441132,8.689840e-01,5.714000e-03
2.3441241,8.635440e-01,4.382000e-03
2.3441349,8.461650e-01,4.899000e-03
2.3441457,8.373560e-01,4.313000e-03
2.3441565,8.278820e-01,4.762000e-03
2.3441673,8.278930e-01,5.633000e-03
2.3441781,8.178060e-01,3.363000e-03
2.3441890,8.254030e-01,6.928000e-03
2.3441998,8.158540e-01,6.024000e-03
2.3442106,8.223630e-01,4.179000e-03
2.3442214,8.083450e-01,4.786000e-03
2.3442322,8.022720e-01,4.719000e-03
2.3442430,8.077580e-01,6.928000e-03
2.3442538,8.159950e-01,3.961000e-03
2.3442646,8.042340e-01,4.544000e-03
2.3442755,8.120700e-01,5.298000e-03
2.3442863,8.133290e-01,5.087000e-03
2.3442971,8.292260e-01,8.904000e-03
2.3443079,8.211570e-01,4.064000e-03
2.3443187,8.299870e-01,4.088000e-03
2.3443295,8.337960e-01,5.545000e-03
2.3443403,8.546920e-01,5.226000e-03
2.3443511,8.635220e-01,6.037000e-03
2.3443619,8.717810e-01,4.780000e-03
2.3443728,8.862320e-01,3.512000e-03
2.3443836,9.073160e-01,5.129000e-03
2.3443944,9.063150e-01,5.160000e-03
2.3444052,9.294530e-01,6.149000e-03
2.3444160,9.402260e-01,4.317000e-03
2.3444268,9.521810e-01,6.815000e-03
2.3444376,9.590380e-01,8.707000e-03
2.3444484,9.963520e-01,5.691000e-03
2.3444592,1.001409e+00,8.451000e-03
2.3444700,1.022696e+00,7.369000e-03
2.3444808,1.026834e+00,8.092000e-03
2.3444916,1.034165e+00,9.045000e-03
2.3445024,1.028744e+00,7.119000e-03
2.3445132,1.058218e+00,4.847000e-03
2.3445240,1.054208e+00,4.655000e-03
2.3445348,1.068146e+00,7.771000e-03
2.3445456,1.066755e+00,4.172000e-03
2.3445564,1.064568e+00,4.063000e-03
2.3445672,1.065619e+00,5.431000e-03
2.3445780,1.063915e+00,5.470000e-03
2.3445888,1.056587e+00,6.440000e-03
2.3445996,1.083436e+00,4.897000e-03
2.3446104,1.070096e+00,5.229000e-03
2.3446212,1.061663e+00,6.007000e-03
2.3446320,1.050965e+00,5.452000e-03
2.3446428,1.049135e+00,4.888000e-03
2.3446536,1.040458e+00,6.935000e-03
2.3446644,1.045708e+00,7.412000e-03
2.3446752,1.033150e+00,4.305000e-03
2.3446860,1.024014e+00,5.388000e-03
2.3446968,1.011785e+00,5.727000e-03
2.3447076,1.001599e+00,5.133000e-03
2.3447184,9.861770e-01,7.571000e-03
2.3447292,9.763180e-01,5.346000e-03
2.3447400,9.599010e-01,7.360000e-03
2.3447508,9.596810e-01,7.543000e-03
2.3447616,9.310190e-01,8.325000e-03
2.3447724,9.170670e-01,1.388700e-02
2.3447832,9.110780e-01,9.635000e-03
2.3447939,9.189480e-01,7.768000e-03
2.3448047,8.778480e-01,5.593000e-03
2.3448155,8.589110e-01,7.446000e-03
2.3448263,8.201760e-01,5.424000e-03
2.3448371,8.259340e-01,6.639000e-03
2.3448479,8.162140e-01,4.988000e-03
2.3448587,7.955550e-01,5.508000e-03
2.3448695,7.847200e-01,5.451000e-03
2.3448803,7.820070e-01,7.909000e-03
2.3448911,7.850860e-01,8.859000e-03
2.3449018,7.631400e-01,1.128100e-02
2.3449126,7.514630e-01,9.469000e-03
2.3449234,7.687620e-01,6.193000e-03
2.3449342,7.632620e-01,7.408000e-03
2.3449450,7.541140e-01,5.625000e-03
2.3449558,7.499500e-01,7.671000e-03
2.3449666,7.412910e-01,6.422000e-03
2.3449773,7.321730e-01,4.727000e-03
2.3449881,7.574270e-01,4.666000e-03
2.3449989,7.445760e-01,5.161000e-03
2.3450097,7.550250e-01,5.455000e-03
2.3450205,7.451270e-01,6.400000e-03
2.3450313,7.452200e-01,6.259000e-03
2.3450420,7.359160e-01,7.430000e-03
2.3450528,7.660470e-01,9.218000e-03
2.3450636,7.632280e-01,6.649000e-03
2.3450744,7.778610e-01,7.862000e-03
2.3450852,7.720710e-01,6.813000e-03
2.3450960,7.745650e-01,6.276000e-03
2.3451067,7.611880e-01,6.694000e-03
2.3451175,7.850200e-01,3.710000e-03
2.3451283,7.803750e-01,5.106000e-03
2.3451391,7.881280e-01,8.900000e-03
2.3451498,7.775430e-01,7.662000e-03
2.3451606,7.820130e-01,4.429000e-03
2.3451714,7.774640e-01,3.982000e-03
2.3451822,7.879750e-01,6.749000e-03
2.3451930,7.973730e-01,6.593000e-03
2.3452037,7.915030e-01,4.125000e-03
2.3452145,7.889150e-01,4.105000e-03
2.3452253,7.913140e-01,6.085000e-03
2.3452361,7.811780e-01,6.154000e-03
2.3452468,7.954220e-01,7.999000e-03
2.3452576,7.780200e-01,6.113000e-03
2.3452684,7.805000e-01,7.143000e-03
2.3452792,7.960040e-01,7.151000e-03
2.3452899,7.915130e-01,6.975000e-03
2.3453007,7.877150e-01,6.377000e-03
2.3453115,7.878630e-01,6.947000e-03
2.3453222,7.683690e-01,5.736000e-03
